--
-- PostgreSQL database dump
--

\restrict gjp8bcwYRJKhLR0vq2zaUUvyKAMEW6OfTNXHev2JVBpL7TNOjiDCUseD2uWsNdA

-- Dumped from database version 18.0
-- Dumped by pg_dump version 18.0

-- Started on 2026-04-16 09:38:09

SET statement_timeout = 0;
SET lock_timeout = 0;
SET idle_in_transaction_session_timeout = 0;
SET transaction_timeout = 0;
SET client_encoding = 'UTF8';
SET standard_conforming_strings = on;
SELECT pg_catalog.set_config('search_path', '', false);
SET check_function_bodies = false;
SET xmloption = content;
SET client_min_messages = warning;
SET row_security = off;

SET default_tablespace = '';

SET default_table_access_method = heap;

--
-- TOC entry 219 (class 1259 OID 110161)
-- Name: AspNetRoleClaims; Type: TABLE; Schema: public; Owner: postgres
--

CREATE TABLE public."AspNetRoleClaims" (
    "Id" integer NOT NULL,
    "RoleId" text NOT NULL,
    "ClaimType" text,
    "ClaimValue" text
);


ALTER TABLE public."AspNetRoleClaims" OWNER TO postgres;

--
-- TOC entry 220 (class 1259 OID 110168)
-- Name: AspNetRoleClaims_Id_seq; Type: SEQUENCE; Schema: public; Owner: postgres
--

ALTER TABLE public."AspNetRoleClaims" ALTER COLUMN "Id" ADD GENERATED BY DEFAULT AS IDENTITY (
    SEQUENCE NAME public."AspNetRoleClaims_Id_seq"
    START WITH 1
    INCREMENT BY 1
    NO MINVALUE
    NO MAXVALUE
    CACHE 1
);


--
-- TOC entry 221 (class 1259 OID 110169)
-- Name: AspNetRoles; Type: TABLE; Schema: public; Owner: postgres
--

CREATE TABLE public."AspNetRoles" (
    "Id" text NOT NULL,
    "Name" character varying(256),
    "NormalizedName" character varying(256),
    "ConcurrencyStamp" text
);


ALTER TABLE public."AspNetRoles" OWNER TO postgres;

--
-- TOC entry 222 (class 1259 OID 110175)
-- Name: AspNetUserClaims; Type: TABLE; Schema: public; Owner: postgres
--

CREATE TABLE public."AspNetUserClaims" (
    "Id" integer NOT NULL,
    "UserId" text NOT NULL,
    "ClaimType" text,
    "ClaimValue" text
);


ALTER TABLE public."AspNetUserClaims" OWNER TO postgres;

--
-- TOC entry 223 (class 1259 OID 110182)
-- Name: AspNetUserClaims_Id_seq; Type: SEQUENCE; Schema: public; Owner: postgres
--

ALTER TABLE public."AspNetUserClaims" ALTER COLUMN "Id" ADD GENERATED BY DEFAULT AS IDENTITY (
    SEQUENCE NAME public."AspNetUserClaims_Id_seq"
    START WITH 1
    INCREMENT BY 1
    NO MINVALUE
    NO MAXVALUE
    CACHE 1
);


--
-- TOC entry 224 (class 1259 OID 110183)
-- Name: AspNetUserLogins; Type: TABLE; Schema: public; Owner: postgres
--

CREATE TABLE public."AspNetUserLogins" (
    "LoginProvider" text NOT NULL,
    "ProviderKey" text NOT NULL,
    "ProviderDisplayName" text,
    "UserId" text NOT NULL
);


ALTER TABLE public."AspNetUserLogins" OWNER TO postgres;

--
-- TOC entry 225 (class 1259 OID 110191)
-- Name: AspNetUserRoles; Type: TABLE; Schema: public; Owner: postgres
--

CREATE TABLE public."AspNetUserRoles" (
    "UserId" text NOT NULL,
    "RoleId" text NOT NULL
);


ALTER TABLE public."AspNetUserRoles" OWNER TO postgres;

--
-- TOC entry 226 (class 1259 OID 110198)
-- Name: AspNetUserTokens; Type: TABLE; Schema: public; Owner: postgres
--

CREATE TABLE public."AspNetUserTokens" (
    "UserId" text NOT NULL,
    "LoginProvider" text NOT NULL,
    "Name" text NOT NULL,
    "Value" text
);


ALTER TABLE public."AspNetUserTokens" OWNER TO postgres;

--
-- TOC entry 227 (class 1259 OID 110206)
-- Name: AspNetUsers; Type: TABLE; Schema: public; Owner: postgres
--

CREATE TABLE public."AspNetUsers" (
    "Id" text NOT NULL,
    "FullName" text NOT NULL,
    "DateOfBirth" timestamp with time zone NOT NULL,
    "Address" text NOT NULL,
    "City" text NOT NULL,
    "PostalCode" text NOT NULL,
    "ProfilePictureId" uuid,
    "Introduction" text,
    "Nickname" text,
    "UserName" character varying(256),
    "NormalizedUserName" character varying(256),
    "Email" character varying(256),
    "NormalizedEmail" character varying(256),
    "EmailConfirmed" boolean NOT NULL,
    "PasswordHash" text,
    "SecurityStamp" text,
    "ConcurrencyStamp" text,
    "PhoneNumber" text,
    "PhoneNumberConfirmed" boolean NOT NULL,
    "TwoFactorEnabled" boolean NOT NULL,
    "LockoutEnd" timestamp with time zone,
    "LockoutEnabled" boolean NOT NULL,
    "AccessFailedCount" integer NOT NULL
);


ALTER TABLE public."AspNetUsers" OWNER TO postgres;

--
-- TOC entry 228 (class 1259 OID 110222)
-- Name: Cities; Type: TABLE; Schema: public; Owner: postgres
--

CREATE TABLE public."Cities" (
    "Id" uuid NOT NULL,
    "CityName" text NOT NULL,
    "PostalCode" character(4) NOT NULL
);


ALTER TABLE public."Cities" OWNER TO postgres;

--
-- TOC entry 229 (class 1259 OID 110230)
-- Name: Currencies; Type: TABLE; Schema: public; Owner: postgres
--

CREATE TABLE public."Currencies" (
    "Id" uuid NOT NULL,
    "Name" text NOT NULL,
    "CurrencyCode" text NOT NULL,
    "CurrencySymbol" text NOT NULL
);


ALTER TABLE public."Currencies" OWNER TO postgres;

--
-- TOC entry 230 (class 1259 OID 110239)
-- Name: PreferenceGroups; Type: TABLE; Schema: public; Owner: postgres
--

CREATE TABLE public."PreferenceGroups" (
    "Id" integer NOT NULL,
    "Name" text NOT NULL
);


ALTER TABLE public."PreferenceGroups" OWNER TO postgres;

--
-- TOC entry 231 (class 1259 OID 110246)
-- Name: PreferenceGroups_Id_seq; Type: SEQUENCE; Schema: public; Owner: postgres
--

ALTER TABLE public."PreferenceGroups" ALTER COLUMN "Id" ADD GENERATED BY DEFAULT AS IDENTITY (
    SEQUENCE NAME public."PreferenceGroups_Id_seq"
    START WITH 1
    INCREMENT BY 1
    NO MINVALUE
    NO MAXVALUE
    CACHE 1
);


--
-- TOC entry 232 (class 1259 OID 110247)
-- Name: Preferences; Type: TABLE; Schema: public; Owner: postgres
--

CREATE TABLE public."Preferences" (
    "Id" integer NOT NULL,
    "Name" text NOT NULL,
    "PreferenceGroupId" integer NOT NULL
);


ALTER TABLE public."Preferences" OWNER TO postgres;

--
-- TOC entry 233 (class 1259 OID 110255)
-- Name: Preferences_Id_seq; Type: SEQUENCE; Schema: public; Owner: postgres
--

ALTER TABLE public."Preferences" ALTER COLUMN "Id" ADD GENERATED BY DEFAULT AS IDENTITY (
    SEQUENCE NAME public."Preferences_Id_seq"
    START WITH 1
    INCREMENT BY 1
    NO MINVALUE
    NO MAXVALUE
    CACHE 1
);


--
-- TOC entry 234 (class 1259 OID 110256)
-- Name: RefreshTokens; Type: TABLE; Schema: public; Owner: postgres
--

CREATE TABLE public."RefreshTokens" (
    "Id" integer NOT NULL,
    "Token" text NOT NULL,
    "UserId" text NOT NULL,
    "ExpiresAt" timestamp with time zone NOT NULL,
    "IsRevoked" boolean NOT NULL,
    "CreatedAt" timestamp with time zone NOT NULL
);


ALTER TABLE public."RefreshTokens" OWNER TO postgres;

--
-- TOC entry 235 (class 1259 OID 110267)
-- Name: RefreshTokens_Id_seq; Type: SEQUENCE; Schema: public; Owner: postgres
--

ALTER TABLE public."RefreshTokens" ALTER COLUMN "Id" ADD GENERATED BY DEFAULT AS IDENTITY (
    SEQUENCE NAME public."RefreshTokens_Id_seq"
    START WITH 1
    INCREMENT BY 1
    NO MINVALUE
    NO MAXVALUE
    CACHE 1
);


--
-- TOC entry 236 (class 1259 OID 110268)
-- Name: UserPreferences; Type: TABLE; Schema: public; Owner: postgres
--

CREATE TABLE public."UserPreferences" (
    "UserId" text NOT NULL,
    "PreferenceId" integer NOT NULL
);


ALTER TABLE public."UserPreferences" OWNER TO postgres;

--
-- TOC entry 237 (class 1259 OID 110275)
-- Name: __EFMigrationsHistory; Type: TABLE; Schema: public; Owner: postgres
--

CREATE TABLE public."__EFMigrationsHistory" (
    "MigrationId" character varying(150) NOT NULL,
    "ProductVersion" character varying(32) NOT NULL
);


ALTER TABLE public."__EFMigrationsHistory" OWNER TO postgres;

--
-- TOC entry 238 (class 1259 OID 110280)
-- Name: chat_messages; Type: TABLE; Schema: public; Owner: postgres
--

CREATE TABLE public.chat_messages (
    "Id" uuid NOT NULL,
    "SenderId" text NOT NULL,
    "Text" text NOT NULL,
    "ChatId" uuid NOT NULL,
    "CreatedAt" timestamp with time zone NOT NULL,
    "UpdatedAt" timestamp with time zone,
    "ReadAt" timestamp with time zone
);


ALTER TABLE public.chat_messages OWNER TO postgres;

--
-- TOC entry 239 (class 1259 OID 110290)
-- Name: chat_rooms; Type: TABLE; Schema: public; Owner: postgres
--

CREATE TABLE public.chat_rooms (
    "Id" uuid NOT NULL,
    "StudentId" text,
    "TeacherId" text,
    "CreatedAt" timestamp with time zone NOT NULL,
    "UpdatedAt" timestamp with time zone
);


ALTER TABLE public.chat_rooms OWNER TO postgres;

--
-- TOC entry 240 (class 1259 OID 110297)
-- Name: community_messages; Type: TABLE; Schema: public; Owner: postgres
--

CREATE TABLE public.community_messages (
    "Id" uuid NOT NULL,
    "SenderId" text NOT NULL,
    "Text" text NOT NULL,
    "ThreadId" uuid NOT NULL,
    "CreatedAt" timestamp with time zone NOT NULL,
    "UpdatedAt" timestamp with time zone
);


ALTER TABLE public.community_messages OWNER TO postgres;

--
-- TOC entry 241 (class 1259 OID 110307)
-- Name: community_threads; Type: TABLE; Schema: public; Owner: postgres
--

CREATE TABLE public.community_threads (
    "Id" uuid NOT NULL,
    "CourseId" uuid NOT NULL,
    "TeacherId" text NOT NULL,
    "CreatedAt" timestamp with time zone NOT NULL,
    "UpdatedAt" timestamp with time zone
);


ALTER TABLE public.community_threads OWNER TO postgres;

--
-- TOC entry 242 (class 1259 OID 110316)
-- Name: content_items; Type: TABLE; Schema: public; Owner: postgres
--

CREATE TABLE public.content_items (
    "Id" uuid NOT NULL,
    "DisplayedName" character varying(255) NOT NULL,
    "FolderId" uuid NOT NULL,
    "Type" character varying(50) NOT NULL,
    "Description" text,
    "FileId" uuid,
    "TestId" uuid,
    "CreatedAt" timestamp with time zone NOT NULL,
    "UpdatedAt" timestamp with time zone,
    CONSTRAINT "CK_ContentItem_SingleContext" CHECK ((((("FileId" IS NOT NULL))::integer + (("TestId" IS NOT NULL))::integer) = 1))
);


ALTER TABLE public.content_items OWNER TO postgres;

--
-- TOC entry 243 (class 1259 OID 110327)
-- Name: course_domains; Type: TABLE; Schema: public; Owner: postgres
--

CREATE TABLE public.course_domains (
    "Id" uuid NOT NULL,
    "Name" character varying(100) NOT NULL,
    "CreatedAt" timestamp with time zone NOT NULL,
    "UpdatedAt" timestamp with time zone
);


ALTER TABLE public.course_domains OWNER TO postgres;

--
-- TOC entry 244 (class 1259 OID 110333)
-- Name: course_feedbacks; Type: TABLE; Schema: public; Owner: postgres
--

CREATE TABLE public.course_feedbacks (
    "Id" uuid NOT NULL,
    "CourseId" uuid NOT NULL,
    "ReviewerId" text NOT NULL,
    "Recommended" boolean NOT NULL,
    "Text" text NOT NULL,
    "WallId" uuid,
    "EnrollmentId" uuid,
    "ReviewScore" integer NOT NULL,
    "CreatedAt" timestamp with time zone NOT NULL,
    "UpdatedAt" timestamp with time zone,
    CONSTRAINT "CK_CourseReviews_SingleContext" CHECK ((("WallId" IS NOT NULL) OR ("EnrollmentId" IS NOT NULL)))
);


ALTER TABLE public.course_feedbacks OWNER TO postgres;

--
-- TOC entry 245 (class 1259 OID 110346)
-- Name: course_levels; Type: TABLE; Schema: public; Owner: postgres
--

CREATE TABLE public.course_levels (
    "Id" uuid NOT NULL,
    "Name" character varying(100) NOT NULL,
    "CreatedAt" timestamp with time zone NOT NULL,
    "UpdatedAt" timestamp with time zone
);


ALTER TABLE public.course_levels OWNER TO postgres;

--
-- TOC entry 246 (class 1259 OID 110352)
-- Name: course_tags; Type: TABLE; Schema: public; Owner: postgres
--

CREATE TABLE public.course_tags (
    "Id" uuid NOT NULL,
    "Name" character varying(100) NOT NULL,
    "CreatedAt" timestamp with time zone NOT NULL,
    "UpdatedAt" timestamp with time zone
);


ALTER TABLE public.course_tags OWNER TO postgres;

--
-- TOC entry 247 (class 1259 OID 110358)
-- Name: course_to_places; Type: TABLE; Schema: public; Owner: postgres
--

CREATE TABLE public.course_to_places (
    "Id" uuid NOT NULL,
    "CourseId" uuid NOT NULL,
    "PlaceId" uuid,
    "Online" boolean NOT NULL,
    "CreatedAt" timestamp with time zone NOT NULL,
    "UpdatedAt" timestamp with time zone
);


ALTER TABLE public.course_to_places OWNER TO postgres;

--
-- TOC entry 248 (class 1259 OID 110365)
-- Name: courses_base; Type: TABLE; Schema: public; Owner: postgres
--

CREATE TABLE public.courses_base (
    "Id" uuid NOT NULL,
    "TeacherId" text NOT NULL,
    "CourseName" character varying(200) NOT NULL,
    "Description" text NOT NULL,
    "TokenMinuteValue" integer NOT NULL,
    "Type" character varying(50) NOT NULL,
    "CourseDomainId" uuid NOT NULL,
    "CourseLevelId" uuid NOT NULL,
    "Price" numeric(18,2) NOT NULL,
    "FirstConsultationFree" boolean NOT NULL,
    "PriceCurrencyId" uuid NOT NULL,
    "Status" character varying(50) NOT NULL,
    "IconImageId" uuid,
    "BannerImageId" uuid,
    "CreatedAt" timestamp with time zone NOT NULL,
    "UpdatedAt" timestamp with time zone
);


ALTER TABLE public.courses_base OWNER TO postgres;

--
-- TOC entry 249 (class 1259 OID 110383)
-- Name: courses_to_languages; Type: TABLE; Schema: public; Owner: postgres
--

CREATE TABLE public.courses_to_languages (
    "CourseId" uuid NOT NULL,
    "LanguageId" uuid NOT NULL
);


ALTER TABLE public.courses_to_languages OWNER TO postgres;

--
-- TOC entry 250 (class 1259 OID 110388)
-- Name: courses_to_tags; Type: TABLE; Schema: public; Owner: postgres
--

CREATE TABLE public.courses_to_tags (
    "TagId" uuid NOT NULL,
    "CourseId" uuid NOT NULL
);


ALTER TABLE public.courses_to_tags OWNER TO postgres;

--
-- TOC entry 251 (class 1259 OID 110393)
-- Name: events; Type: TABLE; Schema: public; Owner: postgres
--

CREATE TABLE public.events (
    "Id" uuid NOT NULL,
    "OrganiserId" text NOT NULL,
    "Type" character varying(50) NOT NULL,
    "StartTime" timestamp with time zone NOT NULL,
    "EndTime" timestamp with time zone NOT NULL,
    "CourseBaseId" uuid NOT NULL,
    "TutoringWallId" uuid,
    "PathEnrollmentId" uuid,
    "Title" character varying(100),
    "Description" text,
    "CreatedAt" timestamp with time zone NOT NULL,
    "UpdatedAt" timestamp with time zone,
    CONSTRAINT "CK_Events_SingleContext" CHECK ((("CourseBaseId" IS NOT NULL) AND ((("PathEnrollmentId" IS NOT NULL) AND ("TutoringWallId" IS NULL)) OR (("TutoringWallId" IS NOT NULL) AND ("PathEnrollmentId" IS NULL)) OR (("PathEnrollmentId" IS NULL) AND ("TutoringWallId" IS NULL)))))
);


ALTER TABLE public.events OWNER TO postgres;

--
-- TOC entry 252 (class 1259 OID 110406)
-- Name: folders; Type: TABLE; Schema: public; Owner: postgres
--

CREATE TABLE public.folders (
    "Id" uuid NOT NULL,
    "Name" character varying(200) NOT NULL,
    "ParentFolderId" uuid,
    "OwnerId" character varying(450) NOT NULL,
    "CreatedAt" timestamp with time zone NOT NULL,
    "UpdatedAt" timestamp with time zone
);


ALTER TABLE public.folders OWNER TO postgres;

--
-- TOC entry 253 (class 1259 OID 110415)
-- Name: hand_in_feedbacks; Type: TABLE; Schema: public; Owner: postgres
--

CREATE TABLE public.hand_in_feedbacks (
    "Id" uuid NOT NULL,
    "Text" text,
    "Grade" integer,
    "Points" integer,
    "SubmissionId" uuid NOT NULL,
    "GraderId" text NOT NULL,
    "TeacherId" text,
    "CreatedAt" timestamp with time zone NOT NULL,
    "UpdatedAt" timestamp with time zone
);


ALTER TABLE public.hand_in_feedbacks OWNER TO postgres;

--
-- TOC entry 254 (class 1259 OID 110424)
-- Name: hand_ins; Type: TABLE; Schema: public; Owner: postgres
--

CREATE TABLE public.hand_ins (
    "Id" uuid NOT NULL,
    "Title" text NOT NULL,
    "DueDate" timestamp with time zone,
    "Type" character varying(50) NOT NULL,
    "MaxPoints" integer,
    "WallId" uuid NOT NULL,
    "CreatedAt" timestamp with time zone NOT NULL,
    "UpdatedAt" timestamp with time zone
);


ALTER TABLE public.hand_ins OWNER TO postgres;

--
-- TOC entry 255 (class 1259 OID 110434)
-- Name: invoices; Type: TABLE; Schema: public; Owner: postgres
--

CREATE TABLE public.invoices (
    "Id" uuid NOT NULL,
    "TokenCount" integer NOT NULL,
    "WallId" uuid,
    "EnrollmentId" uuid,
    "Status" character varying(50) NOT NULL,
    "PaidPrice" numeric(18,2) NOT NULL,
    "CurrencyId" uuid NOT NULL,
    "UserId" text NOT NULL,
    "CreatedAt" timestamp with time zone NOT NULL,
    "UpdatedAt" timestamp with time zone,
    "TeacherId" text DEFAULT ''::text NOT NULL,
    CONSTRAINT "CK_Invoices_SingleContext" CHECK ((((("WallId" IS NOT NULL))::integer + (("EnrollmentId" IS NOT NULL))::integer) = 1))
);


ALTER TABLE public.invoices OWNER TO postgres;

--
-- TOC entry 256 (class 1259 OID 110449)
-- Name: languages; Type: TABLE; Schema: public; Owner: postgres
--

CREATE TABLE public.languages (
    "Id" uuid NOT NULL,
    "Name" character varying(100) NOT NULL,
    "CreatedAt" timestamp with time zone NOT NULL,
    "UpdatedAt" timestamp with time zone
);


ALTER TABLE public.languages OWNER TO postgres;

--
-- TOC entry 257 (class 1259 OID 110455)
-- Name: learning_path_units; Type: TABLE; Schema: public; Owner: postgres
--

CREATE TABLE public.learning_path_units (
    "Id" uuid NOT NULL,
    "CourseId" uuid NOT NULL,
    "Name" character varying(200) NOT NULL,
    "Description" text NOT NULL,
    "CreatedAt" timestamp with time zone NOT NULL,
    "UpdatedAt" timestamp with time zone
);


ALTER TABLE public.learning_path_units OWNER TO postgres;

--
-- TOC entry 258 (class 1259 OID 110465)
-- Name: lessons; Type: TABLE; Schema: public; Owner: postgres
--

CREATE TABLE public.lessons (
    "Id" uuid NOT NULL,
    "UnitId" uuid NOT NULL,
    "Title" character varying(200) NOT NULL,
    "Description" text NOT NULL,
    "HandInId" uuid,
    "CreatedAt" timestamp with time zone NOT NULL,
    "UpdatedAt" timestamp with time zone
);


ALTER TABLE public.lessons OWNER TO postgres;

--
-- TOC entry 259 (class 1259 OID 110475)
-- Name: lessons_to_contents; Type: TABLE; Schema: public; Owner: postgres
--

CREATE TABLE public.lessons_to_contents (
    "LessonId" uuid NOT NULL,
    "ContentId" uuid NOT NULL
);


ALTER TABLE public.lessons_to_contents OWNER TO postgres;

--
-- TOC entry 260 (class 1259 OID 110480)
-- Name: notifications; Type: TABLE; Schema: public; Owner: postgres
--

CREATE TABLE public.notifications (
    "Id" uuid NOT NULL,
    "RecipientId" text NOT NULL,
    "SenderId" text,
    "Message" character varying(500),
    "Type" character varying(50) NOT NULL,
    "ReferenceId" uuid NOT NULL,
    "ReferenceText" text,
    "IsRead" boolean NOT NULL,
    "ReadAt" timestamp with time zone,
    "CreatedAt" timestamp with time zone NOT NULL,
    "UpdatedAt" timestamp with time zone
);


ALTER TABLE public.notifications OWNER TO postgres;

--
-- TOC entry 261 (class 1259 OID 110491)
-- Name: path_enrollments; Type: TABLE; Schema: public; Owner: postgres
--

CREATE TABLE public.path_enrollments (
    "Id" uuid NOT NULL,
    "CourseId" uuid NOT NULL,
    "AttendantId" text NOT NULL,
    "LastLessonId" uuid,
    "Status" character varying(50) NOT NULL,
    "TokenCount" integer NOT NULL,
    "CreatedAt" timestamp with time zone NOT NULL,
    "UpdatedAt" timestamp with time zone
);


ALTER TABLE public.path_enrollments OWNER TO postgres;

--
-- TOC entry 262 (class 1259 OID 110502)
-- Name: physical_files; Type: TABLE; Schema: public; Owner: postgres
--

CREATE TABLE public.physical_files (
    "Id" uuid NOT NULL,
    "StoragePath" text NOT NULL,
    "FileName" text NOT NULL,
    "MimeType" character varying(100) NOT NULL,
    "Size" numeric NOT NULL,
    "CreatedAt" timestamp with time zone NOT NULL,
    "UpdatedAt" timestamp with time zone,
    "OwnerId" text DEFAULT ''::text NOT NULL
);


ALTER TABLE public.physical_files OWNER TO postgres;

--
-- TOC entry 263 (class 1259 OID 110513)
-- Name: qualifications; Type: TABLE; Schema: public; Owner: postgres
--

CREATE TABLE public.qualifications (
    "Id" uuid NOT NULL,
    "TeacherId" text NOT NULL,
    "FileId" uuid NOT NULL,
    "Approved" boolean NOT NULL,
    "QualificationType" character varying(255) NOT NULL,
    "CreatedAt" timestamp with time zone NOT NULL,
    "UpdatedAt" timestamp with time zone
);


ALTER TABLE public.qualifications OWNER TO postgres;

--
-- TOC entry 264 (class 1259 OID 110524)
-- Name: students; Type: TABLE; Schema: public; Owner: postgres
--

CREATE TABLE public.students (
    "UserId" text NOT NULL
);


ALTER TABLE public.students OWNER TO postgres;

--
-- TOC entry 265 (class 1259 OID 110530)
-- Name: submission_attachments; Type: TABLE; Schema: public; Owner: postgres
--

CREATE TABLE public.submission_attachments (
    "Id" uuid NOT NULL,
    "SubmissionId" uuid NOT NULL,
    "ContentId" uuid NOT NULL,
    "CreatedAt" timestamp with time zone NOT NULL,
    "UpdatedAt" timestamp with time zone
);


ALTER TABLE public.submission_attachments OWNER TO postgres;

--
-- TOC entry 266 (class 1259 OID 110537)
-- Name: submissions; Type: TABLE; Schema: public; Owner: postgres
--

CREATE TABLE public.submissions (
    "Id" uuid NOT NULL,
    "Text" text,
    "HandInId" uuid NOT NULL,
    "SubmitterId" text NOT NULL,
    "TeacherId" text,
    "CreatedAt" timestamp with time zone NOT NULL,
    "UpdatedAt" timestamp with time zone
);


ALTER TABLE public.submissions OWNER TO postgres;

--
-- TOC entry 267 (class 1259 OID 110546)
-- Name: teacher_timeblocks; Type: TABLE; Schema: public; Owner: postgres
--

CREATE TABLE public.teacher_timeblocks (
    "Id" uuid NOT NULL,
    "TeacherId" text NOT NULL,
    "Start" timestamp with time zone NOT NULL,
    "End" timestamp with time zone NOT NULL,
    "CreatedAt" timestamp with time zone NOT NULL,
    "UpdatedAt" timestamp with time zone
);


ALTER TABLE public.teacher_timeblocks OWNER TO postgres;

--
-- TOC entry 268 (class 1259 OID 110556)
-- Name: teachers; Type: TABLE; Schema: public; Owner: postgres
--

CREATE TABLE public.teachers (
    "TeacherId" text NOT NULL
);


ALTER TABLE public.teachers OWNER TO postgres;

--
-- TOC entry 269 (class 1259 OID 110562)
-- Name: test_module_answers; Type: TABLE; Schema: public; Owner: postgres
--

CREATE TABLE public.test_module_answers (
    "Id" uuid NOT NULL,
    "ModuleId" uuid NOT NULL,
    "Text" character varying(255) NOT NULL,
    "IsCorrect" boolean NOT NULL,
    "CreatedAt" timestamp with time zone NOT NULL,
    "UpdatedAt" timestamp with time zone
);


ALTER TABLE public.test_module_answers OWNER TO postgres;

--
-- TOC entry 270 (class 1259 OID 110570)
-- Name: test_modules; Type: TABLE; Schema: public; Owner: postgres
--

CREATE TABLE public.test_modules (
    "Id" uuid NOT NULL,
    "TestId" uuid NOT NULL,
    "Type" character varying(50) NOT NULL,
    "Task" character varying(255) NOT NULL,
    "Description" character varying(500) NOT NULL,
    "MaxPoints" integer,
    "CreatedAt" timestamp with time zone NOT NULL,
    "UpdatedAt" timestamp with time zone
);


ALTER TABLE public.test_modules OWNER TO postgres;

--
-- TOC entry 271 (class 1259 OID 110581)
-- Name: tests; Type: TABLE; Schema: public; Owner: postgres
--

CREATE TABLE public.tests (
    "Id" uuid NOT NULL,
    "MaxTime" time without time zone,
    "CreatedAt" timestamp with time zone NOT NULL,
    "UpdatedAt" timestamp with time zone
);


ALTER TABLE public.tests OWNER TO postgres;

--
-- TOC entry 272 (class 1259 OID 110586)
-- Name: token_transactions; Type: TABLE; Schema: public; Owner: postgres
--

CREATE TABLE public.token_transactions (
    "Id" uuid NOT NULL,
    "TokenCount" integer NOT NULL,
    "WallId" uuid,
    "EnrollmentId" uuid,
    "InvoiceId" uuid,
    "Type" character varying(50) NOT NULL,
    "CreatedAt" timestamp with time zone NOT NULL,
    "UpdatedAt" timestamp with time zone,
    CONSTRAINT "CK_TokenTransaction_SingleContext" CHECK ((((("WallId" IS NOT NULL))::integer + (("EnrollmentId" IS NOT NULL))::integer) = 1))
);


ALTER TABLE public.token_transactions OWNER TO postgres;

--
-- TOC entry 273 (class 1259 OID 110594)
-- Name: tutoring_wall_post_attachments; Type: TABLE; Schema: public; Owner: postgres
--

CREATE TABLE public.tutoring_wall_post_attachments (
    "WallPostId" uuid NOT NULL,
    "ContentId" uuid NOT NULL
);


ALTER TABLE public.tutoring_wall_post_attachments OWNER TO postgres;

--
-- TOC entry 274 (class 1259 OID 110599)
-- Name: tutoring_wall_posts; Type: TABLE; Schema: public; Owner: postgres
--

CREATE TABLE public.tutoring_wall_posts (
    "Id" uuid NOT NULL,
    "WallId" uuid NOT NULL,
    "Text" text,
    "HandInId" uuid,
    "CreatedAt" timestamp with time zone NOT NULL,
    "UpdatedAt" timestamp with time zone
);


ALTER TABLE public.tutoring_wall_posts OWNER TO postgres;

--
-- TOC entry 275 (class 1259 OID 110607)
-- Name: tutoring_walls; Type: TABLE; Schema: public; Owner: postgres
--

CREATE TABLE public.tutoring_walls (
    "Id" uuid NOT NULL,
    "StudentId" text NOT NULL,
    "TeacherId" text NOT NULL,
    "CourseId" uuid NOT NULL,
    "Status" character varying(50) NOT NULL,
    "TokenCount" integer NOT NULL,
    "CreatedAt" timestamp with time zone NOT NULL,
    "UpdatedAt" timestamp with time zone
);


ALTER TABLE public.tutoring_walls OWNER TO postgres;

--
-- TOC entry 276 (class 1259 OID 110619)
-- Name: wall_post_comments; Type: TABLE; Schema: public; Owner: postgres
--

CREATE TABLE public.wall_post_comments (
    "Id" uuid NOT NULL,
    "SenderId" text NOT NULL,
    "WallId" uuid NOT NULL,
    "PostId" uuid NOT NULL,
    "Text" text NOT NULL,
    "CreatedAt" timestamp with time zone NOT NULL,
    "UpdatedAt" timestamp with time zone
);


ALTER TABLE public.wall_post_comments OWNER TO postgres;

--
-- TOC entry 5497 (class 0 OID 110161)
-- Dependencies: 219
-- Data for Name: AspNetRoleClaims; Type: TABLE DATA; Schema: public; Owner: postgres
--

COPY public."AspNetRoleClaims" ("Id", "RoleId", "ClaimType", "ClaimValue") FROM stdin;
\.


--
-- TOC entry 5499 (class 0 OID 110169)
-- Dependencies: 221
-- Data for Name: AspNetRoles; Type: TABLE DATA; Schema: public; Owner: postgres
--

COPY public."AspNetRoles" ("Id", "Name", "NormalizedName", "ConcurrencyStamp") FROM stdin;
f99c2f82-7bbc-49dc-8577-eada9a27d72d	Admin	ADMIN	40fb9f4a-253e-4fb7-8293-1766344c1073
d9a237a2-3496-4b48-b53d-7945528a93b9	Teacher	TEACHER	21acec00-afe3-48f1-bc59-1e92d45da4ae
097f497d-8239-4e0f-9ee3-bdcb65deb2db	Student	STUDENT	9c25946a-dc76-4edd-a2ad-c8002424292c
7f86a4c1-3b9c-4f64-8030-07f4f33e2e0b	Parent	PARENT	2739e19f-bb8e-456a-bf7a-9782fb12843b
\.


--
-- TOC entry 5500 (class 0 OID 110175)
-- Dependencies: 222
-- Data for Name: AspNetUserClaims; Type: TABLE DATA; Schema: public; Owner: postgres
--

COPY public."AspNetUserClaims" ("Id", "UserId", "ClaimType", "ClaimValue") FROM stdin;
\.


--
-- TOC entry 5502 (class 0 OID 110183)
-- Dependencies: 224
-- Data for Name: AspNetUserLogins; Type: TABLE DATA; Schema: public; Owner: postgres
--

COPY public."AspNetUserLogins" ("LoginProvider", "ProviderKey", "ProviderDisplayName", "UserId") FROM stdin;
\.


--
-- TOC entry 5503 (class 0 OID 110191)
-- Dependencies: 225
-- Data for Name: AspNetUserRoles; Type: TABLE DATA; Schema: public; Owner: postgres
--

COPY public."AspNetUserRoles" ("UserId", "RoleId") FROM stdin;
11089deb-9b73-4c0b-815b-962bf1f4aaaa	d9a237a2-3496-4b48-b53d-7945528a93b9
1b89d161-40eb-4e33-b9d7-358fb7f943eb	d9a237a2-3496-4b48-b53d-7945528a93b9
da5211b8-381a-4f4f-a51e-a053765e5563	097f497d-8239-4e0f-9ee3-bdcb65deb2db
629ae0aa-4498-4520-b0ec-b88495f3cd11	097f497d-8239-4e0f-9ee3-bdcb65deb2db
aac410fd-4478-44c0-a9b9-c0559e0fa2ce	097f497d-8239-4e0f-9ee3-bdcb65deb2db
824c3fcd-786a-4a64-a3bc-4c058b04e492	097f497d-8239-4e0f-9ee3-bdcb65deb2db
\.


--
-- TOC entry 5504 (class 0 OID 110198)
-- Dependencies: 226
-- Data for Name: AspNetUserTokens; Type: TABLE DATA; Schema: public; Owner: postgres
--

COPY public."AspNetUserTokens" ("UserId", "LoginProvider", "Name", "Value") FROM stdin;
\.


--
-- TOC entry 5505 (class 0 OID 110206)
-- Dependencies: 227
-- Data for Name: AspNetUsers; Type: TABLE DATA; Schema: public; Owner: postgres
--

COPY public."AspNetUsers" ("Id", "FullName", "DateOfBirth", "Address", "City", "PostalCode", "ProfilePictureId", "Introduction", "Nickname", "UserName", "NormalizedUserName", "Email", "NormalizedEmail", "EmailConfirmed", "PasswordHash", "SecurityStamp", "ConcurrencyStamp", "PhoneNumber", "PhoneNumberConfirmed", "TwoFactorEnabled", "LockoutEnd", "LockoutEnabled", "AccessFailedCount") FROM stdin;
1b89d161-40eb-4e33-b9d7-358fb7f943eb	Zsibongó János	1990-10-10 01:00:00+01	Petőfi utca 74	Debrecen	5252	\N	A fizika mindennek a kulcsa! Fizika és kémia tanár, középiskolában tanítok.	\N	zsibjani@fmail.hu	ZSIBJANI@FMAIL.HU	zsibjani@fmail.hu	ZSIBJANI@FMAIL.HU	f	AQAAAAIAAYagAAAAEM8uX1szg6lM6K4AukzfOPgpeL2WORMFfUG0fGyT+FJ/rc4goA7X4bdcYzmiES8V1g==	GY4GMUV4CY3YSRGZGSII6CDLYDNXB356	4565fd3b-ed34-4006-9a20-e902df4b112b	\N	f	f	\N	t	0
629ae0aa-4498-4520-b0ec-b88495f3cd11	Fülöp Mátyás	2006-01-09 07:04:37.293+01	Zsadányi utca 32.	Nagykereki	4127	\N	Középiskolai diák, aki nagy lelkesedéssel tanul új dolgokat.	Matyi	matyas.fulop@gmail.com	MATYAS.FULOP@GMAIL.COM	matyas.fulop@gmail.com	MATYAS.FULOP@GMAIL.COM	f	AQAAAAIAAYagAAAAEMUVRmd8av7psjMSPCoL0eZQP3KddVx1CIiUjKBd3L6nkQ4+/96sw7D4eEL/o461BA==	W56BRYTN6QTTMOMXIZ5TDFGTNWOGEADI	0e0ba293-9fab-4f7d-9c10-34ee9214ed2f	\N	f	f	\N	t	0
aac410fd-4478-44c0-a9b9-c0559e0fa2ce	János Mátyás	2006-04-12 00:00:00+02	Vasút u. 22	Kiskőrös	6200	\N	Lorem ipsum dolor sit amet, consectetuer adipiscing elit. Aenean commodo ligula eget dolor. Aenean massa. Cum sociis natoque penatibus et magnis dis parturient montes, nascetur ridiculus mus. Donec quam felis, ultricies nec, pellentesque eu, pretium quis, sem. Nulla consequat massa quis enim. Donec pede justo, fringilla vel, aliquet nec, vulputate eget, arcu. In enim justo, rhoncus ut, imperdiet a, venenatis vitae, justo. Nullam dictum felis eu pede mollis pretium. Integer tincidunt. Cras dapibus. Vivamus elementum semper nisi. Aenean vulputate eleifend tellus. Aenean leo ligula, porttitor eu,	Mityi	veaves@matyi.hu	VEAVES@MATYI.HU	veaves@matyi.hu	VEAVES@MATYI.HU	f	AQAAAAIAAYagAAAAEJfszKA68de0Yh6CzmYN2fnn1fKo/gDf7V6q/d0yMddPOUbe2Kde1wW/unS1Nv0kAg==	P7XDW4HQTDDQNVFHJET2BNHTD44RVI6P	b34637ae-2306-4b07-a0a5-9a652e84729f	\N	f	f	\N	t	0
824c3fcd-786a-4a64-a3bc-4c058b04e492	Szakács Máté	2006-04-14 00:00:00+02	Kiskert utca 52.	Kisapáti	8284	3a12d09a-71ad-4b43-8484-d43ec9bdc1b7	Lorem ipsum dolor sit amet. Est excepturi esse et totam voluptas et adipisci magni non fugiat ullam rem cumque quos eum aperiam aliquid rem officiis eius. In repellat aperiam est dignissimos ipsa et consectetur placeat ut rerum sint et dolorum rerum sit magni quas! Id mollitia optio ut officiis quia sed quos sapiente.	Mátyás	barna.bonaparte.istvan@derecskeholding.hu	BARNA.BONAPARTE.ISTVAN@DERECSKEHOLDING.HU	barna.bonaparte.istvan@derecskeholding.hu	BARNA.BONAPARTE.ISTVAN@DERECSKEHOLDING.HU	f	AQAAAAIAAYagAAAAEEZ4bPn84ROaTOWH5z763QS2R/qE1qz9rSDzDQNHJu37HgDJSmUiCQ0YaKvyZb+6BQ==	L6ISWUYLJAF7T7SU3TCNWDUXKNPFRCMN	2a569856-fe58-4ef6-bf93-7e43debbae0b	\N	f	f	\N	t	0
da5211b8-381a-4f4f-a51e-a053765e5563	Fülöp Roland	2004-01-09 07:04:37.293+01	Zsadányi utca 32.	Nagykereki	4127	b669f8a3-d089-4b86-a864-1b07173a7460	Középiskolai diák, aki nagy lelkesedéssel tanul új dolgokat.	Roli	roland.fulop@gmail.com	ROLAND.FULOP@GMAIL.COM	roland.fulop@gmail.com	ROLAND.FULOP@GMAIL.COM	f	AQAAAAIAAYagAAAAEEUbneMO65Szcj0XY0nNpDtdsVeizBww+jooQpy/croFnEApd4uVHHRh7Tpn2XeBkA==	EKGYCTCRUWUP2SHLWKDPA2WHM5T2VAOL	b4fd3dca-ef0c-49d4-a7af-82a06403bcf9	\N	f	f	\N	t	0
11089deb-9b73-4c0b-815b-962bf1f4aaaa	Makosi László	2000-10-10 02:00:00+02	Habosi utca 74	Debrecen	5252	d5f20aa8-1faa-4c4d-8f36-f5ac0c863c73	A matematika mindennek a kulcsa! Matematika tanár, középiskolában tanítok.	\N	matzika@fmail.hu	MATZIKA@FMAIL.HU	matzika@fmail.hu	MATZIKA@FMAIL.HU	f	AQAAAAIAAYagAAAAEF1q3SlYi0BXygD2zQcBdSMVAiRmQ+e58JI84e6fJljDWzEqxtaHoIR5cYDvNh97Og==	5K4GD3D7HWVNES5E6AEIXWD4MY4RJSK3	d6deedf9-5202-4cc4-a682-d1c334d62663	\N	f	f	\N	t	0
\.


--
-- TOC entry 5506 (class 0 OID 110222)
-- Dependencies: 228
-- Data for Name: Cities; Type: TABLE DATA; Schema: public; Owner: postgres
--

COPY public."Cities" ("Id", "CityName", "PostalCode") FROM stdin;
f6f015c9-57cd-4f83-9d41-d8b8f97e087f	Aba	8127
6971023b-2616-4685-9678-1d09a799d5b6	Abádszalók	5241
278e1d06-7a85-4e14-a5a1-766e61f085e8	Abaliget	7678
1eedbc12-6a68-4948-91e6-676a65a06f45	Abasár	3261
2d03dd84-6188-4317-a9c0-c260b4a3d0e6	Abaújalpár	3882
fedda12e-0eb1-41f1-9b27-680f4b777bb9	Abaújkér	3882
e5d02a3b-75b6-4d61-b7b7-bcde50966394	Abaújlak	3815
90c6bcc7-816e-4109-b614-49c510a2f444	Abaújszántó	3881
bf6769e7-dd86-4428-93d2-f0dbde5443a4	Abaújszolnok	3809
03d8f456-e44d-4a75-9dde-8de9e370ffd1	Abaújvár	3898
ec8b5a56-f4ea-4e39-b395-439f0b234f90	Abda	9151
84fad928-ddb9-4771-a75b-fb7fe2359c30	Abod	3753
3d877c40-2f2f-4004-a99f-6daa5023384c	Abony	2740
218c9e65-a00a-4c51-9736-462338979e93	Ábrahámhegy	8256
e35ab644-be71-478d-a8c9-cf2f9b380a15	Ács	2941
6cfe3c69-1690-4829-8bd7-42f8e74876de	Acsa	2683
f1997f07-0fe1-4857-8a88-296b9a681975	Acsád	9746
c51d6e57-d9ab-4ebc-94ae-7d172b726a51	Acsalag	9168
e3dd451d-f90e-4270-88c0-f1e8a87aa3fa	Ácsteszér	2887
bc53cc4b-a001-4f31-800c-5c9f39e7cb59	Adács	3292
b19dc2f2-5274-45bd-ae61-4935d48ca631	Ádánd	8653
0bcba59d-2c4a-4db0-a199-a7b551c0ac6d	Adásztevel	8561
288453de-f01b-4d5f-91a9-25d7b16c6929	Adony	2457
781b989e-86e1-4d71-aeec-aa964444603a	Adorjánháza	8497
b971b578-e946-4c96-af82-5f702ab679b1	Adorjás	7841
84a75538-0195-4626-87d5-633451cf609a	Ág	7381
e4c54171-ac30-4ab0-86f6-5832724e0ca6	Ágasegyháza	6076
ae5d81a5-2488-4f77-be15-5bd5537981ff	Ágfalva	9423
863bce65-5ad3-465b-9f35-99d3f0a07cb8	Aggtelek	3759
b970b112-1354-4b24-9f24-20910a0fe953	Agyagosszergény	9441
0a20e2b4-8e91-4681-91ba-3570ef577448	Ajak	4524
51325adc-89d7-4027-9e7f-a3b43e1c350b	Ajka	8448
be7edaba-8d7b-480e-b1c2-8fecab7cbe8d	Ajka	8400
d2be553c-b287-4c9b-83cb-ba3ddc776366	Ajka	8447
52e3e13d-eef3-47c1-81a1-d097d25b78e8	Ajka	8451
d7f3fb26-3196-4eea-8cc7-fd65e1f32d3e	Aka	2862
2b026a6b-17fc-4e82-ae07-6971c98d108c	Akasztó	6221
30cd00b0-56fa-47d7-9af6-065aaf35a8ca	Alacska	3779
de0fc5b2-4961-4b54-8596-ce2adcd768e9	Alap	7011
0ae934b8-ef61-4c7a-bf2f-ae4045795d3b	Alattyán	5142
ae2ba3f1-c8f3-48ad-9873-6ae625c9b733	Albertirsa	2730
513223a0-a63a-45b6-8ef2-8215ae26ae70	Alcsútdoboz	8087
d1ae5ae1-8a72-40f2-b4c6-20fd3a7ef51a	Aldebrő	3353
340539c9-14ff-4d09-a778-d58bc791e9d4	Algyő	6750
5c3de98e-b4db-47df-be9f-3607ca5b0610	Alibánfa	8921
8b9fa374-07f6-47f4-8664-4b4280ca87ec	Almamellék	7934
1ff50c9e-a13d-4cf8-9d9d-8aa9e39e702f	Almásfüzitő	2931
ab0768d3-2e54-4307-a0cc-406746d7f98c	Almásháza	8935
291e70d0-7fec-4a75-a022-91531ac74ef1	Almáskamarás	5747
5dc72783-ea3c-4581-83f6-e8cf219a87c6	Almáskeresztúr	7932
13871c83-e2a9-4868-9d0f-6e575036ad6e	Álmosd	4285
ab8f85ab-7098-468c-8546-a45e0a00c008	Alsóberecki	3985
24fc2ccd-1963-4acc-a90b-b34a915e43e7	Alsóbogát	7443
98ae7141-f81c-4b65-94b3-d57660c5bd18	Alsódobsza	3717
d4d7dbb2-170c-4998-85a6-a2fdf8ea434b	Alsógagy	3837
5ed56bac-783d-43ee-ba19-f9f17c0f12f7	Alsómocsolád	7345
51d7d133-ad49-4b7d-b498-39b9a03cfdd4	Alsónána	7147
708bb95d-de53-4984-9a0b-02173b535bcd	Alsónémedi	2351
a2c25b08-5f92-4c9a-af25-1a1ed6186ee9	Alsónemesapáti	8924
8d7c8131-d944-43da-b962-895542473520	Alsónyék	7148
56f050a5-dc96-445e-b9c7-945cd790f0d1	Alsóörs	8226
4f7254b7-bfa9-4e00-a297-07298837ae29	Alsópáhok	8394
adc447c8-f521-4190-b364-ab2b7bc97f5e	Alsópetény	2617
0c0860fc-8fcd-4497-87c9-3d5b49de342e	Alsórajk	8767
be6188a4-9b4f-4444-88c5-b22e9795a2dd	Alsóregmec	3989
5ea5d549-4a26-4914-8ec5-8c4394a7c999	Alsószenterzsébet	8973
d68c6346-50ef-41d7-9420-babe361d959b	Alsószentiván	7012
95b3fa7c-164a-439e-b10c-17a8767e476f	Alsószentmárton	7826
da4124f9-9e62-4743-869d-ac513eebb2e2	Alsószölnök	9983
281decb0-c672-439e-9c5d-eac3e6e36366	Alsószuha	3726
d06c2a76-02b8-489b-95c3-e2f61a0ce170	Alsótelekes	3735
d901edb6-3967-4569-85a5-df29feabc44c	Alsótold	3069
21e963b0-42f2-43df-8f2d-780e65c81f99	Alsóújlak	9842
65035aed-8204-4040-a333-413b64f7db1d	Alsóvadász	3811
ed7b30a9-f41b-4df2-9843-38b687b5ff07	Alsózsolca	3571
9a5b83a4-9872-456a-a8cb-704bc0e1438c	Ambrózfalva	6916
8619070b-3a21-483f-be7b-5545e60cf0f2	Anarcs	4546
793b1149-ce78-4273-a85c-c004e093d11e	Andocs	8675
6a43ef75-3600-4a50-8c38-679014557b84	Andornaktálya	3399
a874dbff-7ee9-4869-b452-4d3c0715fbb3	Andrásfa	9811
41594b19-463a-4866-9498-9ca47591662a	Annavölgy	2529
b8412d98-ef6d-4669-a500-3f6f687f256d	Apácatorna	8477
1828ddf3-6648-4e4f-adb7-d5ad1c657c35	Apagy	4553
e87731bb-b20e-4314-8e6a-74a4c906fac2	Apaj	2345
146fef53-2516-4962-a153-a074527f4db5	Aparhant	7186
473286c0-37c2-40de-8f76-a59338a61997	Apátfalva	6931
f1d68e92-add2-4b8a-8e4c-a9922b613052	Apátistvánfalva	9982
6ee72798-aa8b-46cf-9dd1-92cff17ab2c0	Apátvarasd	7720
5f817051-119b-48ec-a33c-b5b328d643cb	Apc	3032
a644a87b-57c6-4c5f-afc2-527942f04571	Áporka	2338
81e89590-8b8f-4132-bb94-a7b46916b8e3	Apostag	6088
ebab1a66-5d01-49bf-9260-d6d4a80d8dea	Aranyosapáti	4634
552816d2-8aaa-4e31-9906-64e0acaf8c80	Aranyosgadány	7671
45d1d422-cd13-4537-94a8-5329b1e5949f	Arka	3885
35fe693a-821c-48f9-8659-6dce6541777b	Arló	3663
3d47ca50-d4aa-462d-bd4f-cf4584f05b88	Arnót	3713
cbb6ac37-5295-4a64-aad0-0af9a75ca502	Ároktő	3467
a52331d1-08f7-4598-b19b-e0f2b7aea117	Árpádhalom	6623
12387124-9f38-4013-8144-2e99d1d3756a	Árpás	9132
1bbc49d5-1b1c-444c-b6d1-ee533c139090	Ártánd	4115
33926b49-dc42-4c8d-9e16-4fd2a7ce88d9	Ásotthalom	6783
d225f593-1993-46e3-8d93-2f3966ee68bb	Ásványráró	9177
5614f29d-a830-4260-8995-bfaac9d079ba	Aszaló	3841
7570a616-f6e9-46a0-a57f-61b2ce6576ce	Ászár	2881
62e70895-7cd6-4bbc-9619-8cce67c84ee4	Aszód	2170
a55d0680-bc1b-4deb-8e4a-c0641268a9a3	Aszófő	8241
8a2d2616-925c-4fdb-be1c-c401527faa0e	Áta	7763
822192cd-690a-4a41-a853-d028c552b492	Átány	3371
24a5e69f-43ed-4de9-9e79-0ce7c9f6bebb	Atkár	3213
e08b2305-f043-492d-9e57-825e70e5d0ef	Attala	7252
07cf830d-ba75-4a06-9c8e-c27086447b86	Babarc	7757
64e90883-5f11-4660-87ea-4719a6eefda3	Babarcszőlős	7814
cd3bc8cf-43c1-4fb1-bd45-639a29729d04	Babócsa	7584
82265fe5-536c-4e81-807c-b3ec7e00c21b	Bábolna	2943
12a02fd9-c369-48aa-93a8-50b98b120a5c	Bábonymegyer	8658
6825b9a9-bfe3-4d48-aeb5-3f59c4b5d8a5	Babosdöbréte	8983
6392c96c-e3be-44b6-8c38-9d43e7160b7c	Babót	9351
0a4a292f-6ff6-41ab-b016-23715ba37b6f	Bácsalmás	6430
f8e0e3ef-441f-42cf-9eeb-7a935bce619f	Bácsbokod	6453
ebdbe18a-e694-4f87-aa04-87788da672d7	Bácsborsód	6454
b25676e5-116e-4901-b047-d7799a95f6fd	Bácsszentgyörgy	6511
bf34c584-1747-4acc-abf2-8ed4396577bb	Bácsszőlős	6425
2a1714d2-0674-4851-96d3-28ff4b547106	Badacsonytomaj	8257
8ec21f65-d3b4-4768-b131-a9268624479a	Badacsonytomaj	8258
bd13a6b4-bb79-42e3-a901-d7e641d81703	Badacsonytomaj	8261
995fdb2c-d9d8-4563-b81d-8d53d2267308	Badacsonytördemic	8263
988627b7-d3ee-4c18-9143-63b308f66141	Bag	2191
9ae7b148-3624-4df4-b46a-06171be45b16	Bagamér	4286
f089d9ee-515e-4332-8b73-187cccdea8ab	Baglad	8977
71dfb217-34f7-4378-b02c-9a7dbe6f583a	Bagod	8992
ea2766bf-2583-48d2-a873-34aa211e8590	Bágyogszovát	9145
e21afdee-82b3-4781-b666-73b0adf9195a	Baj	2836
5b9fa3ca-9551-4937-b75d-34fdf308be68	Baja	6500
ba485822-fa8d-48b6-a3ac-388ef7cc7e3a	Baja	6503
807d88a9-1b68-459a-bd80-469c18b27ca1	Bajánsenye	9944
340dd8ac-b38e-4172-9196-8f014b5b4150	Bajna	2525
7822f3c3-7eaa-458b-866d-7f58b1f678a3	Bajót	2533
140895d0-eb34-40eb-a6d0-aed1a30e7fcf	Bak	8945
d1f1b53e-d0a5-44d6-af7e-6ea2f340c2eb	Bakháza	7585
6c2efd67-d33d-4e3c-a8fb-281b14a1d908	Bakóca	7393
853bb160-4da4-4eee-a62e-14644ad5dbf4	Bakonszeg	4164
81c2f8ef-2a38-49e2-b3ea-b20751bf7191	Bakonya	7675
2010453d-9889-437e-99f4-d13afd621781	Bakonybánk	2885
267a1539-19cb-422d-b3e9-f20684a9af0c	Bakonybél	8427
433568eb-2620-406d-8aa9-fd104d71c906	Bakonycsernye	8056
2f33353f-6e49-4b06-99ad-7acc0c27ab5d	Bakonygyirót	8433
785ec1fe-38a5-4566-96b7-acaeb0d24611	Bakonyjákó	8581
c6fc9b5f-b290-448e-ba3b-958005df26f4	Bakonykoppány	8571
fc417dd8-cdfc-4492-a148-97cd9e100895	Bakonykúti	8046
833ba8b1-efde-4ae3-8757-330f4fe59922	Bakonynána	8422
76d333b2-7370-4cad-948e-1b54d3c1df35	Bakonyoszlop	8418
7552e041-bab3-44bf-802e-5002313f91cd	Bakonypéterd	9088
08d15f53-e861-4cd6-83ef-944fcd8f18b4	Bakonypölöske	8457
a2588341-beda-4279-a124-2944e372b512	Bakonyság	8557
a960d874-574c-439f-bcb0-17c36d60aad8	Bakonysárkány	2861
0456abd5-8e4b-479c-8b7a-810a2c371a04	Bakonyszentiván	8557
a0771eb7-f9b0-465b-a378-3dfea009b4ad	Bakonyszentkirály	8430
d84fd4e4-1e6f-482c-a0d4-4ef955772d66	Bakonyszentlászló	8431
29599028-84b1-4da1-a9ac-b33a683bf28e	Bakonyszombathely	2884
158d58df-619d-4339-b99c-f178d3e9059e	Bakonyszücs	8572
56a5a886-3de9-4aac-b4c6-48b7a82a5090	Bakonytamási	8555
da71ddd2-7b37-4fd0-80fc-159a7e938341	Baks	6768
36a253bb-6403-44e0-a20e-7831a0fe4d8c	Baksa	7834
9d8c36ca-ef66-4180-b1cd-5641a152c2fb	Baktakék	3836
37216474-a041-4253-a075-227d8e1ea4ba	Baktalórántháza	4561
8cfb5a8c-c09c-4d6a-8561-9934cf6025e2	Baktüttös	8946
46e24bc3-5d8d-4af7-a17f-746f30d7d7e5	Balajt	3780
0a3bce5a-eced-4924-8dff-ea13b70fcecd	Balassagyarmat	2660
4c273bd1-5ebb-4c44-b277-015a875e0bda	Balástya	6764
aa1e427a-f2c1-439f-946f-6d5c3607904c	Balaton	3347
b8f3ae28-a7ca-4813-af7b-7a7940742692	Balatonakali	8243
0cf7c6ca-0354-4459-89d8-4a6bfe008cb2	Balatonakarattya	8172
88a8bd71-8c15-4618-bc02-8a4755272e37	Balatonalmádi	8220
d8ed6239-9185-4db1-8e8e-668e9bd421be	Balatonberény	8649
9588ead0-8f12-4323-b87a-e34e6fc36091	Balatonboglár	8630
3428b2ac-b4ba-4152-b459-a946080be207	Balatonboglár	8691
25a15e61-610a-4025-9dd6-e95502cc237e	Balatoncsicsó	8272
f517cef3-ab43-4fe6-bb29-40879c0a9c1c	Balatonederics	8312
efa356e2-2ff7-4d2d-bfc2-d3c8b28139ae	Balatonendréd	8613
71c7eb27-c787-4bdb-8cb7-1a57706d113b	Balatonfenyves	8646
4729b935-ed79-4971-a24c-2911ca5f9144	Balatonfőkajár	8164
c7c901b0-17b1-488f-972f-0235db5bb450	Balatonföldvár	8623
f3bfada1-a184-4b8e-857c-39d966f85745	Balatonfüred	8230
526ecbc1-9d41-45c4-be61-9acd4ffd49de	Balatonfűzfő	8175
611ffea5-bd76-4973-8a19-a7a8cde2166b	Balatonfűzfő	8184
250b2594-9d58-410b-89cd-44003cf60034	Balatongyörök	8313
e6eee5f6-14a2-4e24-ab87-7a64370af7f1	Balatonhenye	8275
25fb7b0e-8c5b-4639-a865-4a142b091897	Balatonkenese	8174
47032f56-26d9-40c7-9903-2b0ac4f68b0b	Balatonkeresztúr	8648
cf0ec8fe-0890-4f60-8bb1-0ccdab817489	Balatonlelle	8638
ee200600-2bc2-4020-8aaa-f3357065e600	Balatonmagyaród	8753
ba06e3c6-a160-4ee2-a32e-b26ca34827d6	Balatonmáriafürdő	8647
a22c0777-57e4-43c4-9919-6885fd15384b	Balatonőszöd	8637
81753867-65b1-49c7-8923-7d7abe249e0a	Balatonrendes	8255
d3f9c180-2d61-4cf0-a964-1eba4c468ab7	Balatonszabadi	8651
5874cb63-3a7c-410d-8f2b-72584158cca0	Balatonszárszó	8624
99dc9960-ccc7-4de9-9b07-cbf4ee08ab6d	Balatonszemes	8636
829e0584-d54c-40df-8cc0-8d12ab4e5e93	Balatonszentgyörgy	8710
6eebe674-13de-481e-b51a-b7213d93fdd2	Balatonszepezd	8252
64b9e18e-0a8c-439f-a13c-7335f4b6ee91	Balatonszőlős	8233
a204bcf7-3d00-401c-99b9-9137212a298d	Balatonudvari	8242
ae988f32-3c1a-418f-99bf-275d3c429b83	Balatonújlak	8712
7c07a2e7-2ead-402c-a770-cb996c246b77	Balatonvilágos	8171
2b0b58fd-6933-43e0-ab54-8d9c14898848	Balinka	8054
be9cff4e-6768-441d-899c-a199667241fd	Balinka	8055
5b569f64-3496-4d7a-8913-70e4132fa6d7	Balkány	4233
26757f98-e35e-4312-af55-56bbf74e3fa4	Ballószög	6035
8303cdb3-a7dd-4a91-b124-65a6e114526e	Balmazújváros	4060
cbb5b851-bce4-4db7-b291-6d9982a7cd9e	Balogunyom	9771
3fe09256-1f9c-4edd-8929-2c74bc906f8f	Balotaszállás	6412
10a8313e-86a8-4eb6-bba5-b9f967b97807	Balsa	4468
6996a224-550b-41b8-b5ca-fa2a1ecc1b0d	Bálványos	8614
26726cfc-6036-4bc5-a450-b1af0e0098de	Bana	2944
32f4ecf9-9e7b-4399-835e-f416b3a9b7e1	Bánd	8443
4d153a37-93f4-4fd9-8634-46b003430b94	Bánfa	7914
c0fbefce-3df0-4549-9dcf-6b06b3934b5e	Bánhorváti	3642
a9b4ca7c-dc3a-41cc-b8dc-21a90be98787	Bánk	2653
bef3441b-82f1-438d-9696-2d7f16850cbb	Bánokszentgyörgy	8891
69f3b965-da7d-4ad7-886c-229ea4adae5a	Bánréve	3654
317c22b3-40fa-4492-8fdb-e0f90613b119	Bár	7711
7924fc58-b044-4374-b5e9-bb072885a8a3	Barabás	4937
60f548bc-e493-48a3-a9e3-84850895f0ec	Baracs	2426
95e830dd-e36f-4c77-8b59-b018502e3864	Baracs	2427
9dd3c4df-86b8-480e-ac68-cccde620d068	Baracska	2471
4807ecf8-a75c-4bfd-bdfd-ed8377c41a7c	Báránd	4161
651fa4bb-576b-42b2-a97a-b8e5dd644eb0	Baranyahídvég	7841
0265d06e-307c-4203-b601-ae818059d8bf	Baranyajenő	7384
77db2036-e3c8-4a22-b0d5-0040409015b3	Baranyaszentgyörgy	7383
12c8f798-affe-441c-a555-46cee34fae47	Barbacs	9169
cd7b78b3-dd49-41a9-a845-b5c96e578fa7	Barcs	7570
598b4fc7-569d-44bd-ba7a-80de42ec5cec	Barcs	7557
9e5f8aa8-f743-4654-9855-e8e67dfd1237	Bárdudvarnok	7478
ca97efaf-5e76-425e-87c7-f853371e518d	Barlahida	8948
76f5b8cf-6cbf-4742-be8f-1a95efd4c302	Bárna	3126
813c4b44-40a5-4cf0-b6b3-74668b440526	Barnag	8291
285f387f-0b77-4ac6-93c1-03d6ccde49c4	Bársonyos	2883
2e4ccd27-3526-4a27-848d-4d0d11acdd0c	Basal	7923
8d83be81-7176-4051-8c66-0c941dc13f24	Baskó	3881
2797cfed-29d0-45ad-ab87-55de9382ccdd	Báta	7149
ea642945-7e1e-4feb-baaf-7dd3a8da1f24	Bátaapáti	7164
d674f559-fcad-421d-a999-cee453a4170e	Bátaszék	7140
6d1f091d-00e4-42ff-bca0-b04e32892872	Baté	7258
9cafc72d-d5c9-423c-9ab3-12ddce1d7fc8	Bátmonostor	6528
3d076535-973c-442b-ac95-41141d4e81f7	Bátonyterenye	3078
5687042f-b8c2-4418-b86e-b3850643986e	Bátonyterenye	3070
901e34ea-b97f-48e6-b123-492213092556	Bátor	3336
4ffe53ff-722a-4a70-9311-9b2d50e23e87	Bátorliget	4343
43e6697f-60e8-4cd9-ad97-243eff8d78b0	Battonya	5830
067488dc-6858-4ac8-af18-e2c82b0b0362	Bátya	6351
85a2aafb-ead5-4bb6-8191-19b484c3b9e8	Batyk	8797
1c28bade-e594-4be7-bb7d-5096bdcc07d2	Bázakerettye	8887
2a3d53bc-c432-4ead-b822-a654eeee0bc0	Bazsi	8352
70c03aa3-9e87-4f88-849a-4412edc03c54	Béb	8565
b7e0040d-8de6-4111-b66d-8a18f0b347f7	Becsehely	8866
118e36b8-d1aa-4c93-bc36-5e41a0cbfa44	Becske	2693
71d8ae4f-8b0a-4be3-afd0-a715f8530ec0	Becskeháza	3768
7121e450-7011-484a-83bd-3191e33e4463	Becsvölgye	8985
cbcafe59-088b-46da-8e3a-9646d7e7b75f	Bedegkér	8666
81d3511e-631e-4d8e-bd46-7099e29e7700	Bedő	4128
f6b07631-6c46-4780-b0b5-ddc540f5b70d	Bejcgyertyános	9683
ad955ee0-b056-4383-80a0-6877cc414e5d	Békás	8515
3e4d48cc-d63f-4835-a8c9-650b8c94707a	Bekecs	3903
ca23dfdc-6733-4d47-8809-9cf9330ce803	Békés	5630
dc965813-5b00-4e61-9127-10939c3c43e9	Békéscsaba	5671
d141f8d8-2372-4b3d-9c19-13e5ee378ddd	Békéscsaba	5600
a2dd16df-e498-4b37-ac3e-521e6f1cd559	Békéscsaba	5623
ba68c9b4-60f7-4743-a012-b61e004a7bc3	Békéssámson	5946
ad1ebb2e-1d9f-4619-9880-f5bd5d67ee3e	Békésszentandrás	5561
88dbe1f8-f791-4793-b250-f415d1915a39	Bekölce	3343
11e5c9b4-ef0d-460b-a7f8-7e2c99c4b24c	Bélapátfalva	3346
c39dd0da-a146-4b54-8a39-52deaef2f24d	Bélavár	7589
9fe55bcc-5adb-403c-9087-dd20222c3972	Belecska	7061
f2b499d9-4912-426f-a975-49b555143e0e	Beled	9343
ecd5e9a5-a8a4-482e-b69e-570ccba9a2f3	Beleg	7543
cda66c29-bc4e-4eb5-af6b-64a9cb655517	Belezna	8855
3772e2ef-a222-4359-b547-6f9cc4820bb5	Bélmegyer	5643
b08da120-6f09-4b01-8122-8f1ecda0e5cf	Beloiannisz	2455
b3a45081-8e7e-4e15-8811-b9a1c47cd573	Belsősárd	8978
8b5dba5c-af14-436c-bada-b6a3584db4b4	Belvárdgyula	7747
657d534d-6827-4ecd-95ea-3cb48d821f67	Benk	4643
69f1a990-99eb-401c-a09d-a3ea5f44169a	Bénye	2216
01cc7beb-7c46-491e-b5cc-d02de013b080	Bér	3045
7062164e-bcf6-4962-9cb0-70f475031f6f	Bérbaltavár	9831
17b9d854-182e-4746-88b6-48d78f04e58c	Bercel	2687
84cbbb03-43a3-40c9-bbb5-9f8e468881bc	Beregdaróc	4934
4a132d21-a08e-4700-a6b8-80553d8e79a7	Beregsurány	4933
206e4c90-dfae-480c-bf7b-8387a85ee594	Berekböszörmény	4116
d2844285-04e8-452a-bcaf-a96638006eec	Berekfürdő	5309
d9886646-7041-4b52-abdb-4d9a0f3a61cd	Beremend	7827
8932f844-e270-480c-84b8-ed87e3205819	Berente	3704
12e6ed3c-9155-49bc-8ad8-304b02f610db	Beret	3834
cddaabd3-d558-420c-9db9-d297948c7d71	Berettyóújfalu	4100
02f6fd3e-08a8-45c1-bb38-f0de919740c8	Berhida	8182
b205676b-492b-4203-8361-3edb7504c1af	Berhida	8181
b52da53a-8c80-4877-bfa0-7a27ebdb716f	Berkenye	2641
373ff824-6672-4549-b083-a6ddf444b31d	Berkesd	7664
b1223c48-fa40-4cf1-9ec3-13b4d7927cea	Berkesz	4521
2ea9b5a7-3ee1-4a0f-883d-ec2260d04b6a	Bernecebaráti	2639
83b6959b-05ef-46c0-b1f2-99600d764e0a	Berzék	3575
73cd7a84-9966-4177-80b5-6f9f3f0216b8	Berzence	7516
ee0d9f36-2495-4a35-8a78-7837a38881c8	Besence	7838
7a3032b6-5861-4fbf-a7a8-6acf79fa3980	Besenyőd	4557
08611dd9-3c07-4f39-aa9b-18492f9b92ca	Besenyőtelek	3373
e8423c54-29a8-43ca-9ab1-d638c93b84c9	Besenyszög	5071
1f55078f-8f65-43ed-854c-46892e6068a8	Besnyő	2456
76f2399e-b9c9-4a59-bce8-4c0a37e03dfc	Beszterec	4488
0520d18b-b1aa-4a58-acb7-b667367ec636	Bezedek	7782
02e32f10-d51a-4987-8920-0ee0917b6524	Bezenye	9223
1dfbee5a-051f-4315-8476-8fd2045aab96	Bezeréd	8934
105589e3-3537-451e-809b-e4368c2788ba	Bezi	9162
6d680dc3-4825-4e25-b067-34232213df53	Biatorbágy	2051
fe6b2102-13d0-4fd6-b971-1e69c2544777	Bicsérd	7671
d1ef0041-e12c-4b65-aa81-a5d16bb680e2	Bicske	2060
086abc71-8d01-4518-b92b-890e891028b9	Bihardancsháza	4175
2fdc8846-4a95-4f01-92a1-5fd402af8dbd	Biharkeresztes	4110
93b5420f-bb5f-43a3-b838-1687ea30d262	Biharnagybajom	4172
88765301-d3d5-4ee1-adf3-627e134d4589	Bihartorda	4174
b77b60fd-880c-49af-a6b6-5a3f8784f5b7	Biharugra	5538
11a2f426-71d0-4988-8329-34f8bf2ba16c	Bikács	7043
901fb137-473c-417e-bdde-a0a7a520858e	Bikal	7346
a96619b1-5f90-45eb-bea2-8e4d30140577	Biri	4235
5626302a-5f61-4cfc-a4b6-3c24e9b5084f	Birján	7747
3eb0d510-313e-4b6b-973c-b62d7e167ad7	Bisse	7811
f679b3cf-5a65-4049-9a5b-7201183170e2	Boba	9542
3399e727-c357-470d-b1bf-a3fed220a1f2	Bocfölde	8943
470e7996-b34a-400a-8d4d-348b05060844	Boconád	3368
186c8880-30c8-44e5-810c-70783fbea70c	Bócsa	6235
5443f27e-9245-4217-ae22-f0318642c896	Bocska	8776
111d853e-4a31-4bc2-a812-1a7140c6834d	Bocskaikert	4241
aa28f660-9ad4-40b7-b803-183f1c0d498e	Boda	7672
e8b31bae-b407-44eb-b89c-3a9490e309f4	Bodajk	8053
19419235-c115-40e6-917c-2f90a1b89312	Bodmér	8080
ec943d5e-2697-4bd1-a18d-5c5350a6b9ef	Bodolyabér	7394
50ba28e0-1b05-460c-aa2a-2d5179793f4b	Bodonhely	9134
0bfa0548-8a0e-454c-bcc4-4b6a4b33d95b	Bodony	3243
fc156aa1-7a99-41f7-9237-208d7510baac	Bodorfa	8471
b36b65a2-0109-4452-849b-89a3e53551a4	Bodrog	7439
467f8aaa-a1a4-4244-9acc-6cadf5b2f8d9	Bodroghalom	3987
99bc7649-9b1a-419a-bfac-e2111677573f	Bodrogkeresztúr	3916
594ae024-0a99-4f0f-b722-c4edc976d96f	Bodrogkisfalud	3917
4811e70b-b89a-4523-b159-ba3d17fb2f8f	Bodrogolaszi	3943
be047dbd-02d9-4f49-9730-d0b7680159bb	Bódvalenke	3768
ead415a1-dfc2-40f2-85ad-a65fae1f8b3f	Bódvarákó	3764
1c3e81ab-f2bb-4958-89ad-282d9d5ede68	Bódvaszilas	3763
913889d7-3f61-4d73-b1d3-6e09b37e4fb5	Bogács	3412
ff219feb-6fec-46c7-930d-065bc9345578	Bogád	7742
15634667-6e55-4185-be4d-a832dfb98890	Bogádmindszent	7836
943b7663-d3a2-4661-8e0f-89fe9a4b4ca3	Bogdása	7966
d32abe68-1af2-4195-845f-53a429288506	Bogyiszló	7132
85c2212e-bda7-4256-ad9c-c2e965e73183	Bogyoszló	9324
5f7625a0-4075-4629-8caf-afccc7846609	Bojt	4114
70640c86-ab0f-4813-8195-f963d6a38fb0	Bókaháza	8741
e71570e8-aa90-4b10-bf38-da25633c6f92	Bokod	2855
bd733e18-ad8d-45a2-9042-08aa4d5fcf43	Bokor	3066
3b66d40e-cabf-4575-9596-5a65fdd01158	Boldog	3016
532fe097-2f3a-4ec2-b918-49cfb87cefd5	Boldogasszonyfa	7937
cec48cba-cdd7-4367-9148-a78d73eb3f57	Boldogkőújfalu	3884
1a217072-0763-4e2d-affe-f08b3d3c0924	Boldogkőváralja	3885
e59e0aa8-83fb-4531-b353-b97e92a680fc	Boldva	3794
9ff77ef2-52df-46f6-970c-228c95c505d9	Bolhás	7517
f3c2c3e0-94d8-4576-bcd8-8c8103dcb7ab	Bolhó	7586
de294d2e-e180-4629-ace8-777a3342996c	Bóly	7754
758f9fad-8a9e-4819-836b-28954c2d8596	Boncodfölde	8992
867760e2-a87a-4893-8fd3-439956deabc0	Bonyhád	7150
b360779c-e613-4957-903b-a349e81544cc	Bonyhád	7187
c28e4177-ed49-4820-8d0d-78f466990c06	Bonyhádvarasd	7158
38c39465-c9bc-4290-955c-29fd7752cca1	Bonnya	7281
cffd9a0b-fa3d-41c9-8e5d-b5e8a3f0b3ff	Bordány	6795
965258a2-bac1-4370-a204-343b830e07b3	Borgáta	9554
5e0b78ea-54ef-4fc4-b2f8-497bc10f8424	Borjád	7756
754e061a-64f3-4769-a635-f980c6371c5a	Borota	6445
b0c676a2-60c4-419d-8442-728d9f50a3c4	Borsfa	8885
e3266130-73ad-4592-924e-0e27e2a3157d	Borsodbóta	3658
8f75035f-7bc9-4e07-8938-0cc0ebed7fa8	Borsodgeszt	3426
2fb855fc-b40c-46c7-9bd7-0f206afda653	Borsodivánka	3462
2494ef66-4174-458d-8408-4402509ad7c3	Borsodnádasd	3671
504a5666-3a58-4046-a74c-3e52ef9bff95	Borsodnádasd	3672
7a3530bd-a3d7-48b7-8234-6b399bec6ebb	Borsodszentgyörgy	3623
8aa10e38-9509-4a4b-8f91-9035e10f63cb	Borsodszirák	3796
c5d7a374-9171-4772-9aaa-90d552b806f5	Borsosberény	2644
806a702b-4b57-44f6-a2ed-379dee569b28	Borszörcsök	8479
183197f0-e0a8-4e29-bfef-9acc250d7464	Borzavár	8428
7679e8a6-8b11-4b44-9e45-42151d4ca2c7	Bosta	7811
a50dbee6-55af-4917-b2cc-4125569312e8	Botpalád	4955
e34a1cb6-2731-4e24-8143-a5a25861c694	Botykapeterd	7900
a899dbb6-490c-4e7f-a247-2e4b1a2c77e3	Bozzai	9752
c4880d01-3fac-423f-9b67-b90982f0c7af	Bozsok	9727
430c1e75-88f5-432d-8f81-3037182d3e11	Bózsva	3994
a9a21cab-6d64-4844-9620-fdd95b5b5be7	Bő	9625
95c9d8f3-7177-4355-bed8-19c3fd4e4702	Bőcs	3574
6aebfbb2-74cc-461e-8058-e4b9430fd431	Böde	8991
5134a7bb-5de3-4467-bb43-0b7e98c5450d	Bödeháza	8969
69bb05bd-4ce4-492f-a09a-bea623c723a6	Bögöt	9612
7c428191-6727-43fe-ab64-940c9b4abea1	Bögöte	9675
2da4c330-55e5-43e4-b033-fb14d5d8f0a3	Böhönye	8719
446ef295-0111-4d4d-9266-1a73b040b68c	Bököny	4231
79659a62-3089-4bf3-a56f-f2805422898c	Bölcske	7025
4a64cdee-ce17-4a52-8128-2960351ac59e	Bőny	9073
8d5f35df-3bb3-403b-b7a2-61b2e37bed73	Börcs	9152
d5532003-3035-4a9a-a7d7-3b0065cf1662	Börzönce	8772
a7bd9488-5eff-47e5-bbf9-fc745726859a	Bősárkány	9167
6f0d75cd-0108-4dad-92c5-ed551eb75871	Bőszénfa	7475
e3e29abf-e314-4c93-a019-7e1a403ff437	Bucsa	5527
d16e3775-3329-4ffb-b13b-a810bc00010f	Bucsu	9792
ff313c71-201c-4692-92a5-ded381a7d27d	Búcsúszentlászló	8925
6da67e87-182f-476c-a7a2-c162c75f7652	Bucsuta	8893
ecc8c3f9-2c88-4ade-a755-f60c1f1fd154	Budajenő	2093
90624233-de3e-4af5-bf62-e6a7daa678bb	Budakalász	2011
922abc6d-4248-4622-8fcb-242757b1c64a	Budakeszi	2092
e8a50edc-47b2-47dc-9c5e-025404291205	Budaörs	2040
15ca4bd5-4255-4fcb-8630-cea40568bae0	Budapest	1015
87298415-ae99-425b-8f20-1cb03f6da58f	Budapest	1016
b9cacad1-d561-4e33-8b3f-b381135dc636	Budapest	1011
c1002d06-cd82-497f-aa99-0de7b6a978b6	Budapest	1014
86038032-d4d9-4963-90bb-e5ccfc59999e	Budapest	1012
d5ae73ba-16b1-416a-87ae-186177b30231	Budapest	1013
36a7dd0b-5c2d-485f-83c7-2540e5c82208	Budapest	1022
e1c3c11f-bd62-46dc-867c-37e4fafe7762	Budapest	1025
1708f2ed-ce99-4451-a816-610688e9d2d1	Budapest	1023
61d05cb1-a944-4dc4-b086-d38fc553e622	Budapest	1027
36ecf4d6-6584-4c6c-9a8e-75e83accf25f	Budapest	1026
faf2af7c-6c3f-4d5e-8525-82e40afb6bf0	Budapest	1028
e307cbc3-b7b1-4e47-b69b-a8deed675534	Budapest	1024
e0c238b1-ab25-4448-a523-689e6e2e2022	Budapest	1021
c026285f-db2b-4af0-8aad-beae2384a516	Budapest	1029
9c0803f9-3edb-4da2-9276-440d16fdb5d9	Budapest	1032
5821fe6a-2f73-4009-8d54-6d8eec3e59cd	Budapest	1039
b6826c8b-de9d-4b52-9f51-645b77d6fe1e	Budapest	1036
a6b84b27-da21-4ca6-9138-3cdce9d22010	Budapest	1031
5b9336da-105f-477f-9389-f3ac4fc978b4	Budapest	1038
09e63aac-f4c0-40fa-933f-924228ab0dac	Budapest	1033
670221a6-b68d-4f97-9784-f2c30a8c300a	Budapest	1034
995b55fd-9c2c-462d-900b-84eaded714dd	Budapest	1035
85dbdcf2-169a-473c-9531-db0d62be35a1	Budapest	1037
e8d92265-251d-4cdd-bcb4-8295d5fd3bf2	Budapest	1047
ed6c55f6-1262-4b90-8d02-e4ad915ccb18	Budapest	1044
c501125c-59ab-403a-9a25-6ced3ec1b0b6	Budapest	1043
b3c817e5-f32e-4689-a85e-3f0b4bc26c55	Budapest	1042
92ccbb46-f395-4240-b3c4-5fbfbf073f9d	Budapest	1041
f120c889-7d3a-4eb1-8695-2ededab27b8b	Budapest	1045
b8b5d702-e0c2-44cf-98f4-7bccf52f829d	Budapest	1046
8b9a8065-f521-4719-b62e-7b0a2fadb335	Budapest	1048
52120d0f-bb27-4cf1-af85-169e93dca4b1	Budapest	1054
d430fc2a-8403-43ae-9216-430801f661ba	Budapest	1055
b80c2c3d-fc64-43a9-a8f7-58fa9a96de79	Budapest	1053
4c094b02-a6aa-4b9d-8ee9-d807fc651ced	Budapest	1056
0a8f81ef-97e6-4cd3-882f-4fa8d75fa8ba	Budapest	1052
a8657ece-7eca-4e27-9fd0-45b569d7abb9	Budapest	1051
90dc7ee2-565b-4711-a901-58fa9cdb50ab	Budapest	1063
4dc59273-ab81-4ede-a908-60ef1bc9a63c	Budapest	1064
4579f817-6fff-4b8f-b338-0bb3074dc068	Budapest	1065
25ab7be4-439a-4f37-b50c-cfab276cb0f7	Budapest	1067
806db6a1-57ae-40e8-aa26-8d03152faa04	Budapest	1061
6329536b-4dfa-4c96-8791-37eccad99989	Budapest	1062
a4d99c7f-7143-40c7-97d1-3a2f4eb6dec5	Budapest	1066
8ae513a4-5974-459a-bf5b-13ba6d38b3e6	Budapest	1068
9eb20de7-b983-4036-b2d7-44936a4a3756	Budapest	1073
58caf341-b7cd-4198-9208-047d8330af59	Budapest	1071
c9de98b1-229b-409d-a952-5d511efdde47	Budapest	1074
16549337-6fd4-4f82-91cf-99fcefbc0b75	Budapest	1078
9d368ef9-d935-40a3-a9c7-14dd4629127e	Budapest	1072
ea47cab2-7434-441a-a057-30bed606ba37	Budapest	1076
0273572b-2b35-47bc-9f47-a675a8dcde05	Budapest	1075
22b6b45d-4863-4988-b3ce-04f5a1046243	Budapest	1077
3c292ac3-3fc5-4c2f-974e-8428bf65b302	Budapest	1085
377c029d-09ad-4766-bc3a-369cccc89d15	Budapest	1081
14f695ba-3e5e-4e48-bb05-21543ebf5b92	Budapest	1086
043000da-03fd-42af-8da2-cc91293ef7cd	Budapest	1088
98ca2d9d-1a4c-4898-ace8-63608c16c33c	Budapest	1089
598175fd-8279-4a52-84c8-1a7a78c1c8f3	Budapest	1083
7910a9f6-a2f1-49d6-bc6e-18365bb6af47	Budapest	1084
8c29a7d9-7f6b-4c9c-ae80-a7bb79fe82bf	Budapest	1082
68ac7084-7233-46a6-8c80-8e6ed6e6f4e9	Budapest	1087
28c37e3e-58b3-4add-acc4-32216055e883	Budapest	1097
a00a542f-2fb5-4f6d-93bb-139e15cd458f	Budapest	1094
0946fa09-ab06-4deb-a1a2-89ddda035e4c	Budapest	1091
67f7aaf9-ad9c-47d3-885d-bb3ca1da89f7	Budapest	1095
bd46e7d9-0dc2-48e9-85df-39c7e2bff576	Budapest	1093
f93edf5c-1c0c-4de7-a7e3-8050c1e396c3	Budapest	1092
ec163f26-0685-474a-88e7-696fba27f904	Budapest	1098
e6f63c63-a514-4af3-b0bd-48b21ae4b2d8	Budapest	1096
075d11cd-7ee0-46a0-a254-618ea736371d	Budapest	1107
fc17b334-c304-4bed-82db-2ddd090bc2ab	Budapest	1106
b42ced35-871c-4441-8263-90483a4bacd0	Budapest	1104
db063d51-528d-4d2b-8373-0f17cb4d6dfc	Budapest	1102
b93f0794-d3eb-4a01-bbfc-2dfd36293071	Budapest	1103
2d235062-219a-439a-aa51-389d381fc828	Budapest	1108
b18a3907-ad4d-42e1-ac5a-00c920a526bd	Budapest	1105
cfd062c3-686d-47c9-992a-bfaba8cd9cab	Budapest	1101
30e49bb8-7c9a-46cf-9646-4dc233648f0a	Budapest	1117
cb3e6d5b-1b03-44b3-9ff7-5e597b8c7f41	Budapest	1119
8d5a542d-85b7-4a5d-9d83-8fb7e33a7ef1	Budapest	1116
16a676c2-10c7-4f1f-88a1-c571dce3a76a	Budapest	1111
403cfc1f-035b-452f-a594-020fd7d2d0d0	Budapest	1114
a51d39f2-cb8d-403a-8fa0-d79307513c2c	Budapest	1112
52d12d14-27c0-4495-b6b3-81b10b818de5	Budapest	1118
6611a7a6-cc0c-48b8-b2c1-21e8c0febd52	Budapest	1115
4c3effbe-b560-4eda-8f27-4eee6ce6ece5	Budapest	1113
a6d6263a-ff9f-4253-b989-82efce8bee6f	Budapest	1122
1d40fa57-0ed7-4b9d-aff7-66f0f74f48e8	Budapest	1126
88b1b9f0-1890-41bd-af61-a9d0e7d17317	Budapest	1124
7daac8a2-b500-41d1-aa2c-0cf356957a66	Budapest	1121
a39bc979-bb84-47f4-9cd4-7309327d98b7	Budapest	1123
73ee0cf8-62df-4951-8d65-43c7edde88b4	Budapest	1125
400ad874-f7a9-4392-8c76-6aa28a70262e	Budapest	1135
d693a1c9-3819-4d90-b7aa-6dc4b3b64554	Budapest	1131
b36f9e5f-e77a-4fe1-8181-33536ec5b86d	Budapest	1139
66eed6ab-eca1-483b-ae7c-4fde577df3a6	Budapest	1133
40c97269-0374-44b5-88f8-a2d7b2639caa	Budapest	1134
4d95fec5-c3f0-474c-89c3-54a423559296	Budapest	1007
aad1347c-01da-442d-b8e8-c92fbf4a91b4	Budapest	1132
2c3b4ef7-213f-46ba-b916-f7ec22f79430	Budapest	1136
df8f1599-ef6e-4df9-abf6-623517a32920	Budapest	1137
c7e6da7c-f13b-4498-8c57-7844edecdc97	Budapest	1138
f68b8e4d-502d-4c6f-b61d-765322158be7	Budapest	1142
406d25d5-1ac9-48ac-b37c-90d20cc101bb	Budapest	1141
99a5dd7a-013c-491e-93b5-3465ba7e9df8	Budapest	1147
814a588d-5016-47d2-8653-4779a6b0682a	Budapest	1145
b601e56a-1e94-447d-b5bb-7bedcf76faad	Budapest	1149
98d691bb-7e7e-42b5-9788-5066ea03fd9d	Budapest	1148
f99f043a-1f56-4742-aee2-564404ed711f	Budapest	1146
9398764d-65e9-4c65-b775-b54d523d6344	Budapest	1143
22363814-502c-48dc-ac38-c585f131de39	Budapest	1144
68904bbf-9681-4c39-a989-4774961fea8a	Budapest	1153
13ff3178-49d6-466d-bd18-97aae8cdca82	Budapest	1157
2d0ccd54-283c-4ed6-bab5-6125fc3fa54d	Budapest	1151
b030da3b-dc79-4c57-94eb-6c11cc50e7ce	Budapest	1152
fd612339-c63e-40f8-a00b-da691b54a07a	Budapest	1154
07745596-1116-4026-9564-7404d59b5132	Budapest	1155
a4645619-9f36-409c-928c-7e7731868bae	Budapest	1156
a1340a7b-513d-4c8a-b46d-88f4294273cc	Budapest	1158
7b211f3a-55f9-4241-bfeb-8eb137af1ea5	Budapest	1162
e63cfc12-ad89-443b-b8a7-5668809f9f49	Budapest	1165
4b01a1eb-acbb-4935-95ac-d98bfbfd896c	Budapest	1161
cb4fff80-532c-400b-8545-9a1f36b1256d	Budapest	1164
77b7270d-ea38-4896-bd65-72ce74c7962a	Budapest	1163
3ce9a94b-513d-4b22-be2f-1c0cc00a18c8	Budapest	1174
5329321c-108c-4dac-9640-4ab9d8189aa4	Budapest	1173
b4a78d9c-bda0-477c-b655-52e21a6d7a8d	Budapest	1172
6b1282d2-fbb8-4a65-8b84-48e32ddace01	Budapest	1171
d1773aa0-6c67-4024-9aad-1ffd3e62c28b	Budapest	1183
42ac7f49-744c-45b9-9717-ac3f0afebe88	Budapest	1182
792f915c-9023-4e52-8ab0-9a23e7af7c8a	Budapest	1185
f4cd8838-f1da-4d89-a59a-30d0c53d4d1c	Budapest	1184
72e1a024-cbe3-41e4-bb1d-b68dc8232153	Budapest	1186
9ca2c700-2329-4534-9980-862079d5c14c	Budapest	1188
071c33e7-4bc8-4c6e-a39a-ef13817d1432	Budapest	1181
d5b4dccf-d9df-4760-9d4c-16e8330496f7	Budapest	1192
74cfd6ba-5636-4923-8cf5-5509ffc4bc2e	Budapest	1193
b93e8d82-4ed5-416b-9f29-43a825d4aa40	Budapest	1191
ae5b03bc-43da-40bc-bcac-226d197ec921	Budapest	1196
4b990d72-ab26-4556-b63b-72b9eb041200	Budapest	1195
da5c8355-9af8-452d-83bd-b5176489aa82	Budapest	1194
49e4c4c5-ad64-4728-9f0b-834170ded6b0	Budapest	1205
fe50b093-126d-4692-94fc-0c61fcabfa69	Budapest	1202
fc482f64-8678-412e-b6b0-0dcc416e3cee	Budapest	1203
fcf86bec-b7a7-4635-a8fb-4791b1f0a0ce	Budapest	1201
571141ef-0b57-46a4-bea2-18421cbbc773	Budapest	1204
af27ce22-ae1e-4626-a2e4-b06aedc9138e	Budapest	1215
9662db31-39cb-4700-b348-5896115f2c7e	Budapest	1213
4ef69eaa-608d-4651-999c-5fa00ba12cbf	Budapest	1212
d3285dcf-8300-46af-b445-dc22cdf7f0ed	Budapest	1214
4fcaec79-0ae4-48de-8047-9eeb7a0817d1	Budapest	1211
af6496ca-122f-44c1-92cd-7208f995e328	Budapest	1222
82015e9d-b00b-4364-9bc6-6cad62ecfb91	Budapest	1221
ac22483e-44ff-4867-b24f-1fa6a20330c2	Budapest	1225
b3625eda-9669-4a1c-b351-c2313f5bfb24	Budapest	1223
b80fba85-e8fb-4f77-8d98-8a695a0db768	Budapest	1224
3ad05790-d48c-4c50-a878-31aab29d0e97	Budapest	1238
8a408bfe-6e2e-4870-9a1b-930a808651bd	Budapest	1239
d0c76d40-b186-4a92-850d-0d81efd5cea8	Budapest	1237
1a879632-1dea-4f9b-b290-12079fefbc55	Bugac	6114
c7976554-6db0-4df7-9a75-1a9994f659bb	Bugacpusztaháza	6114
6b178b4a-037a-4fc6-91c0-e215157c910e	Bugyi	2347
d77b4cfe-8878-49fa-b338-c363184eaa21	Buj	4483
13497df9-e7a4-485c-b4ca-0ab264d237d1	Buják	3047
2e87c39e-054d-4444-8ba4-0bc582fad9d2	Buzsák	8695
fda569bd-7206-41c4-827c-24aa33b73d34	Bük	9740
114c29a4-5306-4f61-854f-3c92f2da315f	Bük	9737
aeb05e79-4432-4c9c-beb7-23f0b8830e5c	Bükkábrány	3422
ba042ccc-86e0-4fd6-8398-bf5275f30be9	Bükkaranyos	3554
f95d7a13-4dd5-4ae9-845c-2a72afd25b91	Bükkmogyorósd	3648
3d07ac5c-dced-4411-bf68-89647316520d	Bükkösd	7682
b7ada5c6-d47f-4d14-9da3-34ffde579939	Bükkszék	3335
bda440ad-f058-4acc-a0fb-899568584faf	Bükkszenterzsébet	3257
bf10ec38-f212-41f6-bf07-f3b15f54ea4e	Bükkszentkereszt	3557
f29a4225-d525-46f6-a466-8d687d6c5f6f	Bükkszentmárton	3346
b7d2bb70-a224-44ed-b1d2-63b3b72f61b6	Bükkzsérc	3414
3d217f6f-6071-40bc-8395-c2b6c8254a63	Bürüs	7973
8f9ad8f8-b6d6-4b95-90cc-e2b8ccb8e9d3	Büssü	7273
8d1ac48b-37ab-4a76-af41-947398a48215	Büttös	3821
75a1b3f5-1767-4952-81f3-268b69fd4cab	Cák	9725
6e816bde-0662-4c75-ac41-2fb7c2160d70	Cakóháza	9165
7473dc53-5639-4600-8d1c-e612c0b03a6a	Cece	7013
a006bd30-6631-42ff-861f-612e2b05c6d8	Cégénydányád	4732
89e1a55d-6590-4465-9d78-55bbd0988241	Cegléd	2700
4f769ad7-bc92-4a61-8e8a-e01db053f5bb	Cegléd	2738
de508006-627e-46d4-b819-40bb4a6ce7c9	Ceglédbercel	2737
a941eb9b-7c10-4a14-9eca-475b9b979f5b	Celldömölk	9500
da272d32-fe84-4582-847a-b38b6e9d984e	Celldömölk	9541
1b22ca31-260e-45cf-a176-b0fffb975cc8	Cered	3123
edbe621d-dad6-419f-aa9e-34369f442e52	Chernelházadamonya	9624
1e899a0d-1103-4e4a-a4a6-ec51a0e4e67e	Cibakháza	5462
3aaeec64-a827-443a-9d83-54631c3f9b37	Cigánd	3973
d5504ca8-ca71-49ee-898c-50073b8c435b	Cikó	7161
beee1228-c37a-4842-a91c-3382c3bf87a2	Cirák	9364
8a575402-c03d-4a37-a72f-697ac043cb0e	Cún	7843
aa009fbc-3a74-414d-9f12-99149dd061e2	Csabacsűd	5551
2aafc860-9241-45b7-aa68-2b00d01c8bf0	Csabaszabadi	5609
8c69183b-3fff-4f3b-8894-81d24158090e	Csabdi	2064
c0af17ec-923b-4914-a530-6971dc473387	Csabrendek	8474
1e383a3c-dd9a-4475-906a-06dd916db770	Csáfordjánosfa	9375
f4152d68-4bf9-499a-88a9-38e0a5be234c	Csaholc	4967
f3bfc3e6-3dd7-4b19-80ae-5f7540757419	Csajág	8163
e8692309-0d7e-444c-9ba8-626f59c56d32	Csákány	8735
8baf9c30-021e-4432-9532-ef1a9cf9ce24	Csákánydoroszló	9919
79878c6f-935e-489e-bca6-266beac50f3c	Csákberény	8073
8e586eb8-1dfa-4206-b163-4d2eb02f7a1d	Csákvár	8083
401dd8ea-5dce-4dc7-a418-711f85da5ee2	Csanádalberti	6915
b3dd763d-78fe-44d3-80f9-828cdecb09bf	Csanádapáca	5662
0356aa06-8830-468f-863a-90248bfbe1e9	Csanádpalota	6913
192b4cca-3bc8-4655-a8a4-098ba3b81257	Csánig	9654
c546872f-8fcc-4750-83a2-4aa740ae56c4	Csány	3015
066efc1e-e993-4d39-ad49-16129e5127d0	Csányoszró	7964
1fa9c8d8-a11f-4f89-9049-6f88947bc0cb	Csanytelek	6647
9388a1fb-774f-4f34-80b8-3e4b7367d509	Csapi	8756
e61b8252-cf01-4849-8f14-0468331597d8	Csapod	9372
5664da04-8f54-4e54-9ff0-52c1846cdbc3	Csárdaszállás	5621
1706cae0-eda3-43c4-87cf-110b89fbf852	Csarnóta	7811
83bc7490-f597-4c42-b65e-a7ec138c90f6	Csaroda	4844
55aa555a-d566-4f5e-96b4-742241db2982	Császár	2858
b3710a4d-f97a-4914-8060-464ee6b409ed	Császártöltés	6239
1985827e-ffa1-4cbe-b3d4-f3d3a97dd8ea	Császló	4973
93f8437f-6952-4462-bf3c-fd20ce7f6f85	Csátalja	6523
f4057acf-6960-45c2-8f73-52153bec5534	Csatár	8943
b8d2148c-fb52-4a27-9c77-0c9f4fb0436b	Csataszög	5064
706a64de-098b-4b37-8c49-6d0be316d239	Csatka	2888
1593f5a4-6316-4742-a689-1e2ee304df25	Csávoly	6448
75a36f31-d696-47a2-92e2-3c447ebe2a62	Csebény	7935
193862cb-1919-4fb4-9f74-651709b815f0	Csécse	3052
2e542677-2c99-4375-aba4-c36a5570ed14	Csegöld	4742
5bbf444d-c296-4308-80fa-af0d4faf8e1a	Csehbánya	8445
afda817f-6f5a-45f6-b436-232d98a5a6ec	Csehi	9833
c20a669b-6419-481c-b087-a99b901f5a66	Csehimindszent	9834
27ba0b54-2859-4609-9f6c-b195933cc935	Csém	2949
363406d7-1f4b-44bf-90a4-57f0471d0841	Csemő	2713
afb82dc5-02d5-4635-bc8c-d7d1e2e516d4	Csempeszkopács	9764
eed5aa6d-5410-43ab-9f04-5a0ff105cb30	Csengele	6765
04c49496-7771-4252-8531-f744248c2380	Csenger	4765
13f76107-ed7b-4045-8e62-41080529409e	Csengersima	4743
3e61f160-a1ea-46ce-8675-b25f30daa38e	Csengerújfalu	4764
c283f6c4-3070-496c-81a2-986a7840cd70	Csengőd	6222
4b623fb5-5aff-485a-8aac-3a113e15aefc	Csénye	9611
b5b83f5c-741c-4091-9ff3-a20c8e7c3f5f	Csenyéte	3837
e96dfb66-107c-47b4-9380-a811460aa245	Csép	2946
f19ccaa3-102a-47a7-8580-af34648d33ce	Csépa	5475
1ad7268e-0609-4bfb-a1a5-13244059eff4	Csepreg	9735
e37797c8-a9cc-476e-baad-ea3ce7f9d5d6	Csér	9375
d5f015d4-63b5-4b3d-b2b5-596c70ccb7e7	Cserdi	7683
a2f1a46f-f8e3-4e87-82d2-91a49a25c79f	Cserénfa	7472
1451960c-fb4e-4e7b-bc8a-6e4f509a02b7	Cserépfalu	3413
6ea2781f-4490-49e2-aead-d150d5a4200e	Cserépváralja	3417
d68bb68c-c64c-4e25-a838-7cc839969180	Cserháthaláp	2694
928c74ba-8184-4626-8031-007a6fce5266	Cserhátsurány	2676
fb2073a9-61d7-41ab-875c-0184cf0ec8eb	Cserhátszentiván	3066
b6c7f7c4-0edc-4971-9a0f-4aa10f4f208e	Cserkeszőlő	5465
ad957ca3-70b3-4bda-ae91-ab20ea4a2b94	Cserkút	7673
8d77746c-cfcb-4069-9dbf-95258c4a3824	Csernely	3648
0ac913cd-5a7c-42ca-86eb-4e6aebd438cf	Cserszegtomaj	8372
9c4cf781-1855-40a8-bff7-5c5c41088aa5	Csertalakos	8951
e2bd717e-bf94-4ce4-8a42-ccd23a1fd776	Csertő	7900
fb5ae149-eefa-4eed-b7fd-f4d6f6f523e4	Csesznek	8419
3d731019-7eaa-4106-b832-678425dd7e0a	Csesztreg	8973
2d291c11-7887-4573-b6f5-85d886739cc5	Csesztve	2678
6c638d21-a10b-4c5d-be7e-ce69f4762f09	Csetény	8417
057ad00a-f20b-4983-8a9a-b8e748169da3	Csévharaszt	2212
5463790a-8ef4-49d0-b9c1-dad57d37354a	Csibrák	7225
6b709fdf-2cbe-4d76-812e-717f24614cd4	Csikéria	6424
4cd9b564-486c-4313-a933-3a0814f6a2be	Csikóstőttős	7341
166268e3-447e-4332-b0f6-17e603de3d63	Csikvánd	9127
d5e6b005-bfd3-42d1-a7b8-56cbffc569e7	Csincse	3442
baf23844-5561-4156-9009-bb966313f935	Csipkerek	9836
600149a9-7d01-4ffe-a49b-02d6033e2903	Csitár	2673
fa927b12-08c6-4b8f-88b7-3b29ce9e5a5e	Csobád	3848
f3afcda7-efdc-4f53-8f0d-e51eb7c2886a	Csobaj	3927
9faa84c8-0b97-4274-9a94-e4ce3ad49a19	Csobánka	2014
0bed3a99-c645-45d6-ae23-7ca8ee9fd960	Csókakő	8074
ef81b216-4165-47aa-a806-0b8cbef0b229	Csokonyavisonta	7555
a61be34e-7497-4d22-9627-76bd62d8cf10	Csokvaomány	3647
d310f70c-3e02-4835-84f7-28305e95f076	Csolnok	2521
bc76b085-929e-4e99-b599-1c18a6538cb3	Csólyospálos	6135
07f7816d-bd3c-48e9-8724-41a627ddf75c	Csoma	7253
5f14e9f4-33ab-453b-b558-f0790fa5320e	Csomád	2161
c4cc2680-caf5-4b22-be6e-189107b76ba6	Csombárd	7432
d6c87287-ce88-4933-a8f2-fcf12b18905e	Csongrád	6648
eccc2713-d85b-469c-bb62-cdf33b6e3a69	Csongrád	6640
efe952d2-7bd8-47cb-997a-0773b6fb2e00	Csonkahegyhát	8918
634f9256-8c79-4c12-a12d-f3bb8953d494	Csonkamindszent	7940
bc43143b-ff23-4f09-8df9-d43ca2d1169d	Csopak	8229
b8f5c727-73a7-4ff3-b131-bbeed3449828	Csór	8041
4d5f0653-aeae-46b1-9cd2-5f0a0baef1bb	Csorna	9168
4045de2d-c2d3-4003-99fd-da68443858f4	Csorna	9300
03b5bc5e-496e-44e8-bbd9-a7b37e5f2308	Csorvás	5920
1406567d-ed25-4263-9168-fc967ee44a35	Csót	8558
d54d309a-164c-429e-9266-8def23133605	Csöde	8999
db8dd954-13b2-4206-a364-92d0bc057a24	Csögle	8495
156bf6c4-c88f-4068-a80d-834982832e4a	Csökmő	4145
f76e1262-5247-484e-928a-a06ba961ebe2	Csököly	7526
4071a391-daff-4d53-bb00-694cedf6cf30	Csömend	8700
f5977b6f-03aa-4088-8bba-b95ebbd614c2	Csömödér	8957
5bbcdf00-1387-4dcd-a3eb-f6e44f18456c	Csömör	2141
f9ef20a6-140e-4d4a-aa49-274450a567d1	Csönge	9513
314749b6-bab0-45fd-9841-b3a6708e621a	Csörnyeföld	8873
0defbac1-ea88-479e-828f-72f37e65c666	Csörög	2135
06053fd6-b8e1-47a5-91c6-7fdbee93b3e7	Csörötnek	9962
c527ca5d-827f-4892-a832-80cd95716066	Csősz	8122
abc5fe09-04ae-4825-a2a9-ccd70c64c144	Csővár	2615
c9a77eed-d0b7-413e-aaa7-0c24f01caafe	Csurgó	8840
cb65fbce-55e8-40a7-b41b-c14f92030930	Csurgónagymarton	8840
f58f817e-6266-469b-b9ec-14505848e0bc	Dabas	2370
88aa8d1e-22fd-4191-8394-e8b2a0f591d1	Dabas	2371
99e9d89e-8c0e-46fe-a613-745b9bf57208	Dabas	2373
c7c23cc9-14c6-4514-8c18-4518b452b947	Dabronc	8345
328ecff9-7bae-40c6-96ad-609a561adc3b	Dabrony	8485
ebabd154-2a17-4b60-8cc8-17f882dee2d8	Dad	2854
3a2601fc-5fbb-4b32-b6b3-e001276301cd	Dág	2522
4237b796-400d-4a07-9dd6-0ac411465bc5	Dáka	8592
8ec65c49-84a0-45f6-92b9-d94dc446e529	Dalmand	7211
554ab44d-1a33-46b0-8fe3-b08f7711ee7b	Damak	3780
74d1b66e-576d-4d49-9f11-de027f8cb70f	Dámóc	3978
260eaee4-ffbf-4c15-bde1-94087defe558	Dánszentmiklós	2735
4305fb3d-bf3e-4b39-b4e7-81b917cacabb	Dány	2118
c839b38f-fe87-405b-bade-e9f85047136a	Daraboshegy	9917
a0de457e-3a54-4775-bf69-510c1d921187	Darány	7988
b2c1b5fd-d922-4858-bc7a-6cc122ca3908	Darnó	4737
b7662d31-51e7-45f5-ac85-9b0900d125f8	Darnózseli	9232
b12c394b-aea5-4702-8afc-d76d26a2233d	Daruszentmiklós	2423
3bd71b26-bf26-43b4-8974-c98dd5017ba2	Darvas	4144
b3fcf82c-a3fc-4e5e-99b7-877cc64a68ed	Dávod	6524
4531a774-f3b2-4880-afc8-d6756372e5d9	Debercsény	2694
bac372e8-f123-4576-b3fc-6efb5f1d770e	Debrecen	4042
dcb6325f-f594-41d8-be07-9f1500792637	Debrecen	4033
e0721c55-07bd-40c3-875c-d8298d40995e	Debrecen	4027
c425f79e-f530-4ac4-b51b-ae45f868f3e4	Debrecen	4028
6adf3ac5-1281-403d-87a8-b75c96c93fa6	Debrecen	4030
495ab5a4-2a64-4ba2-8a90-17a73ab02c66	Debrecen	4000
4878228b-9a59-4a6b-a9c6-a526ffad575d	Debrecen	4029
44bdb556-a34d-476d-8e2e-1fd1f834ca14	Debrecen	4225
1cd8b3f4-d036-43fa-b60a-30992a31a012	Debrecen	4025
95ad877c-ac8b-4e7e-a3a3-61bc007effa0	Debrecen	4026
42897238-b304-4cd0-9f60-74fea72fa30d	Debrecen	4063
52c6b7e5-8fd0-4451-aef9-1910dd9fe910	Debrecen	4034
4b4b6856-eeb1-45fc-841e-b03e2e25ab7a	Debrecen	4079
ab5f5d77-cd5f-43e9-9f4d-2b0302c9c9bd	Debrecen	4078
ca868ed0-8ba8-4555-8de0-f323178065f9	Debrecen	4032
65940524-bb82-458b-8c5b-ee3e3c6d4b6e	Debrecen	4031
ae05c528-2346-405b-b66f-e3e19c8769cc	Debrecen	4024
8769cdca-9379-4286-b1d8-fc4dd6e2fddb	Debrecen	4002
4fdf05c0-54da-49ab-9c61-0342b1063b92	Debréte	3825
b8d8a493-9407-450e-8c64-3bef7b72bb43	Decs	7144
f29ec4d3-d4fc-4c38-aa43-d857d0ff81c6	Dédestapolcsány	3643
d7d416e4-72e1-4d36-956f-50eaae4b7a0b	Dég	8135
413b8d29-36f7-4181-8c8f-121365085b46	Dejtár	2649
d1e88e89-1ee8-4a42-9c70-69e89b770414	Délegyháza	2337
eb941b6b-b5ac-4c75-8f0b-eb3055beff4b	Demecser	4516
8cd91be4-a386-4909-9578-35ce9d8c62f6	Demjén	3395
53740b09-c7f6-464a-8d03-ffa6b3db431f	Dencsháza	7915
d7986c05-db4e-4c55-8eab-418b33c21f4f	Dénesfa	9365
5482c57e-8421-4730-a5f5-204de4dfeb9a	Derecske	4130
9c0568f6-ea41-417f-8375-929b56533cc9	Derekegyház	6621
f84ddea6-0d0f-43b8-9393-ab457656c20a	Deszk	6772
7bd75084-b08c-4993-9872-39c35937c350	Detek	3834
2ee35752-e7a2-4d1c-a958-2b79ba08b76b	Detk	3275
875b2577-480e-418d-8a43-f56b60924591	Dévaványa	5510
0dcf42d8-6da5-427c-9730-6a3a063ba2d7	Devecser	8460
302b14ec-700d-4c25-a6c2-c599675a3586	Dinnyeberki	7683
b4dc27bd-23ae-4171-97a2-9ac9383630a9	Diósberény	7072
e1b9f6a5-ce33-463a-8b93-ae46d90c3029	Diósd	2049
05713159-74c4-4aad-9062-650c030d7a2d	Diósjenő	2643
faa92ef4-1272-4d62-a85d-138b28f903bc	Dióskál	8764
fcaedfc4-c388-450f-aa4c-96a16f5cb067	Diósviszló	7817
b1ebfc41-c44c-4aec-b460-f9c3236e1ae3	Doba	8482
49ad8787-08d1-424d-8bf2-60df9d3cff80	Doboz	5624
31ab27a8-b7bb-4d0b-9e19-3c9b5f3dcd08	Dobri	8874
1a72bcf0-60eb-4264-84bb-d024b4423831	Dobronhegy	8989
152083d1-771a-4976-a8ac-179665382fcc	Dóc	6766
5131da09-7698-4ab5-94a1-9ad93459abbf	Domaháza	3627
abb0a472-0dee-45e8-8da4-225acadbaa04	Domaszék	6781
e08e56cd-5578-4489-94c0-029426a490a7	Dombegyház	5836
3290c91e-d5ac-4e6d-8ad1-1f1ac078b428	Dombiratos	5745
5a17032a-82fa-41e6-a2f4-36c429cf5cd1	Dombóvár	7200
d06bf57a-c0d4-4317-bca0-03593edd80a1	Dombrád	4492
305709a0-f0b0-42bd-b233-b02300f02543	Domony	2182
1366d871-89b6-4fde-8eed-b18923acf7e7	Domoszló	3263
0172f2e6-44d0-48d0-8736-c78987bf3ec3	Dormánd	3374
58f7a582-f020-46fa-a223-86d598977ee7	Dorog	2510
6b9d5f4c-2888-4b46-8e83-e8fad6e90c58	Dorogháza	3153
836ce98c-f57e-4b41-bd64-468ab3c62bbb	Dozmat	9791
3f80801e-078f-47ff-a7d3-5363d4079fd1	Döbörhegy	9914
9989eb8a-cc8b-4548-a961-e9e835e2e84e	Döbröce	8357
f8a00604-5699-41bc-9017-723f068f6ce7	Döbrököz	7228
d62345b8-8ef8-499f-810f-7c51090b498d	Döbrönte	8597
eb83199c-d56d-47d1-af57-31dd8cf86e5a	Döge	4495
5ae8f509-24e9-4409-b560-b66e4680a567	Dömös	2027
0ed1b300-ecca-450e-aa47-150b75015959	Dömsöd	2344
217b165d-c5e0-4ba0-a141-638e13e1c79c	Dör	9147
573ce470-f8ca-432b-834d-c06065c8577b	Dörgicse	8244
e97607a4-f940-4993-badc-d13b61f1e9bf	Döröske	9913
f71ab484-200f-48f4-af3b-b6839fa9d2c7	Dötk	8799
ee7ed8fa-0874-4afd-a897-4a7bf00407b8	Dövény	3721
6b58d3f6-09ca-4937-8fd9-18bcf9c04b75	Drágszél	6342
9f1b9623-167e-4df1-9761-86b1be149781	Drávacsehi	7849
26ca61e3-ad75-4c13-8780-372f5fd5f510	Drávacsepely	7846
85fd1730-b5c0-4747-8bda-b95dfd310475	Drávafok	7967
1c52cd6a-3ba0-4e0f-bb78-00adacb4278f	Drávagárdony	7977
a20803e6-39eb-4ed4-9b6d-20b9d472629e	Drávaiványi	7960
fec1ed0b-78af-464f-832f-a9d35d8c8481	Drávakeresztúr	7967
6a9eff06-331a-42c7-ae5f-48a7ae7e9ed8	Drávapalkonya	7850
c212e06b-e49f-455b-a82b-5fb987b82c78	Drávapiski	7843
8b5c1fd8-be07-4c1f-bb9c-2edd019514c4	Drávaszabolcs	7851
1f980c95-bd6b-449e-97c8-376755b714eb	Drávaszerdahely	7847
8f1d08e0-c48e-4c06-8db4-3e3e87bad5b9	Drávasztára	7960
152cc93d-8a4a-499e-b9bb-3656fc341984	Drávatamási	7979
a5b48f21-00dc-4b95-b811-8128146fcadd	Drégelypalánk	2646
16344640-bca5-4be9-b093-119bb48eb830	Dubicsány	3635
55c30a55-dcfb-4e24-b177-527e058fff86	Dudar	8416
a76dcba2-af6d-4102-b04c-4fffda1ecaa3	Duka	9556
e61f4602-0028-4edc-a884-b68b045f53bf	Dunaalmás	2545
5beb699e-2feb-4b3f-8926-452f3e7d20ac	Dunabogdány	2023
c2358879-6f75-4a48-83ca-9704194fe9d8	Dunaegyháza	6323
4579bdc8-c0b9-4e41-ad26-fbe0eb2cdb5d	Dunafalva	6513
4050ee20-5c02-475f-ac28-f6f2e84d9555	Dunaföldvár	7020
793331d8-c92c-4d99-a59c-b765e8f41afb	Dunaharaszti	2330
ffeb30be-77ed-42d8-97fa-89a54b36ffd7	Dunakeszi	2120
c3ef56dc-fac9-4e2c-ac7d-152216b71778	Dunakiliti	9225
7d9f5dda-2e62-43a2-9685-1379ac66b1b7	Dunapataj	6328
61c43071-0a8a-4442-9d6b-b4e811f5595c	Dunaremete	9235
adc4c695-456e-4c48-9b6e-5be2716a20bb	Dunaszeg	9174
d73e8b2c-ae80-4c58-a75b-5489ed0dd71f	Dunaszekcső	7712
14afbc30-d402-4444-a678-e314ef5c2339	Dunaszentbenedek	6333
bf345e9b-1b50-46b0-a0c5-68b6fcfb61b8	Dunaszentgyörgy	7135
be8f0a91-cab2-47dc-9355-88efa487e10f	Dunaszentmiklós	2897
ce885810-e345-4909-adcd-387a9b2a72f7	Dunaszentpál	9175
e71c5995-a2ee-42a5-a023-38416fa2e303	Dunasziget	9226
9c72d684-6b24-495f-84d7-19899081a50d	Dunatetétlen	6325
53792ac5-d12d-4ab4-b3aa-4b396a6d41d3	Dunaújváros	2400
c06d8b9d-ba8c-496d-a05b-b361d10f668c	Dunaújváros	2407
626b5d56-2e5d-4358-9e98-0b623aafcf76	Dunavarsány	2336
7c12c0c0-9b95-47b0-a6db-3139156a7d10	Dunavecse	6087
9191dfab-40a4-4ee0-b30d-a761fbc940ab	Dusnok	6353
356d8934-ccfd-4380-8a90-9fd0afe04305	Dúzs	7224
8f5fd9cf-10f4-41dd-b668-1dce574a9c28	Ebergőc	9451
1c367d86-0d96-40ce-b465-5d7569ea3158	Ebes	4211
9487a2c7-b9de-4c77-9651-c99707086d1f	Écs	9083
cf35f86f-aa8e-4499-9300-bb1da1d72edd	Ecséd	3013
895e9d24-fa2b-47d0-b35d-f6228d5159e2	Ecseg	3053
c0e806b1-efcc-43a9-b942-0ceacff8ce62	Ecsegfalva	5515
b77d9a6b-536e-46ea-b4b8-5f77e4b1548b	Ecseny	7457
53038414-1b03-4180-a41a-551dd6da82bf	Ecser	2233
8c3d0f77-9fd9-4151-9d6a-514fff53be85	Edde	7443
e4b45ac7-d569-42d6-b6d5-98ac53a63815	Edelény	3783
98dcd7da-a607-48b1-acec-fd465210de5a	Edelény	3780
55997c31-b022-4518-b68d-93ebe6c63d70	Edve	9343
dd1285b9-7dda-4a18-9675-30af0bd8b037	Eger	3300
1f5a2528-667a-486b-a34e-e35aad74aba9	Egerág	7763
f9fec46c-e32e-4bfb-ae52-004370010f4e	Egeralja	8497
b6b1c270-baf1-4202-b012-856cb18a0bc8	Egeraracsa	8765
ed7a4b58-dfbb-4cba-81ed-dc2b0793a50b	Egerbakta	3321
54f4f561-22a1-4ee6-9942-54291aa4e2b3	Egerbocs	3337
6d066713-f8b1-41ba-99e1-d9012c6e79b5	Egercsehi	3341
fa7fb2ee-d88b-4c18-bbc7-3afa85f405da	Egerfarmos	3379
bf25ace0-565b-4034-b330-8b4e1827b5f6	Egerlövő	3461
abf24871-8df2-41a1-8829-744dbddaa965	Egerszalók	3394
3beaa754-0dbc-4aa9-b980-42a92ba3c82f	Egerszólát	3328
71b291e3-93b9-4c68-91e8-3035e6cefead	Égerszög	3757
7114f820-ddb7-418d-a224-ebd1f63f1045	Egervár	8913
4a6e9491-915d-4566-8379-4452c0d67f12	Egervölgy	9684
4ce83044-bac6-440e-9429-f103921fe345	Egyed	9314
c1fd3a66-6b8b-4394-bafa-3beabf350d8c	Egyek	4069
e4a1aef1-5d1d-4e0d-a7dc-259bf0658e70	Egyek	4067
de04e3c1-7962-4833-9500-8f92f63ddc33	Egyházasdengeleg	3043
6694d796-85de-4d60-947c-4c9016c400e0	Egyházasfalu	9473
c03084da-25dd-4c39-bab5-c8c585d2c0b8	Egyházasgerge	3185
eae1651e-14e7-4622-ac72-bfbc51f7fc7c	Egyházasharaszti	7824
e7663809-6d7d-4e3c-ba43-e69a4f2f0a5b	Egyházashetye	9554
033b252a-34b2-42cf-940e-a7abe4207152	Egyházashollós	9781
d5da8ea9-18a0-4d65-bc77-5fd3923cb966	Egyházaskesző	8523
75657c15-be5b-42a9-9c51-be93ee319875	Egyházaskozár	7347
ad4df503-6709-49a5-b5fc-5b7d5e6f59f3	Egyházasrádóc	9783
30ae5f28-e9f0-4d9d-982e-c04f91de5b61	Elek	5742
bc8cfd0d-8cdf-4006-8443-b9acf2367396	Ellend	7744
67309870-acf6-4baf-aada-27fbf00942d3	Előszállás	2424
5eae469b-6341-4bad-9eee-f5fffb17904b	Emőd	3432
b4ff34ec-7bcf-42ff-bc16-2149193017bf	Encs	3860
6204f99d-abe1-4bb8-82a1-55599b768870	Encsencs	4374
d0372e8e-ffb9-40fb-b8ce-ab34c30a4495	Endrefalva	3165
235b1718-e5c2-4316-b81e-2170ace37560	Endrőc	7973
6beb1d4d-0dc4-4400-a813-9a95dfc61825	Enese	9143
4506c552-eec6-4cd9-8ae9-1959b3dca231	Enying	8130
ba5bb5df-0f5a-47a8-a9a4-4671fb40c297	Enying	8131
d8e0125c-fe80-48e4-aadf-dc9d50379576	Eperjes	6624
5af49ae5-e129-4f21-8635-2e2001860691	Eperjeske	4646
03a3947e-7a0b-4360-80d5-a17d3631192c	Eplény	8413
998571e3-4286-4a11-98e1-bfe4474938bb	Epöl	2526
96eeb7c6-e4bb-4e49-8fe2-cd3875e0e5dd	Ercsi	2451
eb7295b9-6124-4610-a0e1-68ededee931f	Ercsi	2453
7089e9a0-38a3-4e8f-bcda-51d16fab7f9d	Érd	2030
73f2f938-ab36-4325-8e1e-28c509815a29	Erdőbénye	3932
1b8ab89c-e227-4978-a642-ff29443b0080	Erdőhorváti	3935
00f49ddc-6143-44e9-b6dc-a71aa7db5158	Erdőkertes	2113
dfc9a457-8921-4d21-9998-0a0ef7e75390	Erdőkövesd	3252
a7ee9c5b-ec82-4606-ab71-466c219c14f0	Erdőkürt	2176
0c7e9dc2-d2b8-4d33-b9f8-b06c313be44b	Erdősmárok	7735
0604c1e2-15c9-41a4-8f87-f373aee8fbd4	Erdősmecske	7723
39c2e560-3e04-4d80-9243-883d0e331d20	Erdőtarcsa	2177
9eb5616a-1b24-43f8-89b5-32d782d2dbca	Erdőtelek	3358
27565bfb-8201-4b35-ab7e-c6b31bb2574f	Erk	3295
cf945596-aa62-4e8d-8326-cad0c48cfd1f	Érpatak	4245
33822cb4-1576-42ae-8b4e-2624749a24b2	Érsekcsanád	6347
fa3615fb-25ff-47f5-8f6c-4edcbd765102	Érsekhalma	6348
92d4b9c9-823f-4e2e-9015-e2739fc48db4	Érsekvadkert	2659
23cbd8cf-0369-4a58-ba3e-a8800473ab4b	Értény	7093
aa5499c9-0a35-421c-82f1-fc776b17e95a	Erzsébet	7661
82131aec-c983-4837-b7d9-bd050237f1f0	Esztár	4124
b5552ecb-dfe3-41ad-b2bd-61a5e8f93da2	Eszteregnye	8882
e6b5b5e2-5700-4bdc-b35b-f08b54e54828	Esztergályhorváti	8742
7ae35c0d-70ce-4dcb-94b8-54deb5553e84	Esztergom	2500
cafce209-334f-4897-b0bd-1d56be63b1f2	Esztergom	2508
91c4fc05-56f8-465b-9c09-ccfd900b3676	Esztergom	2509
33060c5f-fd2e-4e05-bd7a-5e0e76cb9917	Ete	2947
bed8be40-15ea-4600-adfa-9c5a6a153b09	Etes	3136
c9a0382d-ac4f-4e7e-b809-aa452b9d4b1a	Etyek	2091
52f7602d-0efe-4c36-9e5c-29313e76432e	Fábiánháza	4354
ddb275d7-6322-419e-9e3d-55933fa21ef2	Fábiánsebestyén	6625
fd353140-15b9-40e8-92c4-7cac321497a3	Fácánkert	7136
32c0bf6d-3af1-4e1b-9f29-935020a736ff	Fadd	7133
7f2eb8da-c133-4a98-adde-40d921f50fca	Fáj	3865
c8bacb48-b95f-4114-8773-453a1ce35016	Fajsz	6352
9d70fb24-15c0-4866-89bb-3421560d0d85	Fancsal	3855
8089975f-3b3f-4066-9775-4e8c7a991edf	Farád	9321
6d8e17dc-5584-4697-be1a-218c701bfa9e	Farkasgyepű	8582
e936bc59-fa5b-4180-b138-c68439768a56	Farkaslyuk	3608
b2557cbd-4aba-406b-bfb4-d1eafc5a471c	Farmos	2765
b638b28d-f1e3-4e7c-8efb-06ad8435fc0e	Fazekasboda	7732
482dca4f-328d-42d9-89e5-77e615fd09cd	Fedémes	3255
91f9c45f-5a2c-43c4-83bb-e7e433cd3b04	Fegyvernek	5213
af83d620-9318-4797-be59-75d7c11a97e3	Fegyvernek	5231
dd371af6-dbff-4fc2-a504-245766006cdd	Fehérgyarmat	4900
4ee84661-4bb7-4a3b-afde-cd9539c90602	Fehértó	9163
4aa3f909-9039-4722-819f-40db67ac62f0	Fehérvárcsurgó	8052
150a8f86-8f8e-4cab-b988-11e3a87c8150	Feked	7724
6e7b66d1-b8c3-4a11-bf91-25a86e0f3235	Feketeerdő	9211
eef893c4-09f1-45b0-93a5-33d4828e0d42	Felcsút	8086
7ec26de0-e9f3-4257-a832-3ba5ab6bbec0	Feldebrő	3352
37a9f0be-002e-46a9-a9a3-e6aa7a29b39d	Felgyő	6645
8e8fe614-a8ac-4397-8f4a-3ab720c25cb5	Felpéc	9122
1c94a600-4823-4a32-a078-e9b2039b61ba	Felsőberecki	3985
95165b0a-065a-49d1-b916-a79f13ab939c	Felsőcsatár	9794
dd43b919-a1b3-4f16-9528-82b5f2dbd6ae	Felsődobsza	3847
4b291049-5d0d-42cd-821f-b65f9b40ce47	Felsőegerszeg	7370
68f2c44c-742b-4217-a921-e23020f7d805	Felsőgagy	3837
859174d8-ac8e-499b-81db-ab1cb43a415b	Felsőjánosfa	9934
315166cd-de03-4a2a-b651-52174478e0c5	Felsőkelecsény	3722
cead5012-1c3a-4006-a8fb-fb837ccc6c5b	Felsőlajos	6055
cdb357fd-4c01-4351-b075-d0925852204b	Felsőmarác	9918
5818d2c1-b9a4-4f53-b116-a839b4cdca7b	Felsőmocsolád	7456
847b9aed-d417-4c2a-9f5f-cd5c6de85932	Felsőnána	7175
12bd2b55-dc31-4188-a9ff-91bc9fe76521	Felsőnyárád	3721
2ccd5651-bec7-48d5-b3a6-9b9b4d90b792	Felsőnyék	7099
0d33bddb-f0d2-45a6-822c-e22cceaceabf	Felsőörs	8227
882c3c7f-660e-4ea3-8b38-8f8caab85385	Felsőpáhok	8395
cc9bd625-0fdf-4f28-9611-7a12b94c1056	Felsőpakony	2363
83db3aa4-a946-46bf-809a-db03d9e7575e	Felsőpetény	2611
a9537aed-4c6f-47b1-aa69-736249714ee5	Felsőrajk	8767
e494d984-8f5c-4879-8ac3-dba8ba9629ca	Felsőregmec	3989
5ed9bd0b-e69d-4d7b-995b-96afb4c64dd8	Felsőszenterzsébet	8973
53d45184-1055-4ce3-8833-6f06620bb906	Felsőszentiván	6447
831f409a-7c7b-4c76-b2b1-47c9c497761d	Felsőszentmárton	7968
d51297de-e9ae-4926-8b95-e07c41369bbe	Felsőszölnök	9985
74011f98-39f6-45ee-bb7f-459ad4c995f6	Felsőtárkány	3324
15f73a41-549e-4a7c-9a7a-39fcd6dfe9be	Felsőtelekes	3735
67d096bd-e822-4d02-b1d1-b08b79c38327	Felsőtold	3067
17e2afd5-c55f-4373-97ec-de1784c6eb6b	Felsővadász	3814
1f75e555-6125-4464-8cb3-0b4949260f9a	Felsőzsolca	3561
8003d903-eb93-4f2f-8cef-fa2ea685ac8e	Fényeslitke	4621
4685cfb6-2074-443d-9a5d-10307e5b7114	Fenyőfő	8432
9bcaa398-e3a0-4294-a99d-5cc402736622	Ferencszállás	6774
08a4c1f1-fee7-423f-a080-a2861fe839bc	Fertőboz	9493
c5141291-9b6f-4324-b655-d38818cf0f12	Fertőd	9431
29cd15a2-7a25-4aea-954d-e80e732c36aa	Fertőd	9433
980c32bc-17c0-442a-9816-df488510e126	Fertőendréd	9442
22dcfd2c-9818-4734-ad40-07a3f93da364	Fertőhomok	9492
1f202dcf-de04-43c3-9202-88f61c9c52ef	Fertőrákos	9421
b32aea18-8962-43b3-9666-fd25272147e3	Fertőszentmiklós	9444
e161984d-ec35-49df-bf62-8ec76ee1406d	Fertőszéplak	9436
c68661bd-9b17-4303-9a40-2a65615dba13	Fiad	7282
69c16d43-e80c-40e8-b4a9-8a3b1e0fbc77	Filkeháza	3994
c6051d78-bc6a-421b-acac-57615775defd	Fityeház	8835
2cffe8db-d0d7-4e99-a7ac-bc9df21da814	Foktő	6331
9826315b-c474-4d3c-afeb-9f5dce51792c	Folyás	4095
f23da553-069c-46a4-ba7f-ebc1a3f072b3	Fonó	7271
db4b1c78-7791-468c-8c7d-a14e6a2f5f93	Fony	3893
f6d30f4a-43d0-4121-a9b1-b173823bf56d	Fonyód	8640
ecf1fbd5-8566-421a-8edb-3a0b3a6d0c9f	Forráskút	6793
065d4755-a7c8-45ff-b2c1-dd51a848cb18	Forró	3849
07e6484b-acdd-449a-b7cb-ef7ec4655bad	Fót	2151
36359c6c-34b3-4b43-b90f-b6aa856b3b1c	Földeák	6922
2943c268-023a-4636-a8a7-fde76e313074	Földes	4177
67e79c2a-d3cd-4155-9220-2610760ced84	Főnyed	8732
89415f76-f6ea-4664-9609-d54bdaae45e0	Fulókércs	3864
6fcd2f63-79d6-475d-88d5-fec03f1eed2c	Furta	4141
941df534-97b0-4f7e-b9f2-7ce5c3e6e87c	Füle	8157
5fd8b0c8-eb80-4fc3-b71a-d91c3cc94f5c	Fülesd	4964
ebd8b0b5-ce89-423f-9487-3c240567fc9c	Fülöp	4266
75cbfc77-2ac6-4f0f-b66b-1c84edbb065a	Fülöpháza	6042
673437f0-bbda-4232-abad-ca082b3e4e78	Fülöpjakab	6116
30a373fc-73e5-4972-960f-b8c512d57e2b	Fülöpszállás	6085
952691d7-0acc-42ca-9f84-f4721ad55b1e	Fülpösdaróc	4754
bcc2d511-2e63-45ca-93c2-f58c329f26fc	Fürged	7087
ef41eddc-fce9-4c56-a0a5-9707b48fda87	Füzér	3996
f873ff86-be21-4725-98d4-d0d2c6df1b43	Füzérkajata	3994
fa192946-d5bf-4701-821c-c62eb5b7327f	Füzérkomlós	3997
0c16819b-a6f1-42b0-a200-bed0e6bd19c5	Füzérradvány	3993
57f440a6-4a12-4c02-828b-217158e9dcb9	Füzesabony	3390
1337ef63-c5a7-438d-9619-aaf875e916fd	Füzesgyarmat	5525
646fad20-2776-439b-a006-18f1f9676a68	Fűzvölgy	8777
ab367779-2c2c-435a-9f3d-cbacabe3386a	Gáborján	4122
bddb57d8-e740-4385-9817-63c067c88a46	Gáborjánháza	8969
28b62c8f-3d68-4e3a-b66d-caffe5c617f6	Gacsály	4972
ac3903a5-537a-4729-bbb6-7722eace55d0	Gadács	7276
c605bb2b-ad17-4574-9dbf-efa8ad63b753	Gadány	8715
4dcaeca2-5c7b-40d0-8631-49656c930be5	Gadna	3815
4822921c-f763-4a97-9d5b-f59348490029	Gádoros	5932
02b52c09-09c6-41dd-9b2f-ebdfe28a4090	Gagyapáti	3837
c4de2ed1-49db-4659-8a8d-16fc4bc3fb8e	Gagybátor	3817
8bc6cae8-e1c3-4adb-82b0-08be7aae46cb	Gagyvendégi	3816
7b0499dd-7a7a-4682-b912-35669d18dd42	Galambok	8754
35fea2a8-1562-49da-b0db-2869b3e63ff1	Galgaguta	2686
575ee84d-4169-44a5-a67b-8530199301b2	Galgagyörk	2681
a32850b5-18db-484a-836f-f6793b4c0c21	Galgahévíz	2193
570af182-7899-4a07-9201-ff65c38cbc4e	Galgamácsa	2183
b304c2df-3e0d-4750-a1fb-43454272b41b	Gálosfa	7473
bf434cbc-3999-4929-b7ce-afe37e01bd7a	Galvács	3752
1fcc7fb5-a5c3-41e0-ba79-989a1c513aa2	Gamás	8685
fc7e51b9-e448-41fe-81a5-ae46d4d71597	Ganna	8597
8f1caa3c-8c6a-4315-9e01-bb305783c6ea	Gánt	8082
19c9edbc-9ab3-4062-bef4-e5cd87e57c40	Gara	6522
5f3fbc74-50e6-4a55-b60e-ebe55eb119b2	Garáb	3067
dfa9190b-ac10-4d37-82a3-798e43f67f2d	Garabonc	8747
684d477c-8b23-45a0-9c97-d9b3684f7ea8	Garadna	3873
f1ee5e2e-cefb-420a-a7aa-5e5d3d4dc7e0	Garbolc	4976
41d20a16-c93a-40d2-b131-ef4ad67dac56	Gárdony	2483
db6ea1aa-24c2-4564-a483-738e4cfa7e69	Gárdony	2484
ff38a335-ef23-47bf-8ae3-cc1fc25b9a35	Gárdony	2485
8d3f773b-b469-450c-9258-2ab14291e797	Garé	7812
4b4e394a-f2d7-49c5-88aa-75a40a190064	Gasztony	9952
ae7469e5-7638-4b52-9803-9f67735a304a	Gátér	6111
a3d95652-65f6-4c37-99f3-8b695e4a3666	Gávavencsellő	4471
9aa2658c-55bb-4510-b366-f2ab577e18f6	Gávavencsellő	4472
3c364be3-f679-4590-8a79-a0db7b83fd5f	Géberjén	4754
b696c72f-8774-400f-ad84-2d1ceca6dea6	Gecse	8543
4abc80e7-7fd0-449c-9b3d-a3f7006a7af1	Géderlak	6334
40a06026-0f56-4353-8e44-fab1e192d34f	Gégény	4517
818a8380-5466-4284-9c18-f7123cde93cc	Gelej	3444
b52cb31d-d1b0-4b1b-824c-b80adcfe9c27	Gelénes	4935
98853883-e279-4aa1-8976-d60270d4ffe3	Gellénháza	8981
87094251-2d03-41f2-bcea-06014ba5212f	Gelse	8774
b6af5f87-c697-4b2c-89b1-662aaea402e1	Gelsesziget	8774
faf2ce6b-2709-4a26-b6c9-3885532ba30c	Gemzse	4567
2e8ff5e4-3de0-450b-a6c2-156a31501d79	Gencsapáti	9721
bc95514f-3232-47b7-9c5d-2787ca97cff3	Gérce	9672
afe180b7-4cd7-43be-b5c2-4f15f0a50dad	Gerde	7951
5c74a063-de6b-49af-954a-7de963a51239	Gerendás	5925
c22ff10a-a640-40e9-9610-07efc6d91036	Gerényes	7362
4ad60fe8-035b-4bc4-a077-52c4684dac37	Geresdlak	7733
7a0cf116-9356-4234-9388-8843b301ba72	Gerjen	7134
6d1037d6-81a3-4041-8047-8ef7f55a8882	Gersekarát	9813
2186036c-0df0-4bed-99d0-72fd462fafcd	Geszt	5734
4841752a-3741-49f0-8d24-982638de739a	Gesztely	3923
51691842-1005-47ee-a527-f60030facab2	Gesztely	3715
f6848a27-051c-4aae-8f59-d6c098d707cf	Geszteréd	4232
6e3139fe-b3e6-45f9-bb01-6fae1057da20	Gétye	8762
354fea80-bd93-4794-a7ec-deee58c49abe	Gibárt	3854
348b128c-4cc3-49f9-b6c1-9b5780761a99	Gic	8435
de6b331b-8c23-4b7d-8053-b2f2e42a9ceb	Gige	7527
fb8158c4-36fe-4101-a2a4-fc5b0ea9b31d	Gilvánfa	7954
7a6b4316-dc5d-4c12-ba27-1da49f9c1e25	Girincs	3578
4ec7e226-b212-4bb3-be65-82a37149e0a1	Gógánfa	8346
c422fb20-7d00-47fc-ac5e-c0a1f5d3d884	Golop	3906
c0c21735-509a-47f2-8823-bf65b399164e	Gomba	2217
eae14f90-9be8-491f-bae3-8d2c806bfc37	Gombosszeg	8984
acfec792-a404-48d3-b3c7-09beab645023	Gór	9625
a470468e-62fc-462a-a909-5ed39eb802cc	Gordisa	7853
ada6087d-34e7-4b35-ad81-d09c6c18ee84	Gosztola	8960
f17368d4-0607-4e90-8e83-e3897af45ff6	Göd	2131
4b8087ec-d34c-473e-a03b-1150476a719c	Göd	2132
5056e04e-056e-4bc3-a14a-376ed6fd5159	Gödöllő	2100
b00aadf0-6d07-4d86-9b48-9ebdbe18c117	Gödre	7385
0a3e326b-eb24-49c1-b40b-bc91877c7d41	Gödre	7386
5a1207e5-5f85-4f41-bfbd-ad73d987adbe	Gölle	7272
1c6b1c39-e9f4-4fe9-b058-aa9cd9bc741f	Gömörszőlős	3728
deab3030-23f9-46f9-afe4-b8f327563fb3	Gönc	3895
c7779e82-c2f2-49fb-9b78-e41ab071ee6f	Göncruszka	3894
42b0771c-da89-4443-b934-3962716ae816	Gönyű	9071
4f0d1d30-d1da-4d29-8253-e26a1ca798a2	Görbeháza	4075
c84bf540-0ef4-4647-a033-7a3cdd184f43	Görcsöny	7833
b42d4b79-71b0-4818-80e3-93b89e3f064b	Görcsönydoboka	7728
36959b22-24a2-4178-bc93-de9dffdd14e0	Görgeteg	7553
c6f52f27-8737-499f-94bc-303ac251c16e	Gősfa	8913
3a9c575f-752b-43c9-b137-e589073144ca	Grábóc	7162
a0e64006-ea42-43c8-bc42-dd6841432627	Gulács	4842
e8d22f89-841a-4d07-aebe-004e9ddc6f13	Gutorfölde	8951
04d2b250-cc30-4a51-88d0-8410b124e4c7	Gyál	2360
51228541-87e9-40ea-b77f-ca3cabea908b	Gyalóka	9474
23d66541-7cab-4f8b-9183-35f64c4df5b6	Gyanógeregye	9774
cff03d8f-aa5b-4ff4-af70-9292533c5834	Gyarmat	9126
1367dce8-21de-4f15-bc93-60beeea746a0	Gyékényes	8851
f622446b-0e6e-42f7-b5ba-9cac04702faa	Gyenesdiás	8315
357f8397-e5a6-417a-a668-12d2537c3783	Gyepükaján	8473
0de7552f-0c05-4fc4-9b99-d4c851b59586	Gyermely	2821
b924a1a4-810a-436d-9ac7-61c00f4e9bee	Gyód	7668
8e3c1a5e-e203-4c54-b566-9ecc732a105a	Gyomaendrőd	5500
035c1836-5187-496d-b0e5-17091283298e	Gyomaendrőd	5502
184b9f4b-e64e-4a9e-8d74-2e9c144f0871	Gyóró	9363
1f1a2d94-8db5-427c-bb97-2cc3ff823c00	Gyömöre	9124
5ef2ccd0-dae7-479f-80cb-b08842c084c9	Gyömrő	2230
84273475-3593-4f16-a3a6-fec898901752	Gyöngyfa	7954
25a0361a-c63f-4225-9a72-a849c764230d	Gyöngyös	3200
8a2ee1ce-9fd8-47c5-8ac7-9ba8620eb80e	Gyöngyös	3221
12b827c4-83c4-4962-8e61-cef841ec508c	Gyöngyös	3232
748fb72f-3f5b-4fe1-afa4-cc3c9a58483c	Gyöngyös	3233
0651117d-82c7-40f2-b068-28a6255df0b5	Gyöngyösfalu	9723
12e80eab-723c-4a7e-a8bb-1916ba68b956	Gyöngyöshalász	3212
2b66b768-e4c4-49ac-9d8a-0aa8f899c419	Gyöngyösmellék	7972
1c01b8a7-b751-406e-9f13-994a86c83765	Gyöngyösoroszi	3211
ada6ddf7-b324-4e2c-a76c-18fa307567ed	Gyöngyöspata	3035
09a46fe4-0c5a-4cf9-a688-516b83ef8941	Gyöngyössolymos	3231
2d072725-fbcd-4527-8f21-cb1746bbaff7	Gyöngyöstarján	3036
6da6d365-d64e-4ca5-be23-009018b35145	Gyönk	7064
5aed808f-e2db-422f-8965-c5a50b8d4ff3	Győr	9023
3c6c441d-f21b-41c3-b916-f4ae7f8a2865	Győr	9022
af559416-8d63-4cb7-9cdd-00ea53351f3c	Győr	9012
a8b8e333-714d-4976-ad91-c4973b7e7bb6	Győr	9025
93f0d37e-55ed-4d82-b237-3580bc26c489	Győr	9026
4a2b72ff-565a-438f-9add-c2a61e347aad	Győr	9011
954bb769-5c49-4c8d-829c-9f3a9bd55e46	Győr	9028
37c7850c-8864-4bbf-9a4b-820289cb31cf	Győr	9024
5110f299-b9c4-4547-acd6-b88f33788bd5	Győr	9027
15e9e767-685f-47e0-8360-5ffec4fe9498	Győr	9000
f8556ae6-4812-46c0-a033-482fd478a7d7	Győr	9029
396a8d97-ea81-4b39-96b7-a47dece793e3	Győr	9019
7cf0da42-46d9-4641-a734-76d8f6172677	Győr	9021
75c65238-e96f-4551-9552-3344c47616e7	Győr	9030
d86fe965-f8b0-4a11-8ff6-bf8fdc38f08f	Győrasszonyfa	9093
0fe62765-7d37-4b4a-96e8-1696148662d5	Györe	7352
52d93e1c-d7e5-44af-8949-b1dce846dd98	Györgytarló	3954
9baf337b-3a94-4cbb-837e-9cce70975070	Györköny	7045
52926128-9141-4844-96c8-fe190e9c25e8	Győrladamér	9173
fd0241e6-c7c6-4d5d-a876-5bf4428ab010	Győröcske	4625
bce3eb87-6d5c-463c-9e15-3b878019fa74	Győrság	9084
14e97a52-6b58-4184-b103-21651a685f00	Győrsövényház	9161
7988742a-d7c9-49bd-9c39-68ed37141e75	Győrszemere	9121
87f2a1e5-a2d8-4dc5-96ac-e62ef00cb807	Győrtelek	4752
6383de39-a94f-4383-8aa5-9ba29f8570cc	Győrújbarát	9081
f621c238-654a-4749-a501-539db7d3703a	Győrújfalu	9171
bd65a064-3f9d-4564-9ebf-3c9b0b3b8754	Győrvár	9821
c955d201-5a31-43d5-a633-eb044dfdbf7d	Győrzámoly	9172
2c579639-3eae-4857-a2f4-e4159fc7c56f	Gyugy	8692
24c17a58-0bcc-4d5d-91a0-515c2c18d78c	Gyula	5711
290d0f27-875a-4d69-b2e6-95b1e113a759	Gyula	5700
35d07cdd-adfe-44fb-b872-6f881d23641c	Gyulaháza	4545
be3ecd1c-4770-4830-9680-9c456cb9743f	Gyulaj	7227
f3e22313-23e4-43e8-a78d-ef4cef9eac31	Gyulakeszi	8286
d01854a8-0bc2-4cb7-a044-2df5c57bf364	Gyúró	2464
549b4c82-b933-4672-b68e-4e3159e14474	Gyügye	4733
e1f26021-74f0-4dff-9013-2d1f414e513b	Gyüre	4813
ba2e263d-bf25-460a-a5d4-8554524a9549	Gyűrűs	8932
145c3a8f-2963-4a57-8743-60e85e2fc470	Hács	8694
8d1398a2-6836-4c41-be6f-cf8cfd83916d	Hagyárosbörönd	8992
19156742-2051-4c58-ad99-0fd73f08c1bd	Hahót	8771
b84f6f79-aafd-4bd3-b00d-e9a709c529ba	Hajdúbagos	4273
54e8c507-cf34-4a68-bb09-cbf1e842fe24	Hajdúböszörmény	4220
5d9abdc8-6523-4cce-b1c9-c9fa252c7522	Hajdúböszörmény	4086
ed78d6d5-2d5d-48cb-8bc1-14fa67d0e248	Hajdúböszörmény	4074
c4ba0dc4-d124-4a3f-8817-5db02f6bcbd7	Hajdúböszörmény	4224
8b6a8d21-87ef-44a3-8e1e-a876fc6192fc	Hajdúdorog	4087
93a5507c-e938-43b3-9109-62f684332345	Hajdúhadház	4242
e1357084-a11a-4f5f-903b-ee13f7becb1a	Hajdúnánás	4085
0086cad2-02cc-4ae8-84f5-6cf18ca736e3	Hajdúnánás	4080
a20047cf-aacd-496e-a1da-e5f4aa467caa	Hajdúsámson	4251
11d7e787-21d6-4df0-ac01-520a4cf5902f	Hajdúszoboszló	4200
34829f9d-d3c1-47df-859e-4784a0cb6b62	Hajdúszovát	4212
d2e036aa-2647-4829-9912-e9648e4fd9d6	Hajmás	7473
375288cc-a868-44f0-b6ca-e864648831da	Hajmáskér	8192
7170fbab-34cc-421f-b8a5-ad72bcf00c72	Hajós	6344
1f165eed-e329-4f82-a75f-2de54e89b327	Halastó	9814
19310f0d-14ab-4976-b8ac-901f3ab84fa1	Halászi	9228
5edb54b7-a942-40a1-a38e-84da703a8bca	Halásztelek	2314
c3564d21-17d0-430f-8b25-c3b996de20f3	Halimba	8452
d1f28c37-0ba2-4f6f-aed6-76a4efad08ac	Halmaj	3842
c9ab93fa-539b-4f70-997e-11415d4444d2	Halmajugra	3273
38df97b8-016c-43a1-b4c9-5090af6d8fb0	Halogy	9917
7681c897-775f-4a1f-93e6-66cfd402b84d	Hangács	3795
37b38927-1324-4516-b55d-d858dec13250	Hangony	3626
d554027a-f332-4b19-8834-9ebcc58c062a	Hantos	2434
ca5fb185-c30d-4bb7-a03b-91614ee56fd9	Harasztifalu	9784
567adfb0-9a12-4df4-aeb3-af7094c36993	Harc	7172
5be661fc-4aeb-41b7-b703-3bfbc6ab4cc0	Harka	9422
2f3cd955-a04f-4d15-8143-fb19ab2e3cc9	Harkakötöny	6136
da56feba-29f2-46b3-8ea8-4cf5728ff3d5	Harkány	7815
7e23264f-f461-45c9-8843-19d9a8ff3ef4	Háromfa	7585
6b173649-b763-4156-b7ed-92f8020d1795	Háromhuta	3936
af3ef577-7862-4987-be77-cabc5b073601	Harsány	3555
bf784fef-400c-4d28-acc2-e47c8cf1316a	Hárskút	8442
4bf15902-2778-49ae-80af-754fac939c63	Harta	6326
06b01213-1a8e-41e0-95d5-193a77c50cd3	Harta	6327
d77b51c4-2c36-495d-acdb-398ad3625b14	Hásságy	7745
3b621183-4a64-462f-a0d8-2df00e74c689	Hatvan	3000
5b397b18-06d0-4647-8446-be20791fb8fe	Hédervár	9178
74e25238-a0c7-41af-94c0-4dea14b273f2	Hedrehely	7533
66488cbb-84d2-4899-a583-4377286a6cf0	Hegyesd	8296
0602531f-40ee-4804-8102-fe621480ba11	Hegyeshalom	9222
9872374a-1029-4675-b2fe-5185a347a463	Hegyfalu	9631
9041db9e-254d-41b5-8707-968b51bc3b33	Hegyháthodász	9915
774643e5-c5b7-49cb-af08-5e75f5b9602b	Hegyhátmaróc	7348
2adcf563-9f75-4143-b2b5-52a69cbec276	Hegyhátsál	9915
f4002ccb-1b93-4815-8e7e-6ac4cd517a91	Hegyhátszentjakab	9934
c7344290-ff22-4d0f-b5f6-e052e335a566	Hegyhátszentmárton	9931
18554f46-e2c5-46e4-ba30-6fde3c636cc6	Hegyhátszentpéter	9821
6cf973cf-c4e3-4c1f-8727-7acb1b3ad7bd	Hegykő	9437
91534560-65ce-4e11-9cdc-843b105ae06d	Hegymagas	8265
a7d018b3-cd8b-4092-883e-b0bf207915a7	Hegymeg	3786
665f0fd7-f48a-4480-88c3-22e8ceace671	Hegyszentmárton	7837
aa925d91-cc49-45dd-9067-639ce4483403	Héhalom	3041
e4a07a9a-1a19-44ae-8d48-bffdb0be7953	Hejce	3892
10bfefa1-e3fb-4c34-953b-36f72ccd0952	Hejőbába	3593
fe31e98e-2f09-4d95-b183-96d848103bc8	Hejőkeresztúr	3597
e30798bc-2f8a-4628-8cb6-5c6454b37c83	Hejőkürt	3588
c45ba92e-4ae6-47b3-a19e-9c82fe727b96	Hejőpapi	3594
90786485-fc22-48de-83ac-b5b4e893367e	Hejőszalonta	3595
26188b90-a52e-4af4-a113-6accef4cb609	Helesfa	7683
7fc11dce-6a14-4006-83fa-94ca2b537773	Helvécia	6034
d585bc5a-a23b-4473-a016-5b71cb0895b7	Hencida	4123
9b5ca149-545d-45fa-9f8f-b6eebebc694c	Hencse	7532
baedc324-f8df-441d-aed3-04337b50c631	Herceghalom	2053
1df61fb6-fd37-424d-869f-45c7c01c3703	Hercegkút	3958
3be5ad5a-da37-4d72-83cb-b19a412a82cf	Hercegszántó	6525
331bc4b9-03aa-427b-ae0e-ba05e6018b6f	Heréd	3011
ad452d46-09ac-44ff-b99e-fb52c98b3d8e	Héreg	2832
f7e75d15-f7e4-43ee-bcff-e72f9663dfe3	Herencsény	2677
3a6b8782-08a5-4158-8c3b-142100d5fcbe	Herend	8440
78f6cd92-ddd3-42d1-b27c-56bd3cf06755	Heresznye	7587
3ba3d902-a4f3-434a-922b-25ada5dc3ce6	Hermánszeg	4735
aeaa78b3-87ea-45c9-ae4e-a44192271d16	Hernád	2376
f3b36583-63d1-4c78-9781-32948de3e05d	Hernádbűd	3853
d3ed7dd4-98f5-4a60-a355-b396aa560889	Hernádcéce	3887
5b2ec400-5c5c-41c8-99fb-7a1d61985dab	Hernádkak	3563
b3f34205-3e11-4dbd-b992-aee6a1711f2f	Hernádkércs	3846
4ff3239c-f1b3-4448-8fb4-c9ac1aaa1689	Hernádnémeti	3564
8bceb0c7-190d-4184-af80-cfb8c78048d6	Hernádpetri	3874
a4001d6e-b587-4229-b183-7229737d52a6	Hernádszentandrás	3852
1c0a76d6-b60e-4e1a-a90c-6c7b3f0e833e	Hernádszurdok	3875
f7366e1e-84d5-4c9f-b10e-4ac494f2e202	Hernádvécse	3874
0388804a-b484-4983-bcbe-bd50e8c5107b	Hernyék	8957
9a3119d1-99bc-4ba1-b01a-45dc7b31f8e5	Hét	3655
9e5cc235-5455-4c9e-9126-b6ef3a70b485	Hetefejércse	4843
f47461d7-9937-4669-b4a7-4fdfc3983126	Hetes	7432
3f3b4385-80e7-43d6-bae0-d4cd86064943	Hetvehely	7681
faeb6ff6-c0f6-4330-8de6-227229af8159	Hetyefő	8344
d0e8c7ca-bb09-4183-a3ec-c5d6a294bede	Heves	3360
b9157fad-f157-401b-9773-bb428bd67209	Hevesaranyos	3322
baaf2955-adfe-441f-9eee-ac3cb7095a2c	Hevesvezekény	3383
a95ed6db-0d56-4d00-8e43-4efe1c7b8e2e	Hévíz	8380
de6fc8f1-536d-4f6f-815b-fa06a56cc991	Hévízgyörk	2192
3bbe35fd-f31b-4a7d-8d81-08773d297e19	Hidas	7696
41063def-b61e-4f8d-a993-dec9cee835ff	Hidasnémeti	3876
8778196b-119f-4d2d-a24e-ebbe39d01386	Hidegkút	8247
909d8e65-525c-48e5-894e-90d3d82a327e	Hidegség	9491
0f67109a-dff2-4f9f-8a1a-917f47f7c178	Hidvégardó	3768
e6ed112c-5742-47e3-a52e-3922f595ea4d	Himesháza	7735
5cdd7291-3101-4b60-9746-4171bd34be63	Himod	9362
ff13c933-38fa-4aac-aa06-7d31de598d5d	Hirics	7838
f8ecddc9-ae90-43b8-9c04-1575ebc5428a	Hobol	7971
834e0b05-425c-4367-9afa-120d374251be	Hodász	4334
392af5fa-f3dd-468c-be65-29f0ede15895	Hódmezővásárhely	6800
26c43cc1-2d54-40b2-b0b5-fdc021f7daf5	Hódmezővásárhely	6805
c27733a0-cb49-44cb-aa4c-b496520298a6	Hódmezővásárhely	6806
5a503c68-2af3-4988-ba1e-a0d110d9a915	Hollád	8731
76bbf863-0453-48d4-a179-02cee3cf20f4	Hollóháza	3999
0675d212-fd64-43c6-9e31-62087ade75ab	Hollókő	3176
8ddd9190-8b83-4921-a864-00b7fd22c99c	Homokbödöge	8563
071ef2ac-4fcb-4103-8c06-d83aa24d1bf6	Homokkomárom	8777
9b0d0e52-afc3-40d6-8cb3-bb0296829e7f	Homokmégy	6341
5461f70f-7702-41a4-a6b2-9f5de9f68a46	Homokszentgyörgy	7537
3e9bdd47-cacd-4e6c-b334-55c2c6cfd1a0	Homorúd	7716
1b6ac036-5c02-4950-908c-239e805866e8	Homrogd	3812
12ca58d9-af95-4e03-94c1-9b8549450b27	Hont	2647
49c6bcd3-22a8-4730-9ed6-6072830bf7f4	Horpács	2658
4649b18d-d442-4ad8-bccd-1f9f30778634	Hort	3014
dc5fcd05-2be8-466b-a1ba-27061695ec13	Hortobágy	4071
cab858ba-f959-423b-8463-95fcf46cc450	Horváthertelend	7935
cddf877d-daf9-488e-a3a2-3c769e850ee1	Horvátlövő	9796
ebb35cdc-a1a9-495e-8af3-0a7a212b4845	Horvátzsidány	9733
a33d4808-e631-4cba-92b2-f69ee159277f	Hosszúhetény	7694
4b169972-176e-4a9b-bc83-d4dd7bd7d8d7	Hosszúpályi	4274
aa3cedf8-93f9-43f2-833a-0473c1ab5d8f	Hosszúpereszteg	9676
8a548dcb-f51c-451f-9e9d-cb44692a42ca	Hosszúvíz	8716
e3b5aad6-c607-4dff-86a5-0616ccce0e77	Hosszúvölgy	8777
79c20bad-f65b-4e67-8912-eebca5cb00cf	Hosztót	8475
b003c296-08a9-4780-8e8f-6e10e9bdfd8f	Hottó	8991
205e8fcc-a720-4f7e-96a2-a55554ce0d37	Hőgyész	7191
d68c9689-8386-4779-ad9c-220bc2e6638d	Hövej	9361
a66ccac0-5882-4af8-8755-94d13892afec	Hugyag	2672
4cc06268-0674-4426-ad3c-e4b290d47074	Hunya	5555
48f555da-0e21-4d0e-b08e-3c8f13a19c8a	Hunyadfalva	5063
7d2d5a0d-63a8-49c8-964f-b55e168bd78e	Husztót	7678
fdee4215-932d-4912-ace2-27227ae03fa0	Ibafa	7935
1cb8c083-cb47-4b30-905f-143a8deb072a	Iborfia	8984
2667eb5c-2373-4021-8847-18c346c44285	Ibrány	4484
ef47085c-eda8-4aba-a715-254cdc57c659	Igal	7275
6933f93d-ec2b-4001-8da7-430a688a64aa	Igar	7016
91c7b0ae-ac2e-4d16-8ace-4162debb0f33	Igar	7015
c3710752-8bce-49e9-a6ba-4412e081eccd	Igrici	3459
c7910ae2-eec5-44cd-86e4-0fb747f0346e	Iharos	8726
0ad861c3-d724-41de-828e-0ff6a623e22c	Iharosberény	8725
93901bed-acce-472b-8d21-0d52a1551456	Ikervár	9756
8a92c909-af34-42ea-a2ee-f7b43f44386f	Iklad	2181
e7ee8444-ac58-466e-bd75-6b5d2d5407ca	Iklanberény	9634
d227b270-d81d-4252-abed-da79bbdd075d	Iklódbördőce	8958
74d1df4a-9084-4a71-bac3-cbbc5cf684ea	Ikrény	9141
0158737d-3dbc-46d6-99cf-a9dca0094e21	Iliny	2674
ea2734bb-e613-4711-8c21-a6fa9b49ffa8	Ilk	4566
c5c21367-779e-4f27-ab6e-4348c6c0c0a6	Illocska	7775
9cc5640f-7ff0-40aa-93d9-7fdfb068ca3f	Imola	3725
ac58f4ab-4873-4384-9eca-1a5598994a45	Imrehegy	6238
5584e224-47ed-4aba-8643-d95828ca061c	Ináncs	3851
0cc263bd-291f-4743-b1a6-1cb46bc6e736	Inárcs	2365
d73a7075-bd54-4392-ae6f-fd799b721da0	Inke	8724
5e4cdc13-51fa-4e7c-96d3-d315e502406d	Ipacsfa	7847
e5100207-57c3-4839-bda4-77e0dac31213	Ipolydamásd	2631
64e4a08d-7c17-4614-9b45-40a1cd6ac396	Ipolyszög	2660
a7ec2cb7-69fe-4558-bc0e-6950973d68bd	Ipolytarnóc	3138
d7cdbce4-e702-43b8-8bb1-7ca44a880381	Ipolytölgyes	2633
0a5f5100-1054-47c2-9c7b-0ba799ee793a	Ipolyvece	2669
7da7ca89-c041-4b4a-94dc-10f986e5e4ac	Iregszemcse	7095
7d6793bb-1acf-4342-95b4-e71bdfcd8281	Irota	3786
5cd8c119-7dd4-4ae5-b1d8-6c95a99f94c6	Isaszeg	2117
78f89df1-b1bb-4833-b0ca-81495c432823	Ispánk	9941
03c99bcf-814d-490e-b14e-298311d1479d	Istenmezeje	3253
7e99cf17-9936-4119-bfce-8324854c1aff	Istvándi	7987
4cc0a31d-bd39-458a-a505-fdf9f4883cab	Iszkaszentgyörgy	8043
278c9c0a-ab57-4a48-8c19-0f746067d37d	Iszkáz	8493
05553cb8-769d-46c9-9586-c5dc5f68c291	Isztimér	8045
ece1ff5e-88f7-4c24-9b75-5144c794fc30	Ivád	3248
05835f3c-bd69-4cc8-ab00-4c6a22e85a43	Iván	9374
9415a55c-3ab1-4f9d-8d89-f34e6f9bc214	Ivánbattyán	7772
69123cf6-094a-46c3-8de1-298f28f74387	Ivánc	9931
7197f897-a6bb-4348-86ad-4343af018f21	Iváncsa	2454
fd64c208-1df5-49f8-8129-279e4e68db4d	Ivándárda	7781
3b88f7bf-d546-49de-bfb4-75cb393d697d	Izmény	7353
f1849d2d-6ff8-4b6a-9249-997fa0e3fe2d	Izsák	6070
b2156ac1-9e9c-4709-96e4-7fa912a4e44e	Izsófalva	3741
622a09a5-0aa1-45f6-88b7-13fdc08d5412	Jágónak	7357
bb83f0d5-873d-4f6a-8ea5-4dd533d6db54	Ják	9798
fb082730-cfcb-4e2e-b69a-78beecb1a935	Jakabszállás	6078
d2a4da7c-a82b-40b0-a047-a57c30b526d7	Jákfa	9643
cc8f8f39-ff8d-4756-8252-f807fc80e974	Jákfalva	3721
8f3f0928-5dcb-4d4f-b198-d922bce96a15	Jákó	7525
989bfd00-193e-4d08-8996-d81d89a28fcf	Jánd	4841
8b4c8d2f-b0fb-435b-9e01-9ecb83a682e1	Jánkmajtis	4741
2ef7cbda-77a0-4997-912c-45552759d332	Jánoshalma	6440
d9034b53-6d5d-49f2-a630-c0539af3f688	Jánosháza	9545
bd66f8b3-4c09-4afd-9012-83d6f8508c74	Jánoshida	5143
403f91b1-76da-427a-baa0-5ac7031e285f	Jánossomorja	9241
8f016ee4-7887-4cda-b5b3-5e34b9420ee0	Jánossomorja	9167
43fd1cc9-a46f-40a6-b7c7-eb2d757c380a	Jánossomorja	9242
f0334424-da69-4103-bb0f-276243a2559e	Járdánháza	3664
27dadfd9-7e25-4e86-988b-0e9ece784132	Jármi	4337
ab51e38a-7426-4b72-ae3e-6ce8536bd46a	Jásd	8424
3c75f053-8b0e-4f62-85ff-7637fa6fbda7	Jászágó	5124
83aa6660-7ec8-4a2f-9946-55d97e8f3b52	Jászalsószentgyörgy	5054
f69601e2-4e83-4737-9b00-3f052fbc6495	Jászapáti	5130
01bb0250-e809-428c-a151-e360ad5da6d6	Jászárokszállás	5123
06af1064-19ab-443d-b1ae-3105c90b54f9	Jászberény	5152
cab07862-2374-4855-9b71-0d952fa37159	Jászberény	5100
6edbc241-b8d8-49e3-b5fd-c16b7635a84b	Jászboldogháza	5144
4ddb71d3-eb1e-44f2-b02a-3ccd174ab5f5	Jászdózsa	5122
199e07ad-2ad7-49aa-aca0-0f64433af775	Jászfelsőszentgyörgy	5111
faa96a7b-773e-4d2f-b5d3-460d4478cb4e	Jászfényszaru	5126
44400ed4-f281-41a7-9b8e-679bfde5c31c	Jászivány	5135
62670bd3-77e6-4467-98fd-c6e1d9c27328	Jászjákóhalma	5121
02fcf735-d8aa-475d-ae69-3e2b9cfb0b38	Jászkarajenő	2746
38cd138e-909f-4594-9f59-638cc2858d87	Jászkisér	5137
38289eed-cce2-417e-8e55-fdc7957082ce	Jászladány	5055
3dc59743-15bd-406f-8de5-8af8fbb42786	Jászszentandrás	5136
9e0521dc-1535-406c-82d2-254239c78668	Jászszentlászló	6133
3c234e28-235f-4654-a7e9-76d39ba23f9b	Jásztelek	5141
17abdf40-0ab2-4420-9929-e723b3b86fb0	Jéke	4611
7253c5db-4262-43e0-b572-de8873bf9b32	Jenő	8146
b33dfbf7-509e-41c6-b36e-f48db14bda97	Jobaháza	9323
75d5ebe9-452a-4aa7-ae19-bce9b4f3e2d9	Jobbágyi	3063
7884d5be-cdbd-46b8-acc4-132143251b50	Jósvafő	3758
db119c8d-6ad8-4210-8935-12d2f27b4f1e	Juta	7431
90b26fc7-ae16-47d5-8bd8-7b9659e7590e	Kaba	4183
2de1ceb8-ba03-406e-b6de-cbd904d0a195	Kacorlak	8773
bae4c1eb-f023-443d-8efa-de86d96740f3	Kács	3424
fa80d3ed-3dd1-49f1-a5bd-2f9d1f9149e1	Kacsóta	7940
ac27da6a-6202-432f-b87e-57e6de3c96ee	Kadarkút	7530
35ff027e-9edb-42a7-8ff6-a8bb14ceabd2	Kajárpéc	9123
6f50e67b-4ab1-4327-8720-660ebd5592f1	Kajászó	2472
df3632f3-4613-4202-990a-5df1c399b8fe	Kajdacs	7051
bf79065f-c246-40c3-a775-ba0a2480e84c	Kakasd	7122
9f7bb7d6-0f99-4b9d-b815-8ddf95b3e02b	Kákics	7958
d086e7a4-f5bd-44a3-8501-0ec8edb0b325	Kakucs	2366
f5b924e9-1aab-4fc0-906d-d985ac4d7a41	Kál	3350
46c0e4c4-49d2-4f06-97fa-9547d8fee0d4	Kalaznó	7194
c9353d87-4e73-4321-a8cb-145a7767a3ae	Káld	9673
87463efc-69d0-48c9-a5dd-4916c9e1440e	Kálló	2175
7b036388-e4cc-4ad1-9035-57be9e0c6596	Kallósd	8785
387ed7cf-c1a9-4cac-8c66-f1b963c1336c	Kállósemjén	4324
f53d5be0-0cd0-4d47-85a6-f6ffde83b25d	Kálmáncsa	7538
bed7a6e1-d1f4-45ee-bd73-7a2e34ed6441	Kálmánháza	4434
7907ca0c-8cd8-472e-9cf6-d60c39f7a90a	Kálócfa	8988
be4ea4df-f225-4490-acf3-bc18f56da9aa	Kalocsa	6300
5bd83027-9c06-4ec2-a7ec-8c9642fe10b5	Káloz	8124
662de3d6-3beb-4c7b-9219-75d1005a9f00	Kám	9841
12fc1542-19da-4cea-9375-f85657de94ce	Kamond	8469
351bbbea-d714-4723-b3d8-8bb70d514a9e	Kamut	5673
ff5e61d2-95dc-4f1c-863c-f85aff57bdd1	Kánó	3735
6650cdc4-8433-4524-b302-abfb1226b263	Kántorjánosi	4335
fb272b23-b3a8-41f6-bc57-35c1b9342ea6	Kány	3821
a1a58d88-ca17-4727-9c4b-def83e0d65b4	Kánya	8667
a5151e4c-5b9e-4e43-9f94-221d0c9155e3	Kányavár	8956
3d0aac4a-a15f-4fea-a19f-2eff37fbbeff	Kapolcs	8294
6b6c845c-6222-4e6f-97a6-6d0b692fdb45	Kápolna	3355
43feaa77-b709-44c1-8e44-bf826dab5c2c	Kápolnásnyék	2475
257cd4d0-31fa-43d0-b1f9-0712baeca135	Kapoly	8671
4995eaed-9ec7-456a-9a45-8cb08f5782c4	Kaposfő	7523
6466e646-30de-4e94-ac2c-038d084c144d	Kaposgyarmat	7473
6f6a2cde-63a2-4439-af9b-6beae962eb8e	Kaposhomok	7261
f89614a9-a9c6-4e1e-b773-b53236e5460a	Kaposkeresztúr	7258
64eb5ab4-dbb2-42c2-9c72-6905d78b9287	Kaposmérő	7521
c238d8f2-7b6c-4692-8345-1a8349838e0d	Kapospula	7251
29869358-07bc-4332-a3b9-965c3f7affd4	Kaposújlak	7522
f488fe7d-7760-4c2e-bf2c-7b6dcf7e7b34	Kaposvár	7400
bf400d3a-019a-4555-8b91-39c28cfbe2c9	Kaposvár	7451
e237f4fc-8868-4605-880a-f13f9c23ac56	Kaposszekcső	7361
00b0ad01-d5cf-4303-ad0c-0f26a3c6ddf9	Kaposszerdahely	7476
4eb86b79-a78e-4975-8e3e-1e456cb18d57	Káptalanfa	8471
30c38224-2107-48d4-9b23-8ee63c4aabda	Káptalantóti	8283
c137f69b-967d-4b6f-82f1-e118cb675e4c	Kapuvár	9330
4bc923c0-101f-4de6-a328-d20f4042e7e9	Kapuvár	9339
4b0632de-a7e1-4352-bfed-707b4ce1b659	Kára	7285
8d7063e6-3de9-4579-8fd0-bb2ebae08d5d	Karácsond	3281
446a4118-7109-4987-b287-73eae8a438d0	Karád	8676
2b7cac24-a308-421b-b7a5-1683832acdef	Karakó	9547
f464355d-c607-44f5-953d-db9ddbff7cf3	Karakószörcsök	8491
786be397-d20c-4c02-8e7f-0d85a7b11146	Karancsalja	3181
f58e63bb-21db-4225-9d0e-256e2d7c66c3	Karancsberény	3137
705cef43-80bc-4697-ad18-a40e5dade84a	Karancskeszi	3183
8ff1e8af-0657-4674-af66-7227473a982e	Karancslapujtő	3182
8e48b422-4572-447b-a6a3-048d489179f0	Karancsság	3163
c90b9b9c-8356-4d39-8eaa-aed82bad114c	Kárász	7333
09c770eb-4a03-4248-bb98-7ec09673d7d5	Karcag	5300
45c4549d-55c5-4a54-9941-de5e2d42247f	Karcsa	3963
8ededaaa-e3ab-47d8-a6cf-38bbe16a954d	Kardos	5552
42bd8717-fc01-45a8-bb6f-68d531e53d74	Kardoskút	5945
b5d9cf35-2fa8-42be-acfe-740ae30439b9	Karmacs	8354
ae19f537-39c3-4841-b9fb-47a3fad02a2b	Károlyháza	9182
ede3395a-f226-4187-9b4e-6b5731f56bae	Karos	3962
9449afad-c5b1-447a-8ded-3d04dc93befd	Kartal	2173
fab00679-6986-468f-a748-e9731da1051e	Kásád	7827
8b2406ec-7454-4a6f-a428-0af371f27439	Kaskantyú	6211
079c25fb-a15b-4aba-83e3-5653fcc951cf	Kastélyosdombó	7977
efb2e015-0ece-4a93-8f21-3f87fa1cd1f4	Kaszaper	5948
ef7f6a66-872f-48dd-bef6-a3c3a76ac588	Kaszó	7564
8fcedfda-938a-4941-a7e8-05d8016b0cf9	Katádfa	7914
e0e5b4dc-df62-4596-923e-76698ae3a766	Katafa	9915
2da2df24-cd09-472f-b2e7-3311c3b77ff7	Kátoly	7661
2f28cf6f-290c-415c-a783-5a48e2ade108	Katymár	6455
70afb8b6-6644-4649-b530-c7541eb34f24	Káva	2215
f016f1ad-8c93-4e6d-a32c-2f342e74cec9	Kávás	8994
b7344cff-0325-4458-a7e4-7cabe5f38d0c	Kazár	3147
0615f678-f0b4-4b5d-b634-78dc9338741d	Kazár	3127
0151beec-74e0-4674-82b7-a33d3994fa0d	Kazincbarcika	3700
d5c870ae-b5a1-447f-8b39-7edd46680085	Kázsmárk	3831
3384b587-789b-4602-9c45-9ecc569811f3	Kazsok	7274
f39407fa-919e-4684-96ec-fc786539fe0b	Kecel	6237
8c552571-a0bb-43d7-87ac-3b476e37a590	Kecskéd	2852
ecac0f2d-0731-469b-832d-0bcea9a27a00	Kecskemét	6000
29254316-4ab9-4fe6-ba55-6e64ed3526d1	Kecskemét	6008
743c4072-ad06-4bca-85c4-8f7e26e9d89d	Kecskemét	6044
56c2ca9f-b493-4bdb-8597-712afce8b5e9	Kehidakustány	8784
de5d46f9-31e5-4902-b13d-d4259955b1b2	Kék	4515
b89d2a51-2036-4e3a-892b-1e90ba11faad	Kékcse	4494
01ca9e4a-45a2-4762-be7a-558e0d5b36ed	Kéked	3899
a553d4a1-4d98-4ce8-8819-2e784a836dd1	Kékesd	7661
96ecf5cb-ddc7-4850-903d-a2424b42c441	Kékkút	8254
fb606efe-0e10-4124-95e2-2517267b4594	Kelebia	6423
0dab5592-0288-4040-9ec5-88603268118b	Keléd	9549
9d8359a4-35a6-44a1-ab0d-d85b3067e3d7	Kelemér	3728
5ec453c2-09ac-465c-8d38-59c20c8e1814	Kéleshalom	6444
c49f5e55-c7d5-430e-999f-9f5c26882a36	Kelevíz	8714
b481c082-86d2-48a6-a25d-11e8ba76c8a0	Kemecse	4501
f1ea2f32-ff05-43dc-872e-c163a0633bd5	Kemence	2638
ed26a63f-2695-46ac-8b06-128b511aa865	Kemendollár	8931
28ce0746-b350-46e4-9f43-3d73c9bd6d6c	Kemeneshőgyész	8516
a348359b-c7f1-4791-b5fd-273dc79ee057	Kemeneskápolna	9553
3bac9fee-5962-4cf4-bdc1-39c238778917	Kemenesmagasi	9522
5740ea84-a9f8-40ae-b380-53326eb51375	Kemenesmihályfa	9511
08b48aed-94e8-4940-8e99-243ccfa81f44	Kemenespálfa	9544
64a4283b-8cab-459a-a5cf-46146be287d5	Kemenessömjén	9517
15f3e3be-65b7-4ca3-ab94-414c89f3b61e	Kemenesszentmárton	9521
1cd3231b-770c-40d0-8f6b-3dd2a5da4b27	Kemenesszentpéter	8518
e81fa15f-9299-4bf1-b3e4-41e92696b0fb	Keménfa	8995
2de1608f-cbeb-4809-9243-b207294985e2	Kémes	7843
a55ed25f-7390-40ad-a1d7-94c3697a4d32	Kemestaródfa	9923
f7ea1ff9-a187-441b-98b4-b8fc5df17ae8	Kemse	7839
287d943e-1bee-478a-ae63-95caf63cd302	Kenderes	5331
d332abe1-b426-402a-a0e3-1a3a022f6175	Kenderes	5349
e2e9d001-5890-443c-9e00-0ff1257664ef	Kenéz	9752
2e6df444-0162-408d-888e-6680d8142569	Kenézlő	3955
69e61898-6bec-419b-8d7e-b7461fc89a71	Kengyel	5083
89530a8b-233b-4b42-b380-8036b8f2f13d	Kenyeri	9514
33c155d0-efad-4d2d-b08e-7ef9cf352976	Kercaszomor	9945
a967a5fc-2b1e-4399-bc2f-4cb94c942433	Kercseliget	7256
640dc07a-5260-4080-9b0d-bf5fd1baf341	Kerecsend	3396
f5f47679-2d83-47b5-b0f7-e18c72ed5bf3	Kerecseny	8745
89d79240-7148-4555-875c-e5f27ab35678	Kerekegyháza	6041
22d239b3-06fe-4b01-b0a3-6031059a753e	Kerekharaszt	3009
69cce051-e0e9-46af-9dd0-2b13289d9358	Kereki	8618
0468bd76-d2db-4fa4-ad8b-14c548d63042	Kerékteleki	2882
203a492d-17be-4792-b57b-c8d7e45bac81	Kerepes	2144
c8ebbf58-f94e-4ed2-a5d1-741fce7ee1ad	Kerepes	2145
2c9bf7cb-fb6c-418d-b5c4-d159df03f7a9	Keresztéte	3821
7249a365-cb50-4189-8c91-ebb84ed41597	Kerkabarabás	8971
892bd601-8acc-4ce7-8098-6d3b7850e76b	Kerkafalva	8973
f5b30ab1-1c18-4d19-96c7-c748aa6141f5	Kerkakutas	8973
bd161732-8db5-4436-8a35-0a992b271628	Kerkáskápolna	9944
cd742ac9-9767-4186-95cb-91762362005f	Kerkaszentkirály	8874
bedb21b9-fdb6-4e36-8982-5fd8aa7a42d7	Kerkateskánd	8879
d5919318-a239-41a3-b0da-305f9d13b855	Kérsemjén	4912
22cb0386-3591-4f94-9a7c-d1316edd40a8	Kerta	8492
ae8bbc3d-20c2-4142-93d9-4d9342974e03	Kertészsziget	5526
ce801fc8-b355-44fb-95e4-29e8935fea43	Keszeg	2616
10ac4aa7-9a18-422e-8a89-24fbb794d5ad	Kesznyéten	3579
d07090ea-3270-4c90-b0a8-907042e33eeb	Keszőhidegkút	7062
1f34979e-b99e-443b-b271-0c1a982cdd91	Keszthely	8360
307e218a-76e5-42be-9769-4d2d8f51378d	Kesztölc	2517
0dc635be-2b5b-4431-96cb-63bdb131c4ac	Keszü	7668
5f127048-335c-43e1-bd2f-f393dcae1ae0	Kétbodony	2655
6c855367-1b28-4baf-9e8b-f94584b700ff	Kétegyháza	5741
78afe222-fb0a-4d87-8026-38604c65067d	Kéthely	8713
3f702c28-ea16-465d-b9b6-17092eed421c	Kétpó	5411
6766be05-0ee0-44c3-9817-f4eee69eee38	Kétsoprony	5674
b93f6a04-0db7-4f36-a687-b69e41a25e88	Kétújfalu	7975
b5a14f18-2a6c-411e-b264-15b1678ac8e0	Kétvölgy	9982
61b309f5-ad50-443e-b8bb-46c13fce17fa	Kéty	7174
04a04cc8-c63f-4cb2-80df-d0fbe49b0b72	Kevermes	5744
7b959932-c9a3-40e3-a718-19ee7668f683	Kilimán	8774
bd4db635-85ea-4b13-81b0-6bc086cfc5d8	Kimle	9181
43cd1664-d3fb-4858-82f7-8591d7a19c04	Kincsesbánya	8044
f2223a6e-578e-4df6-ad32-87ed06d83955	Királd	3657
e0587dfe-4150-4bc8-90c8-305009f5eda2	Királyegyháza	7953
d14272ed-3c23-4efa-a71f-5139dfc9d8c6	Királyhegyes	6911
3202c03a-b541-4d55-b385-01b6b828a349	Királyszentistván	8195
91bf8165-775f-400d-b903-27ded86db4db	Kisapáti	8284
818161ea-f81b-4a6e-8d84-9f326f6ead9b	Kisapostag	2428
641990e7-e212-4e06-859f-495785cb656f	Kisar	4921
140058b9-a567-428f-9462-07c7e512de3d	Kisasszond	7523
bc0026f2-68e2-4bec-8897-6afdc4864a21	Kisasszonyfa	7954
2c386300-05ab-42fa-af41-c049dbf9fef9	Kisbabot	9133
e2ce9650-94a7-4e30-bb10-247106d969e9	Kisbágyon	3046
4585b7a2-360d-4b9e-90ca-b00b1fb1e88f	Kisbajcs	9062
7092aef4-f7bf-4597-8d13-a4e8eac01fac	Kisbajom	7542
4a961a4c-7ea9-48d9-990c-0a4f7eb979fc	Kisbárapáti	7282
8cf3a0d2-7169-42f4-bd20-142cf1cc4e61	Kisbárkány	3075
359ffb57-09c1-4d1e-977b-dac1d80b9e04	Kisbér	2870
79923186-623c-43fd-a695-f2d8d677972e	Kisbér	2879
3b8d5724-fa0c-4b1b-aef9-0f06089bc7c0	Kisberény	8693
4e2ef83a-54b7-4f98-973e-26b112b2aba3	Kisberzseny	8477
e5a2cbfc-da03-4d32-a202-9a92bdc33575	Kisbeszterce	7391
f1541229-1941-4c88-90db-11294b9b7536	Kisbodak	9234
03ca6953-8528-4a8b-92ea-5d44ec1b7e88	Kisbucsa	8926
2c3ccccf-4b37-4304-9b66-c3b3517a475f	Kisbudmér	7756
ef7f831f-bf37-4a83-9d31-bc2d82777694	Kiscsécs	3578
ef84a17b-0ae8-462d-a151-5d39a84aa863	Kiscsehi	8888
17a14231-9d0a-48d6-a665-93701b627f31	Kiscsősz	8494
5171a5c2-71e5-4cce-bcde-6abd44370fec	Kisdér	7814
debc10a9-fd33-4bba-927e-73c7a6c1be80	Kisdobsza	7985
f0037703-0891-45ac-976a-83b73908046f	Kisdombegyház	5837
953daee0-5100-4f6c-955b-627a34581149	Kisdorog	7159
e26585db-804e-4013-9875-56d7efe0c023	Kisecset	2655
00876338-f6df-4000-9fbd-3e46ffbe9fe2	Kisfalud	9341
d9c27d66-cf3c-4ab0-bff5-d2d012b1e3c9	Kisfüzes	3256
5c86018f-76d0-45f4-8d0a-bd30157c9a4f	Kisgörbő	8356
8de0fdee-163f-4c10-9d90-f0b28ec4a9d2	Kisgyalán	7279
e789e5cd-0ec9-4a88-af03-dfb599ec8b21	Kisgyőr	3556
627f6158-fe68-4397-8ec5-b522af65e7a5	Kishajmás	7391
bb4bd19d-bfdc-4bf4-ad0d-1e37ad71eec2	Kisharsány	7800
c99b27dc-b773-4643-9190-414c3a63d93d	Kishartyán	3161
793077dd-25ef-4607-b75b-be7ef4258cb4	Kisherend	7763
eb322399-319b-4509-94d0-95ce069ed633	Kishódos	4977
b2998e60-ea5b-40d3-8f1c-f7aece981cf2	Kishuta	3994
e4bd7f30-af6e-479d-b020-d01db83efe0b	Kisigmánd	2948
b56a1104-ca09-4703-80aa-c1dbc496a004	Kisjakabfalva	7773
44005da7-c2f4-4775-89bf-95c9b12bd305	Kiskassa	7766
27d5ad19-add5-4ee0-bb05-f158492a35d9	Kiskinizs	3843
9d58a180-c96e-453d-8279-c122fcef1a1f	Kiskorpád	7524
15b0ba95-dd7c-4286-bcac-2118d3c47912	Kisköre	3384
fa849f39-ba0c-42a5-8f7d-4a5fc1372b35	Kiskőrös	6200
e49252e4-d12a-4733-aea5-a30cfffb9cc5	Kiskunfélegyháza	6100
9fab8b48-52ff-442a-bfd7-9cfbc358155b	Kiskunhalas	6400
91a29b46-d07b-4c35-b91b-fe6bdb5e8a4f	Kiskunlacháza	2340
5b41dceb-5c11-406f-9159-6de0b1025af2	Kiskunmajsa	6120
18a57e2f-834c-43e9-a881-d38ffb220611	Kiskutas	8911
d1e417ee-f726-42c1-b362-db97ef4d66dc	Kisláng	8156
873f221e-3e7a-4d2f-9eca-f116b6948e85	Kisléta	4325
0d2e3278-3e60-4ae1-9ae9-c3b21edb6e5b	Kislippó	7775
8730766b-fd82-4652-acd1-1a389b8f695d	Kislőd	8446
0de06455-ccb4-4fcd-b3ac-fc3b7c4b7d8c	Kismányok	7356
8fd0bc23-c65f-4747-83a9-bf63ac68de4b	Kismarja	4126
e54359d6-8e3f-4018-8da3-2b38a6e24f37	Kismaros	2623
0e4cc689-b1a9-4fc9-920b-55c7947d9278	Kisnamény	4737
7a63779d-7916-489f-a367-2de8ff9543c3	Kisnána	3264
d69b073c-92b2-4f9f-b86e-a26afcbcbae5	Kisnémedi	2165
bc3708a5-5348-43f3-acb4-4000ffa814de	Kisnyárád	7759
c8c0b75e-66a5-4074-bb53-507c2a36dea1	Kisoroszi	2024
aad2baeb-9cf9-4b62-8aed-bb0e81d16e54	Kispalád	4956
a488edbd-8a85-4c61-9160-39cfd98f988d	Kispáli	8912
ca1de5cf-0185-48db-b3da-0b1f8b0ce3cc	Kispirit	8496
36649ea8-f9ad-44b6-ad39-5fb77cbd8148	Kisrákos	9936
0239c71b-11ef-44bd-b5af-bb23b97cabab	Kisrécse	8756
9a2ff9cf-341f-433f-8809-78c07a6acc9b	Kisrozvágy	3965
e955869d-7f1f-4a8f-ba09-656bcf2ba527	Kissikátor	3627
59b99a92-6ae3-4af0-8ef9-be3fd26fbb80	Kissomlyó	9555
9c21a06a-23ea-4646-b005-d37fa7fdcd66	Kistamási	7981
ca878c87-7ca0-43e1-9266-58041d9cea82	Kistapolca	7823
235a3532-fb9e-4186-8ace-7777a2030969	Kistarcsa	2143
5ae024a5-7d2b-49ea-8a06-62fdbc673aa1	Kistelek	6760
2b5e2ed0-2e31-4cf6-8fa1-a4fb4d36cdc6	Kistokaj	3553
c87377f3-03c6-4842-bfaf-6e5c89ff3638	Kistolmács	8868
b3490388-02af-425d-a296-ddbe2390ae2c	Kistormás	7068
7b2787ea-c255-4bc9-b48f-b803f43caafe	Kistótfalu	7768
01718458-90e7-4bd2-a938-226b2b9976a4	Kisújszállás	5310
6082c172-345f-42d4-b0db-70d3f120c82e	Kisunyom	9772
dbdb167f-1bcd-41c0-ab31-6efc74a823f5	Kisvárda	4600
3d824796-1748-4acd-9054-b6192e2855f0	Kisvarsány	4811
1a8c7af2-5a10-44c3-ae6e-8b9282ac7601	Kisvásárhely	8341
dd22a7c4-a8b2-4f42-ae08-1ba86e93f5ba	Kisvaszar	7381
74d94789-1128-4cf0-831c-5c88df902cf3	Kisvejke	7183
c62b224e-6e23-4767-ae4f-c12fc99a5524	Kiszombor	6775
678955d3-a76d-4649-8361-19ed07e0530c	Kiszsidány	9733
4c08af1c-3330-419c-9617-4434571fc674	Kisszállás	6421
2ff30470-11ce-4f31-8f7d-ad9d0b0d9ee2	Kisszékely	7082
e3ba7437-fb64-4044-b6c6-f45845a680f5	Kisszekeres	4963
da590f61-be3a-4e66-9b15-d05fd61214d1	Kisszentmárton	7841
07d964e7-7176-4e05-98e8-63ee51c515d0	Kissziget	8957
47c09cc3-a45a-4c62-b380-6766118afeb6	Kisszőlős	8483
260ccd7b-65d6-40ec-bb56-7b47c1d26022	Klárafalva	6773
1cc02546-1e14-44e3-aec3-edfed67d3698	Kocs	2898
944fec2b-a939-4912-9dcc-5d4059cf2074	Kocsér	2755
7ab808ad-408e-43bd-b682-f053e628d421	Kocsola	7212
cb5ecf4c-a49e-4ac8-9578-2b18f476d03d	Kocsord	4751
905bed9e-4c1f-48ae-bf71-c48f957869d8	Kóka	2243
2334a3c8-790a-4ac9-a79e-bf1669588382	Kokad	4284
24b9b79b-e198-4b97-81fc-c0f78365a687	Kolontár	8468
a7980542-5986-4505-9242-25758561cd97	Komádi	4138
49a28f10-891d-43eb-a823-f0ab1814ae96	Komárom	2900
b354670c-e16c-4936-8634-93ce4abf86f5	Komárom	2903
4d85bcdd-a106-43b0-aa9d-09a06a119b2a	Komárom	2921
de5c2b05-6e53-4a2e-81c8-a9a26628cf91	Komjáti	3765
81b10d72-33d2-4cf0-b92a-68720d492ac8	Komló	7300
bbb54b71-271e-48e1-b4ed-1fb3055c5830	Komlódtótfalu	4765
af615f7b-c87d-40fc-97f6-501325b720eb	Komlósd	7582
64210387-463f-4339-b2a1-7ad099fe738c	Komlóska	3937
e2f7a7a4-3a01-45bf-8888-3bbc9d12a2d6	Komoró	4622
d73d6157-1566-4f88-84ed-85662da8a14a	Kompolt	3356
131cf4d9-8555-4ca9-9812-d8ad72f09f32	Kondó	3775
18542fde-f121-4075-b96d-f2739b1d777d	Kondorfa	9943
aff1a323-5b9c-4328-9299-505db2404d68	Kondoros	5553
e0a1f036-315a-433d-b71c-e3decbb0891b	Kóny	9144
b403b781-0cd9-4f3b-8cf0-229ce011f542	Konyár	4133
3a6505d8-d090-4ed0-88ce-22eb8033cc16	Kópháza	9495
1d917fa9-2de0-4854-9e1b-afd151be9d7e	Koppányszántó	7094
38747a2d-7fb7-4019-b7c1-fba5b8544f34	Korlát	3886
d8950148-81a2-4d4b-bd25-804b2688c2bd	Koroncó	9113
012a2e43-8e16-479d-b1b6-b7ec6b159050	Kórós	7841
7a89959f-bd8a-4d78-9bca-3142d1e0b7b5	Kosd	2612
19c6f80c-8697-43cf-88c4-43d621785d3d	Kóspallag	2625
989a6617-1544-4233-98b0-8195c34981f0	Kótaj	4482
ab6b8cca-cbe2-4df0-af5d-7fe6854f9025	Kovácshida	7847
a456e0cc-3885-40d2-82c8-29232164c910	Kovácsszénája	7678
0ccea4cd-e789-4676-b06d-91f4f689cd0b	Kovácsvágás	3992
dd7fb534-9908-4467-bcaa-14f577ec584c	Kozárd	3053
5b4e71ac-0488-4d3f-8339-3cccaa193347	Kozármisleny	7761
54959c57-5227-4993-ae95-866e2000bb3d	Kozmadombja	8988
d142ca4d-415a-4ebe-bffe-db190e18b505	Köblény	7334
9a8daf51-4fa1-4571-a789-0a29c198c7bc	Köcsk	9553
29251814-5dd3-4f06-8aab-75e9f2abc26a	Kökény	7639
301ab226-bf5e-4103-a679-9ee74e88acc8	Kőkút	7530
abca2cbc-167c-430a-ac49-c9a7c7038c1a	Kölcse	4965
4751763c-e6d7-44ea-bce6-523c5d3551ac	Kölesd	7052
4e6554a2-4888-4b01-98df-d40669a9b312	Kölked	7717
eb35835a-c63b-4117-a270-3aed05772bc7	Kömlő	3372
264f437b-0487-4455-b14a-974413860e09	Kömlőd	2853
635f2d15-e3aa-4cec-b2e9-090ed64d2b4a	Kömörő	4943
aa024023-4d58-43c8-ac8b-8743bc752978	Kömpöc	6134
26afa134-632f-4e05-beec-44e2981399a3	Körmend	9900
466c7f80-720b-4c0c-9378-409a1bbc9121	Körmend	9909
0ba33f17-e9b1-45ba-9ea7-b7b88629723e	Környe	2851
75ee7624-22fa-4fdc-9f5f-2e62e9d491bd	Köröm	3577
c45e33da-337d-44ba-b485-66f01ca2eeb7	Kőröshegy	8617
5d98eabd-137a-4b45-8a9c-b6a35b47aa96	Körösladány	5516
a12d8773-c732-4848-9332-8c4f3a88ae25	Körösnagyharsány	5539
1142a7e4-c663-44fb-a05d-3f0c902759c1	Köröstarcsa	5622
cf8f2262-b7d7-45e1-85af-dd855114f6cd	Kőröstetétlen	2745
5bc1569c-534f-4b39-b688-ec518a976e76	Körösújfalu	5536
0a3818ff-7740-4e9f-8841-804a4d73f4ab	Körösszakál	4136
514b86b8-2b18-48eb-a02d-824f197deb83	Körösszegapáti	4135
4f344a49-ffc7-42c6-afe3-22b22974c24c	Kőszárhegy	8152
2fe3944b-54c4-47d9-bbc3-c67e3a389486	Kőszeg	9730
18d43863-87b9-4b7c-aebb-c652783f4c36	Kőszegdoroszló	9725
87e10050-10cf-4883-851a-4c13cca64c4c	Kőszegpaty	9739
d24d71b3-c36d-4aa4-b628-07869ec853b7	Kőszegszerdahely	9725
465be95e-b7da-4471-a6f5-347f5d4c4cf1	Kötcse	8627
b602adc8-77c5-4a20-8167-f7f6c58eaa3a	Kötegyán	5725
98eb7ba2-421b-4f19-b435-22d3d0edd72b	Kőtelek	5062
d0e642d1-1467-4d87-94b4-6331a4ec366a	Kővágóörs	8254
c182bc3e-b21d-4073-bb0b-786b5650980c	Kővágóörs	8255
4235f591-492d-419e-bc9b-b4312b08ea6f	Kővágószőlős	7673
fea4f814-c2d4-4065-a39e-3c622e09a660	Kővágótöttös	7675
de7752af-10c4-4d70-a027-67fbcd12b72b	Kövegy	6912
db2bbd70-e2b3-4297-9889-ac60f07cb3b8	Köveskál	8274
514394cb-ad0d-492e-9296-feb03cf43db1	Krasznokvajda	3821
085a21f6-90e5-460e-b6a0-9904bd8358ce	Kulcs	2458
95dcf26d-f024-48a0-8ce0-1969e6581b2b	Kunadacs	6097
4cde65d6-d527-41a4-ab4d-4c249cd9b2db	Kunágota	5746
bafd65aa-74ad-4e0f-9afe-266edd20940e	Kunbaja	6435
ad638f5c-3da6-4453-908d-21b9c8ce1bf1	Kunbaracs	6043
d760f35e-2347-4d5d-97e0-7b8694cf439b	Kuncsorba	5412
9912af12-7a79-4186-95c0-1056c459b9f8	Kunfehértó	6413
f4ea1f16-f6f8-4b48-a15e-c65a4ca5dec5	Kunhegyes	5340
47a6b743-0cb1-48d7-9b7f-879e75124775	Kunmadaras	5321
9dc21bf8-9113-4c6c-b452-a92d964816ee	Kunpeszér	6096
40888882-37db-4cda-a720-496a6da25332	Kunszállás	6115
5b5c5498-f614-4f57-9552-48ace42e1aeb	Kunszentmárton	5440
6001ebae-2a3a-4096-9f6c-b63b4db2519b	Kunszentmárton	5449
bbe46818-5e30-4c1a-884b-97addd03583d	Kunszentmiklós	6090
a3e3b0d6-bbe7-445b-b0e0-d46acabb3291	Kunsziget	9184
a0369d72-dfdb-4f5c-a7fc-058197830595	Kup	8595
7156e317-1298-451e-be42-fd059352cf54	Kupa	3813
1ec4d832-0a88-4ad2-9864-dcb0a0e622fe	Kurd	7226
4dbc6823-c922-49ea-860f-ad7aa6c4ceb8	Kurityán	3732
97b98866-3dc7-4063-809f-3601f352d31e	Kustánszeg	8919
314ae12c-ac56-4934-a56e-7a6949828c0c	Kutas	7541
694d024b-a5da-415c-ac2e-153042e2d83d	Kutasó	3066
2023c3b3-fd4a-4c08-ae60-97d72b1d8c28	Kübekháza	6755
5054a023-1025-47b5-9b43-dca44a119a59	Külsősárd	8978
defc9a63-bd12-479c-ac4f-f762cc000e02	Külsővat	9532
911487c3-db18-4419-a492-dabafb49bbad	Küngös	8162
8037c06a-30ce-4431-8de5-09f8424908c6	Lábatlan	2541
965b0fa5-08a1-4430-95c0-63a2265b9022	Lábod	7551
958640f3-2881-48f0-8b43-020b64f50f02	Lácacséke	3967
6f68ed0a-29b0-4f23-aeb1-035371733c15	Lad	7535
8e95df5a-42d1-466e-8746-0fa39009f5ee	Ladánybene	6045
e13c3e9f-e846-42de-a497-b5cb1597b7f1	Ládbesenyő	3780
76963766-7b9d-47d2-b514-0fdaf385a20f	Lajoskomárom	8136
2528a292-e3da-4f1c-9ddb-a287df693562	Lajosmizse	6050
54682a93-1f62-4bfa-97ce-f5241c5f5e1b	Lak	3786
18ca2dfb-0505-4cd7-a229-3499e47d4668	Lakhegy	8913
3610046b-d8d4-4672-92e2-fe0b68e6114f	Lakitelek	6065
4f14bdd1-e7b6-4764-8b19-17435d21c989	Lakócsa	7918
dcb1fcc8-fc17-4192-9103-4f71c331a720	Lánycsók	7759
83cd948f-e39d-4ee2-8975-979ea66cf376	Lápafő	7214
315c2fe3-945d-4317-9d0b-a1e905e2010c	Lapáncsa	7775
f3e6d0eb-0caf-48a8-b196-b151a06ccc3e	Laskod	4543
591f745a-a41e-4d5d-91d1-0dfc73fbc24e	Lasztonya	8887
3ed427ce-d9b4-495b-9abd-1996e659a3d9	Látrány	8681
3eddcd93-eb06-48fe-8267-26f7d2208f23	Lázi	9089
94e3a94a-101a-482a-a0be-f588692c7c8e	Leányfalu	2016
102681f5-b810-4026-a12e-ad645996dda1	Leányvár	2518
c9224165-5099-449e-9619-2bc6e25fcabb	Lébény	9155
e11318d5-39b0-4427-b7db-a6e116f6ceb0	Legénd	2619
2e5c9048-4936-429f-a148-67141583bc14	Legyesbénye	3904
fb561702-0d43-4b9b-892d-8d4045410f9d	Léh	3832
7ebbf0a1-54b5-4af6-8d38-64923319a924	Lénárddaróc	3648
e089c9ef-4733-450f-a797-026551e3317f	Lendvadedes	8978
c5ff6d45-de90-4156-83ea-a2c01da70177	Lendvajakabfa	8977
14e7dd1f-844e-405a-bc1c-d5e5b70e9f11	Lengyel	7184
ff9553be-a85f-4d5e-9159-6286b188ce3c	Lengyeltóti	8693
754698c5-4831-4448-bb39-fb191ba3f820	Lenti	8966
7a144aee-4dc6-4d22-8409-b42e9e7a0778	Lenti	8960
853b8e20-fb1a-40d2-8e2d-1b202ba21f9e	Lepsény	8132
4c5ea85f-a9cc-4ad3-9399-45b11302aa2c	Lesencefalu	8317
16c87257-7e42-4ac1-8f4f-d4ca767e1fef	Lesenceistvánd	8319
b6864bf0-24e3-465c-867f-e914f5b3b1c0	Lesencetomaj	8318
07ded086-1aff-479b-8c95-49c3eb83ac3d	Létavértes	4281
ceed2083-f80f-4d21-983c-0bfa29c0d142	Létavértes	4283
5d399cea-bbce-4e44-8d46-5dd4432fb0d9	Letenye	8868
3d7a7409-2665-4162-8808-bc1a2ac451a6	Letkés	2632
dba2f48c-baca-4f7c-8419-a2b4b230ab39	Levél	9221
30d313d5-3af1-4e19-9a84-c7c5ac6995ec	Levelek	4555
79a75ec1-9f06-431c-85a0-45c443c0f600	Libickozma	8707
c3e005d4-ea2f-4d4e-987f-f7ccbd658882	Lickóvadamos	8981
dabaab39-9e39-460b-90b6-6d9f8808d624	Liget	7331
351d387c-5a10-4c90-857f-b48bee7e447e	Ligetfalva	8782
37bfd46c-0ee5-4717-be29-4c62ad09fe01	Lipót	9233
5b3165e1-30c7-44f2-9aff-db7d1f9cb5d6	Lippó	7781
a1abdea2-fa9a-4f7f-88ee-e671cc2f48a2	Liptód	7757
34e08ee4-ead4-47d1-aca5-ef54861cff76	Lispeszentadorján	8888
4f9eba7f-0fed-4ca6-acc7-74a3740b6f57	Liszó	8832
7eb810b1-36b4-4cf0-a3a8-f1f5b1b92538	Litér	8196
263358cd-336c-46c9-b61e-5520c16a1bb9	Litka	3866
e2298c06-19f8-4bce-90de-6dacb39b3487	Litke	3186
494b3cf5-af7a-4450-b25b-fae2aca3cc7d	Lócs	9634
64b215c3-d770-437e-bcf6-1765ccf181f4	Lókút	8425
420ab769-0242-4743-93a2-c719ab8fae5a	Lónya	4836
e01a023a-bedd-490a-8307-d807b8412c15	Lórév	2309
f4e90248-823a-423d-ad8b-1a6785f8d620	Lothárd	7761
50d72abf-8e17-4780-b321-b5bf18123060	Lovas	8228
47d56791-5b3f-44f3-8447-a69377b77852	Lovasberény	8093
75c09798-5640-4a37-b723-dca2ae4a6887	Lovászhetény	7720
0484e104-db16-45c4-8004-407b29bf271d	Lovászi	8878
06015938-0004-4d91-9ca5-ab6850eedacc	Lovászpatona	8553
c3cd3a6f-b1d1-4050-84c1-81701bb67697	Lőkösháza	5743
50add222-9398-4657-a586-46d9360e50c1	Lőrinci	3021
702f01ed-9fd3-4527-8f32-e57c6aa381a7	Lőrinci	3022
895872ed-bb32-45fd-a10c-03858fab0773	Lőrinci	3024
a2767131-ae0d-4239-b93f-2f1acd618fdb	Lövő	9461
42900964-b809-4b77-9bc0-9719f882394d	Lövőpetri	4633
b4553f46-1822-4a3b-b38a-5cced5763b35	Lucfalva	3129
ae14fb67-6f82-4f1c-a0be-e4685a392433	Ludányhalászi	3188
1e4ecc26-5055-48d5-afed-98845cdf7215	Ludas	3274
2203df1f-8b4c-4f3d-af6f-f4e512051873	Lukácsháza	9724
efa6f3b2-5a9c-4127-91b0-a416ca88825f	Lulla	8660
a24f64c3-2d42-45e8-ab52-3f0cfb791195	Lúzsok	7838
1b3625c1-2ac9-4fb9-9e72-6dd4e52b5a07	Mád	3909
d4458ea5-ddf2-4a0a-ad17-9b185365b100	Madaras	6456
2982988d-835f-4828-8276-11d2c25a3485	Madocsa	7026
5a61a99f-8bb6-4ffd-b40e-5110715db666	Maglóca	9169
87a8d541-ec63-4f79-af0a-5ce86a86d577	Maglód	2234
877cbd61-b1d7-41ce-b6ac-3083d2e2c54a	Mágocs	7342
aec9e192-663a-42ea-a182-a46629be6077	Magosliget	4953
2529eeea-7712-4762-a898-9ee009fd1238	Magy	4556
b86c2921-4ae9-4b5a-9043-58144d7ab2f2	Magyaralmás	8071
549e1c2a-9775-44fd-be02-8710fcaeff73	Magyaratád	7463
67d5d868-80de-46f8-a07f-8b1c20a57763	Magyarbánhegyes	5667
15ec6273-a4eb-4ab9-8128-a84f07cd73e1	Magyarbóly	7775
21e2751d-bbba-4870-a9cb-ebdd9417eea5	Magyarcsanád	6932
7a3521c6-e50b-40f2-8ba8-d9840ac21168	Magyardombegyház	5838
b272f700-7992-4617-abb0-4481896efd04	Magyaregregy	7332
41ad1c79-490f-4840-84ed-5f3847ad33c0	Magyaregres	7441
57cb6054-0f27-4772-8b31-a54a348ba2d9	Magyarföld	8973
16f91b59-5234-4358-9505-335c6d035625	Magyargéc	3133
267e2784-c24c-4777-9826-8cd676c1bd42	Magyargencs	8517
72ae6ae1-e914-498b-a136-274f44b33d5e	Magyarhertelend	7394
79cdeca1-a0a0-4834-8055-9d0a02066c84	Magyarhomorog	4137
4ad44487-d279-4cd6-83ab-788d902af748	Magyarkeresztúr	9346
78cb1cc8-4108-4946-a680-4655b77c829f	Magyarkeszi	7098
bc139897-1368-4ae4-92ac-b0e52323d3e3	Magyarlak	9962
3aef59ca-4117-4253-b4a0-09fbcf9023d6	Magyarlukafa	7925
4b62baab-9544-46a4-bd80-df0305ff0cb4	Magyarmecske	7954
7ecf26f3-fd57-4b03-9579-e69c91fadef8	Magyarnádalja	9909
2edff2bc-bb7a-42f0-a226-fadd398d895c	Magyarnándor	2694
b5bbdc43-c8e2-496b-82c4-ab7180360156	Magyarpolány	8449
bd7dadb7-b673-403a-ac27-24d88180ccb2	Magyarsarlós	7761
072b3005-bf8c-4f35-af58-56f62b410ecb	Magyarszecsőd	9912
020eb00c-a48d-4e47-aebd-840cc54bb197	Magyarszék	7396
c58cc6bc-efb2-4acc-9a31-a585989ea732	Magyarszentmiklós	8776
3514c236-c308-4b67-8d3d-04ff2b503a4b	Magyarszerdahely	8776
26f0b924-3e69-4a71-838b-484af0e0be14	Magyarszombatfa	9946
bb94e644-7afa-4bb5-8251-b3fe281d1f28	Magyartelek	7954
c5439f67-d846-405b-9c22-3682ba5ec9a1	Majosháza	2339
559f6852-8012-4490-a18f-9aa6c40c9216	Majs	7783
1ca324fc-2575-45d3-8c50-1a6e6cde5f54	Makád	2322
124dfc30-7c63-4dd0-b268-51ea9875e53c	Makkoshotyka	3959
a839c246-1ccb-4f4a-b6fd-ecba19d548cd	Maklár	3397
87edbae9-920c-4fdb-8b40-00b91004c931	Makó	6900
c6a57da3-4789-42e1-901a-f18682241ed1	Makó	6903
cdd925a2-8ed0-469b-a1ab-4cb3464177e4	Malomsok	8533
593c807a-ff29-4ed1-84fa-610c1c474310	Mályi	3434
ed0edb16-834e-4bd4-a2fd-b6c626dcdc48	Mályinka	3645
291b0d8d-c4c6-4451-83fe-6cf1c4b6ce52	Mánd	4942
a33614a0-b790-4028-a830-2283b682ef15	Mándok	4644
783a6a29-1a55-4181-8621-acd0a3df4e88	Mánfa	7304
061f317b-9713-4617-9b64-ccc855aecdfb	Mány	2065
85eb4532-d00d-4fad-80e6-a861a1a2ab57	Maráza	7733
56594096-321a-438b-bc22-c8faffc65c42	Marcalgergelyi	9534
a2c48712-ccbe-436f-96e3-871067aa8d3a	Marcali	8700
2145f832-225d-4fb1-824f-d441a0796a8b	Marcali	8709
b0b7b5d8-cc92-430d-bb31-a6b804c8ea14	Marcali	8714
5167c6f3-d3bc-462d-bd14-92c253cb6db8	Marcaltő	8531
86f320cc-1feb-40e8-909b-94002a7aef7e	Marcaltő	8532
c0c0f54f-e11b-4cc6-8056-2072fc02cb48	Márfa	7817
cc94a556-0b23-4e4f-9240-7335bfe9bd62	Máriahalom	2527
85a84fe6-8846-4b59-a76a-b5158c902246	Máriakálnok	9231
c5a2f807-baee-4c95-ad39-5e1178ebb628	Máriakéménd	7663
bbb3f906-2895-4986-a723-217cf8715864	Márianosztra	2629
a743c808-9c52-4d25-8b8e-be2634b08f47	Máriapócs	4326
1037f1ee-5238-46ec-926a-eb6f1f588a3b	Markaz	3262
3bffc045-ca22-4db5-86dd-29519f0f25f4	Márkháza	3075
be141af7-1bce-450d-9dbf-d1a107294081	Márkó	8441
687cef2a-0148-46b7-8961-16100e9335ba	Markóc	7967
2c372169-53a3-4151-b6a3-ea0dbd41f386	Markotabödöge	9164
f100816b-1099-4cc8-a523-fe46302e9b50	Maróc	8888
9eb5fa2a-1be1-44ff-9298-0231547c9932	Marócsa	7960
c9bc4077-8c76-4332-9f3e-229db12f3243	Márok	7774
3a440497-ac90-444d-abee-35ff63beab33	Márokföld	8976
63aac600-6aa6-4435-b9c5-2d118d5433b8	Márokpapi	4932
0fe24835-0cc3-4dd1-9887-e505d436af38	Maroslele	6921
246e1bd6-f195-4c51-80c2-145f080b934d	Mártély	6636
8dce972c-89ef-4907-945d-7658b0910261	Martfű	5435
f430ca94-32b2-4136-8d01-3869d7a9fc83	Martonfa	7720
2b0fff7b-d537-4c52-ac29-d03dc54b5280	Martonvásár	2462
377040d3-3cd9-4240-919f-9b0b054259ca	Martonyi	3755
ee64e259-4439-4789-af79-ad467e33ddd7	Mátészalka	4700
5fd96667-3f76-4273-a135-fa6ff741a51a	Mátételke	6452
7a61c1d8-df24-4dc0-a2ae-ff57b7bf5f15	Mátraballa	3247
acda05c9-3e21-4a6f-8faa-302c0b74f72b	Mátraderecske	3246
9c0eb564-72ef-4ab5-82fe-2f7064b5d4d2	Mátramindszent	3155
492b54d2-edcb-43d0-9ab2-5be1107d3862	Mátranovák	3144
56d9719a-1ee0-4c78-aaa3-e924af88a8d2	Mátranovák	3143
173e9a46-770d-45e3-953c-5d1fec4b64a1	Mátraszele	3142
5266a88d-6cb7-4f49-a6e7-386a9ad1d9e0	Mátraszentimre	3234
18b46a88-ecb1-4623-b65d-9288cb89202b	Mátraszentimre	3235
4ac88433-fa0c-4695-ae44-98c511500f58	Mátraszőlős	3068
0d76f037-2ed5-493b-9c7f-f07ec2a5cdac	Mátraterenye	3145
ce704f7a-756d-4d39-8c49-ff13e3febe10	Mátraterenye	3146
a5504ee7-6c97-444c-bbca-76a6325b8dd1	Mátraverebély	3077
891c77d6-a1aa-4947-811a-07969a2ff910	Mátyásdomb	8134
403dabdc-056a-4568-89bf-2ed4724d7e7c	Matty	7854
4993a0e2-6e49-4524-81be-d7903cfa298f	Mátyus	4835
6ec3de63-e00a-4f37-a71b-9589cf92066c	Máza	7351
cf160bb2-8329-42de-b993-7facf59acb23	Mecseknádasd	7695
112f1ea7-7166-42a9-be9b-819239064c5c	Mecsekpölöske	7305
502d1e38-e8e6-4a93-a297-cddd6f4d505c	Mecsér	9176
fd9855b5-0177-4732-a244-53d47e8981ab	Medgyesbodzás	5664
ede75411-430a-4b2a-884a-ad89e66100dd	Medgyesbodzás	5663
c95af7e1-4041-4bde-862a-7d8d6d6613bf	Medgyesegyháza	5666
57ef92f3-3209-4d5a-b637-273671083d14	Medgyesegyháza	5752
bd26d737-3fea-44ac-b9c5-73113bd8ca8c	Medina	7057
38a2eb48-b947-42d8-b883-69f8d2a93413	Megyaszó	3718
82271a22-988b-4155-9aa4-cccb2fa0f20d	Megyehíd	9754
6eb045da-efbd-4e87-9fa4-146c94c188da	Megyer	8348
e22fe1c2-2632-4bfe-b940-c36006f1ba78	Meggyeskovácsi	9757
30bd98ce-2d71-4623-a3ee-bfa021792cc2	Meggyeskovácsi	9764
603e1b85-e62e-4f97-b6cc-acc48c73ad87	Méhkerék	5726
14304caa-7382-4545-9345-cbf74c55e9ed	Méhtelek	4975
4116cdf5-9204-4464-95e1-56aec8ace960	Mekényes	7344
c7be7a4d-7333-4088-912f-24841bfafd87	Mélykút	6449
f208cce1-e549-463c-a067-f6ca4dc5e228	Mencshely	8271
64eef633-95fe-4601-b79d-7a894dac51e9	Mende	2235
c99c4da1-9cce-4970-89f6-0e0d03025023	Méra	3871
bb58e49e-b33b-4e73-901e-9d75f7eef774	Merenye	7981
1e753e70-bd33-4f0f-860a-1305433f85da	Mérges	9136
8f521d36-4cf7-4071-b054-7a950b752f92	Mérk	4352
94fcf47e-ae12-4e8a-8284-cc42f6a32a52	Mernye	7453
30d2a1e8-20d4-45fb-b7e2-47b1051b0bf6	Mersevát	9531
1003d58e-828d-4889-b715-3127837b24b4	Mesterháza	9662
85e52aff-35b5-4cc4-85d5-519ce2ca2a4a	Mesteri	9551
18d66c10-58a3-4fbf-833d-40b012812dbe	Mesterszállás	5452
c577ae82-39bb-4d28-a94e-4bdd183d996a	Meszes	3754
614553c5-6447-4943-afeb-d82a42ce2d1d	Meszlen	9745
132ae7fd-baef-4346-b306-98939ca37ee3	Mesztegnyő	8716
d97f4538-dff8-4cb2-b10d-7c005f6bd6f4	Mezőberény	5650
8eac5091-96b4-4585-9aaf-140883caa134	Mezőcsát	3450
b324ebaa-c79f-4ce9-8c2e-62c69ff0d50f	Mezőcsokonya	7434
84e66e4f-8e03-49f6-a368-a9508cd6fb8b	Meződ	7370
d5cf7104-be0a-499b-9f62-f2a81c8bfaf3	Mezőfalva	2422
6a85d1cc-751c-4ff0-aa87-9bc412e221cf	Mezőgyán	5732
a8fe7d7f-f72a-43cb-be13-a95814aa379c	Mezőhegyes	5820
af37cceb-9bb7-47b6-9341-badf6eb03445	Mezőhék	5453
7816bff6-2084-4172-b654-0ecaf1bb50af	Mezőkeresztes	3441
bd7561ae-f66d-45ba-8c95-d7454f9a467a	Mezőkomárom	8137
b425af8e-7cd7-46ad-a321-24fb2fd523fb	Mezőkovácsháza	5800
02ab4879-4c31-4f6a-985b-bde3bdbb9d34	Mezőkövesd	3400
2c476924-80d7-4839-ac08-f9570aa94793	Mezőladány	4641
11270676-f822-49e6-a163-b6a9c71d6403	Mezőlak	8514
4493e708-5909-4382-ada7-5f4358b63715	Mezőnagymihály	3443
b24d1483-9adc-4b7d-b95b-9fe68ec5023c	Mezőnyárád	3421
7f273e06-ab92-4986-af6b-d202c7501335	Mezőörs	9097
f351f4c3-1768-47ec-8883-98c8b3c9eb6d	Mezőörs	9098
53c4138d-1b2d-44e5-bf6f-8214a2db9e8a	Mezőpeterd	4118
906027fe-74f8-43ed-88ac-fd2af690126d	Mezősas	4134
b10194ca-948b-4b69-b17a-da3abf4bdb7d	Mezőszemere	3378
43eabb18-c17d-48d2-ae0a-c178b36bde70	Mezőszentgyörgy	8133
0dadca73-1c91-4ca1-af0f-82d3c79cb11b	Mezőszilas	7017
8375849f-2c32-4355-96e0-6155e5d53f7f	Mezőtárkány	3375
ec10e506-1afe-4272-99b1-96995ea937c3	Mezőtúr	5400
4d974e36-0fd0-4f15-86c8-03fae1a28370	Mezőzombor	3931
2ab5f696-4f7c-415c-830f-c337c276232e	Miháld	8825
a6dd48a8-f0ee-496f-8839-4859911f2295	Mihályfa	8341
126515aa-1c69-4fa1-9638-3e959932e1d3	Mihálygerge	3184
8e886a7a-06c8-4233-ae7d-418a333fc4bc	Mihályháza	8513
d18b453d-e336-4bcb-92fd-e74ff457b3ee	Mihályi	9342
232a9d14-e882-47d1-ae79-0a015a73a9ff	Mike	7512
11fdcf5d-9468-4ad4-b6c2-36cdc419cd86	Mikebuda	2736
c9bd6699-598d-40fb-a541-e680adaca88d	Mikekarácsonyfa	8949
4f81a22d-1262-4167-ba7f-4edaf9654916	Mikepércs	4271
fcb13c8b-f941-44b5-bd29-c9f45abce789	Miklósi	8669
664d33eb-aaa4-444c-872c-2575a50463cd	Mikófalva	3344
5dc3b32b-a4f6-4a92-9078-5212ee809abd	Mikóháza	3989
00bba9ad-1643-40f0-8077-ee36893342fb	Mikosszéplak	9835
5d7b37ec-e225-4f50-96fb-d7a1501cea6c	Milejszeg	8917
c818beab-1556-4784-9e46-55b085076d15	Milota	4948
357c3855-36ce-4763-81e4-642b1c926872	Mindszent	6630
0930b472-29fa-4c0d-9d63-48fe382b1422	Mindszentgodisa	7391
8806ce4e-d92b-49d1-a336-3bb94b7caa7f	Mindszentkálla	8282
c7bcd34c-3627-4314-abe6-f0aae19812b9	Misefa	8935
da22ac20-dee3-4d78-bfc9-db6d527b60be	Miske	6343
8fdb1176-848c-40a1-a63f-94f7fdea8fce	Miskolc	3500
abd44dd5-b753-4ddb-9271-6c25bc7b203f	Miskolc	3525
3e1b2e39-f4d2-4b13-bde0-32c9eac3aad4	Miskolc	3528
791207b5-78e5-4946-81ef-90fc405670bb	Miskolc	3530
d2489aaf-7b1f-45d1-9261-6274eff4f761	Miskolc	3535
cad16314-a223-4fe7-bef0-7ea9e8516109	Miskolc	3533
2881d8e9-1ee7-4c2e-9436-101bd1f6705b	Miskolc	3517
1c20525d-766d-4c12-b263-22ecdb601444	Miskolc	3515
c20354ab-1762-464a-8efa-d6d35cf010f3	Miskolc	3558
ce2446eb-1972-4106-9b83-c77c91c8dd19	Miskolc	3529
2f4e9098-9ae8-47c1-914f-adf681a84711	Miskolc	3516
981f1d2d-a828-4411-bfce-9304c7ba32d5	Miskolc	3501
d57829ae-2f05-4bd7-b097-4bb8797970fd	Miskolc	3526
07ba7c91-d5c7-4f22-a220-90281b2c46c5	Miskolc	3521
9d4a24df-4171-409b-ba43-4320291bb991	Miskolc	3534
86925e31-ab28-4e5d-9b6e-4e15eaa32ad5	Miskolc	3531
cd3acae1-b720-4452-b001-9d74b9a1a490	Miskolc	3519
04a1341d-346c-43b2-8fff-cd9e4ca2c7d1	Miskolc	3532
0873848b-0ad4-4bb9-80e2-27f215ff5e80	Miskolc	3508
9a8fb0eb-cbb6-4cc5-8459-fe23055c5478	Miskolc	3524
f9491717-811c-45aa-a12e-0ede755573d7	Miskolc	3527
07a89c53-8342-4b77-9011-f9c1a88cd252	Miskolc	3518
bca68092-3f60-4cb9-ae7c-e6a13985b2a4	Miszla	7065
9507357d-278e-4686-b065-0130ea8c40a8	Mocsa	2911
46d0a97c-2f24-4708-b6ff-4c5641ada245	Mogyoród	2146
d003a899-7149-4a95-9947-c6971caad65f	Mogyorósbánya	2535
7be675b4-72ce-4755-a184-bb5f98985e41	Mogyoróska	3893
04f9351c-c660-4cc3-9a44-4947ee06ff8c	Moha	8042
c84e7538-b3a8-4456-87a4-a47107099082	Mohács	7700
793ddec2-61f0-4489-af21-17857dc42245	Mohács	7714
6b02c4ec-c53b-4b30-a0f4-89e306b57e81	Mohács	7715
a97487e1-ed71-46ec-8bce-c7a27dfd6e57	Mohora	2698
dc3673a8-58ba-4289-a289-69f4ce65d295	Molnári	8863
233b6474-c01c-42fb-86b1-eaee250fe3a4	Molnaszecsőd	9912
c9f845ad-d83c-499d-8e43-e9715b0045e4	Molvány	7981
bd49e0dd-35bb-4ded-930c-83a9b27456af	Monaj	3812
a3e64449-b913-4e71-ac59-206c254d6695	Monok	3905
6d210102-a862-46ea-b105-1ad20bc90eb2	Monor	2200
0142d24a-a337-4569-87a1-f0263f29e1b0	Monorierdő	2213
18c9eff3-658b-4bcb-a1b3-0b51d8e4ac50	Mónosbél	3345
f18d3de1-2bff-4dcf-9222-fdb40fff353e	Monostorapáti	8296
05e05714-46a5-4a1c-b19b-1680e8f0e067	Monostorpályi	4275
9d0bfb6c-ca61-4567-9cf8-b685e7474edb	Monoszló	8273
0f0cbe90-3a9e-474a-a5ac-e9a52bee5f44	Monyoród	7751
a87ef3e6-3a0d-408b-aff7-d6d5199470d7	Mór	8060
96285baa-c0f3-498d-b501-4d7b771ee850	Mórágy	7165
8950c778-900d-4a17-8b1f-5c79b04f230e	Mórahalom	6782
668827ea-3a5a-404c-a442-4752de1f012a	Móricgát	6132
dce33e7e-135b-4a3e-a18e-4afd4a26d221	Mórichida	9131
678d1b3e-081f-4e39-aee0-43eeb472a44d	Mosdós	7257
822f5648-de2d-4283-ba9b-316612779d0d	Mosonmagyaróvár	9200
352eb1b3-e312-4ef5-a2c6-550dfb46075c	Mosonszentmiklós	9183
402715be-6162-4209-b54d-4b4636a64bf5	Mosonszentmiklós	9154
da415cbd-a674-4471-9f70-79d2e15d4d71	Mosonszolnok	9245
4f4162d4-e5ff-438c-8dd3-3632d1e2829c	Mosonudvar	9246
1cc9b537-d91a-4ef8-a043-da421a4fbdb1	Mozsgó	7932
fe606fbc-a75c-452e-ad83-034c285831f7	Mőcsény	7163
1acf6110-75c2-4678-928e-a510b70482b5	Mucsfa	7185
cd38b728-8fb9-4556-bdf9-94a82bd59188	Mucsi	7195
170104c8-8b5b-4602-b7ef-5483164800e1	Múcsony	3744
149f6cc6-1a19-4212-8372-1285adf04740	Muhi	3552
cd77112f-e0f8-44f3-a0fa-d2b46b81a7e9	Murakeresztúr	8834
93777182-04c2-4577-a46e-c0462d6d1838	Murarátka	8868
51fa4406-1855-4873-9f29-ecf61fded858	Muraszemenye	8872
9f2223a8-1e09-4835-bf96-b6a0c524126d	Murga	7176
6672c12f-37b3-4e3a-affe-c71d8adc36af	Murony	5672
3275b314-347a-489e-b9ec-110afc90ccf4	Nábrád	4911
226e423a-9f3b-4fed-981d-1205bd1a9970	Nadap	8097
52e2b939-73bb-4f17-a380-22f96b979905	Nádasd	9915
d809ae03-4e56-42ff-a778-cbf2def469dc	Nádasdladány	8145
ccc434ba-4907-40b3-a5eb-dc20ee56028a	Nádudvar	4181
bf99aa99-1925-498e-9e51-93c5cb703660	Nágocs	8674
0fb8360f-c371-4d15-bce4-c7e4ce8c0c8b	Nagyacsád	8521
f33a8d9f-df53-44ef-9ed1-193ed10c8fc4	Nagyalásony	8484
fd46a9b1-105c-4603-ad9e-afd1bb517fc1	Nagyar	4922
2750ef2b-9a86-43a2-a318-0f097aa63950	Nagyatád	7500
812a3868-7e99-432e-93c9-41df58a5415a	Nagybajcs	9063
9827e853-81f9-41fd-a369-e732e3582692	Nagybajom	7561
d2fdfe9f-b9a8-45a7-b327-95cc032e6625	Nagybakónak	8821
3ec2ce15-7e99-46ce-909e-e5d5a0699b4f	Nagybánhegyes	5668
56474b8a-0c92-4088-83cd-d86428c02c9a	Nagybaracska	6527
fbad5102-54ee-44ef-84f6-a51f2d5013f0	Nagybarca	3641
7be0798e-89fa-488f-ad9c-3d98f5081723	Nagybárkány	3075
5104cedd-1236-4af0-aacf-599111b722b9	Nagyberény	8656
5e733722-5532-4059-a1e7-fcaabde884c1	Nagyberki	7255
ce0125d4-de38-4720-893f-93dc422ee9ed	Nagybörzsöny	2634
435eac4c-e0ae-42fc-b243-9a10856d6f28	Nagybudmér	7756
a82ce25d-8a24-4390-ace0-60433ddd0460	Nagycenk	9485
28a0bb6e-286d-4359-84a0-111173eb37c3	Nagycsány	7838
0efc6e94-f268-4859-a323-b6b578f66c05	Nagycsécs	3598
24b26547-f297-48f4-bc6e-7900ccec2659	Nagycsepely	8628
8f39fb46-55af-4c80-afbf-1c1511592f67	Nagycserkesz	4445
36135603-b71d-48cd-ae67-1ad00de22fdf	Nagydém	8554
fdbd9679-e9ba-46d3-bb76-2244471af4df	Nagydobos	4823
b7426083-dfdc-4e1a-ba28-a72ef959954a	Nagydobsza	7985
282debac-0b42-47ed-9f5f-10f3cd1b7125	Nagydorog	7044
d6bcc4f9-4553-45a0-9d46-08e37d199c35	Nagyecsed	4355
8a882881-3448-496b-b657-c8385a2cf19e	Nagyér	6917
ef5efa7c-301b-41b6-b19f-08a06689c52b	Nagyesztergár	8415
97fdf81c-68f8-4efe-9f76-677c578c4ae7	Nagyfüged	3282
888165d5-2548-4243-ba76-ccbfab08b557	Nagygeresd	9664
d2fddcec-368d-43e6-80de-5b63935ed27b	Nagygörbő	8356
b64391a1-8385-456c-83a0-56179a9fbcca	Nagygyimót	8551
95de60f8-7c9e-4b20-a66d-184c85aa1550	Nagyhajmás	7343
8ba8dd0c-2246-4e27-baec-cea20a1acad0	Nagyhalász	4485
3429f1ad-0e83-4c00-940f-aad79042da9d	Nagyharsány	7822
3b629676-0c2a-4057-942b-a7e54c0f3212	Nagyhegyes	4064
735ec678-e0ca-4297-acf9-416249bc8abc	Nagyhódos	4977
4d77cac9-02be-41e8-8806-bf3f60a844a2	Nagyhuta	3994
849d9d95-d03a-45fe-b5f0-9c945220dffa	Nagyigmánd	2942
f0904e38-cc7c-4944-b405-8570d2b667d8	Nagyiván	5363
f01db8c7-9894-420c-b928-9655f871b4af	Nagykálló	4320
f92315a4-34cb-4b12-944f-d864c09d5202	Nagykamarás	5751
3728c3e0-1bc5-4b2e-926d-f315c04d86bd	Nagykanizsa	8800
bc8cdcb2-d444-49e0-83a3-394ae4fce4e2	Nagykanizsa	8808
858711f5-0ca3-4148-9c45-47267b5c539c	Nagykanizsa	8809
ec3b144c-e02b-45a1-8036-4f092f67721c	Nagykanizsa	8831
647726cb-689e-4b83-b172-4c1e2c4f2c5d	Nagykapornak	8935
c07628c6-6efe-4c13-a7cd-05426999ef10	Nagykarácsony	2425
727234fb-8113-42f7-8eaf-d95502b4b725	Nagykáta	2760
481e1f30-f557-4467-a11d-adeb340ff654	Nagykereki	4127
1527536a-6317-4e2d-ad8c-6effb682c777	Nagykeresztúr	3129
15d69556-1183-4cc5-a278-cf68229e3e52	Nagykinizs	3844
de1fc80d-f245-45ad-bd93-8ab4c5d8ed55	Nagykónyi	7092
b753e1e3-475e-44d5-8621-f8ac32537781	Nagykorpád	7545
7ab3a5ab-7679-445a-b1b4-da77d338157c	Nagykovácsi	2094
318cf2d7-a10e-4b5e-b526-0cffbc24ac1b	Nagykozár	7741
cecebd04-8531-428e-878c-b42ff99c5ed5	Nagykökényes	3012
757eba28-a803-4c2f-96bc-cd66f2f5a186	Nagykölked	9784
fb5059cc-61c5-4404-adef-362fe2466504	Nagykőrös	2750
309dc635-cec5-4bfd-a744-42b3e86c6cf2	Nagykörű	5065
c5399ec1-238f-4574-b30e-c51e31b1f08d	Nagykutas	8911
d987b4a2-74d4-477d-b50f-99b2752949ba	Nagylak	6933
01527c25-f059-4594-b235-b5e60524a56b	Nagylengyel	8983
58074951-cf2f-4b1d-8d5b-90daf7613c04	Nagylóc	3175
1433f066-8f3e-4be4-b49d-8ebf6a51a859	Nagylók	2435
3656ee53-d7fe-4ca3-8497-3fde7484a504	Nagylózs	9482
75606a66-b6d2-4bfc-be52-c50c62dc4521	Nagymágocs	6622
61598b80-352b-4971-9c99-c2dae0c5d2da	Nagymányok	7355
a71eca78-7cea-434c-885e-0a81578a94c8	Nagymaros	2626
e3b87d7f-02d0-488c-885a-bb0aaffd3b01	Nagymizdó	9913
17f21c04-9a1b-47cd-b4fd-3d317eb0b063	Nagynyárád	7784
6d6bc051-537b-466c-9bcd-153ca6d81960	Nagyoroszi	2645
8121844a-fcf4-4a5d-bc1b-46486e1e9ce2	Nagypáli	8912
190d4531-2794-468f-aa58-50793b7cf7c1	Nagypall	7731
429f5cf6-01e5-43f6-b680-230fb6119398	Nagypeterd	7912
277ce95e-db0b-482b-9631-f8c8690d6b65	Nagypirit	8496
b908069c-9a71-4156-9cd0-dcb2f1b2850d	Nagyrábé	4173
dc5b8a4e-dd1e-4b3a-9c0d-60bcb8557560	Nagyrada	8746
f1521523-365d-4ae1-a519-b180a0f7265f	Nagyrákos	9938
51b012ca-cf4e-40c4-aafa-9c97b2531325	Nagyrécse	8756
11a591e1-f9e6-4c94-abe3-f3a0db339db6	Nagyréde	3214
6a5000f3-420d-454a-ba54-f28957ce82da	Nagyrév	5463
a51ff8c1-47ff-47e1-a223-2e680c4efd16	Nagyrozvágy	3965
2574bb7a-2743-43d7-b929-0b4793a7aba8	Nagysáp	2524
eda39a20-d2a7-4a19-a126-4ef70f3c06e4	Nagysimonyi	9561
05ec6cc5-f677-4e3c-ba5d-b7b7d0c78c26	Nagyszakácsi	8739
013e0707-2cbb-444f-a13d-a68b9016978e	Nagyszékely	7085
35f3bb2c-20ed-485c-b74f-c3085d37c5ab	Nagyszekeres	4962
4e44d097-c309-46a7-80a8-2743304672cd	Nagyszénás	5931
4b86e2af-0466-48cb-b18e-3c3d4b3b172e	Nagyszentjános	9072
436c9929-a05a-4884-9606-94c991a23d32	Nagyszokoly	7097
d79da0c0-fed4-4f5b-b618-ef9bbcb499b1	Nagytálya	3398
c80848c1-8a31-4696-856a-c2e8a860e000	Nagytarcsa	2142
34b29527-93df-4ce5-99b0-d88c1aefb4e2	Nagytevel	8562
8146188a-13f1-4799-8465-e578c762c7e2	Nagytilaj	9832
20405aee-2c1e-4bd6-a5ac-f3bf65ec4281	Nagytótfalu	7800
e3dc7970-b0f2-4f1f-a45e-5307c00882b2	Nagytőke	6612
00ba9b56-0bdc-4c72-b69d-75aa3c8e49f5	Nagyút	3357
fa832563-d51c-42f1-8d0d-4e06cb9adaeb	Nagyvarsány	4812
12928e5a-318b-4555-acf4-6238766b71a8	Nagyváty	7912
97b018ce-2ffd-44da-b8b9-d751a74e3eba	Nagyvázsony	8291
f5febb8a-fcb7-4a15-bb56-092935dd3d49	Nagyvejke	7186
9091e317-d22c-4701-a53a-e917c6e814cf	Nagyveleg	8065
d203dd30-2bd8-4dff-8892-2fd06494fe37	Nagyvenyim	2421
3fcf05e3-575d-4185-b400-fafcc7996731	Nagyvisnyó	3349
c99b6aaf-21b0-4bec-bfba-9180a8d18071	Nak	7215
91b1a33e-c97a-467d-898f-0670c8746980	Napkor	4552
7bd83d50-0382-4ddf-83f8-67d7f2061e68	Nárai	9797
c100e85c-87df-4956-b352-a4e0da5f78b7	Narda	9793
6928a2e5-ae3b-457c-94d3-a683f06011f5	Naszály	2899
f9755977-bd30-4da9-b7fb-1b65c7c499ce	Négyes	3463
6cf4a695-cdcd-4660-b062-f45ef604c06b	Nekézseny	3646
72dd95b0-a926-4ff6-a368-131b73d78776	Nemesapáti	8923
91d5c1df-3551-4212-b7fa-5b3f051b5a36	Nemesbikk	3592
df90cf34-a877-4bcd-9325-82f28748b2c6	Nemesborzova	4942
52fc9c90-d335-4265-a705-152b7b62efa3	Nemesbőd	9749
d3a5868d-b355-470d-8813-45b16afdf7b0	Nemesbük	8371
29591b8c-71a3-49da-9f72-7ac455febe4d	Nemescsó	9739
f39f1c91-28ca-4c46-8ce3-c52e3fbda720	Nemesdéd	8722
32275f65-ebf2-4294-8059-0305d00f4aff	Nemesgörzsöny	8522
1647c25b-b911-4ec2-a683-f18d6834012e	Nemesgulács	8284
be7844c8-bda6-4c96-ac27-225d7d4e8808	Nemeshany	8471
80dfc835-bd9b-40af-bc57-1f3362069984	Nemeshetés	8928
45025ae2-67d2-4fe7-933d-d0de886ce485	Nemeske	7981
22c0490a-004a-419d-869b-02b0539cf056	Nemeskér	9471
683085d9-8681-4ee1-855e-0f49d3640fbd	Nemeskeresztúr	9548
3624e311-1857-47b2-8491-56c8728c47ba	Nemeskisfalud	8717
059841a5-edd2-4fce-85a1-3a3dfe41939c	Nemeskocs	9542
e2e66963-3ec3-43b2-b10c-f830fda353f0	Nemeskolta	9775
ef623d59-5e35-42a6-ad7b-ea706205c29d	Nemesládony	9663
45d1e06f-2d49-4934-bccd-8c131f1e062b	Nemesmedves	9953
9342220c-7acf-4b49-9469-4ef6a73af411	Nemesnádudvar	6345
bebb0186-68fe-4e1d-88a4-c36a39421208	Nemesnép	8976
5c94908e-6612-44f1-9350-c4b4110cc45a	Nemespátró	8857
79391939-e86d-4d15-8d2f-8f9bea2c1a07	Nemesrádó	8915
1ec360f4-e9fd-4296-bec0-718ed539afcc	Nemesrempehollós	9782
d0094fb5-90dd-409f-8c02-61ce8787521e	Nemessándorháza	8925
592643d2-eedb-4260-a47c-9bddf74a8810	Nemesvámos	8248
e2559897-4f91-4201-a3e3-74fab224ca88	Nemesvid	8738
66e75fdd-56c7-4330-aaab-85d454e8826d	Nemesvita	8311
8d5c9f90-bf09-430a-b789-0d6f065efe98	Nemesszalók	9533
1be2d6ca-584f-472d-9680-34973170d6a3	Nemesszentandrás	8925
f181ca25-0fdd-4931-a7a5-b52885e98918	Németbánya	8581
b793f897-0f6e-4fee-95e3-a56e2147a7ce	Németfalu	8918
0704b358-e8e6-4f9b-b3c7-dec103094701	Németkér	7039
c4037355-f3cb-4a5b-a359-eb4ba2e9d127	Nemti	3152
8244cfd3-187c-4407-81ac-a670bdaa5ee3	Neszmély	2544
e6800319-05f6-4c41-acc6-030de57f077c	Nézsa	2618
968038a6-6044-4846-9da0-59e3224b3dd0	Nick	9652
e1e133eb-cd22-4df5-aa0b-ddd9d4a0c17f	Nikla	8706
1c0a320c-d023-4314-8ac4-160f99700dd6	Nógrád	2642
af881481-cad1-4ab0-a2e7-cbcf87235f59	Nógrádkövesd	2691
9013b4af-40ef-4135-acc8-e38b444cc8fd	Nógrádmarcal	2675
7821c916-93a4-4918-b154-830fff508781	Nógrádmegyer	3132
ab3607a8-a55c-4e32-b241-dad27066dba8	Nógrádsáp	2685
12cef1a4-2ecf-45ee-8686-aabe3b6aae0e	Nógrádsipek	3179
6b819f29-ad98-4627-bffe-8e149e29edf1	Nógrádszakál	3187
085091a6-eb7b-4490-a4f2-3844fda3cac6	Nóráp	8591
02d32ea6-41e2-41ac-b84e-f0d44f0e354f	Noszlop	8456
e1b65cb0-76a1-412a-87b5-8013dfe3bfe5	Noszvaj	3325
e9d75a18-0c19-4159-a1af-77dbfc237d95	Nova	8948
fc99e1af-22c4-49bb-87ae-cd006b64f2f5	Novaj	3327
84bcad9b-6722-4018-89c0-22bd374dc044	Novajidrány	3872
03b79770-bcce-464f-b0df-011242865baa	Nőtincs	2610
017c7942-b220-4d24-b064-f98bbe246ee6	Nyalka	9096
c9861bee-13c4-4e1c-9c7c-8fc2fb17ee59	Nyárád	8512
0c570d25-c395-4451-b198-27f1ffa23a0d	Nyáregyháza	2723
de131633-ef8a-42ca-a7dc-5693dfe0340b	Nyárlőrinc	6032
2fe1bbb0-86e5-45db-9743-bac6cc0e38f9	Nyársapát	2712
361fac8a-bf90-43d8-8b72-ce28ab438bd5	Nyékládháza	3433
2019d110-6e1e-467c-acb0-b3d9108d500a	Nyergesújfalu	2536
7478da72-0d6f-4f52-b3f2-b66047deafe6	Nyésta	3809
b36ae022-47f2-472d-a581-186a60fb62b5	Nyim	8612
4b6c57aa-bc69-4934-aa43-e6f27e2c3ae3	Nyírábrány	4264
018bca2d-789d-4580-8e2e-9e41120ca245	Nyíracsád	4262
c0ea4bdd-5804-45f4-abb9-c6949b91dcd9	Nyirád	8454
7061cfee-7c58-4b82-83b7-b6e7ff43e8f2	Nyíradony	4253
dac44cff-6694-4923-ae7a-ff753e3b887b	Nyíradony	4252
08f7813e-a8ec-4ae7-b733-a6fae7544ac8	Nyíradony	4254
ec11fcab-7ee2-43c7-af3b-5d9383c47919	Nyírbátor	4300
9214baf6-07c6-43d2-8991-4dbe00d936b6	Nyírbéltek	4372
767482ac-7144-47f0-845c-db12dde82e26	Nyírbogát	4361
9f12c578-48f9-4c7f-a9dc-c49daffd6799	Nyírbogdány	4511
1e3a4323-aa71-4071-9ccd-0c3a5495a77b	Nyírcsaholy	4356
06f4f50e-1c38-48ec-9058-65bf3623969c	Nyírcsászári	4331
15592650-bc57-4fc7-bdca-12e6385efce0	Nyírderzs	4332
59a1ec9b-30b6-4a6e-9937-11458d6eb2b5	Nyíregyháza	4246
dc050868-8dfa-4e0e-97c6-3ce19506cff0	Nyíregyháza	4405
9989981e-16a7-4d1f-9dc1-753c0384ab06	Nyíregyháza	4431
16cd887a-f911-4309-bf6d-196ae18083d1	Nyíregyháza	4481
e71f72a8-1dec-4c39-889e-e61a34752556	Nyíregyháza	4400
31110881-18f0-4ff8-bdde-41bb8460d00d	Nyíregyháza	4551
9f0c59ff-aacc-4854-8a0a-cff82f931cf1	Nyíregyháza	4432
35605c69-410a-4705-9b5f-be1037e18a83	Nyíregyháza	4433
22198243-f4ef-4ebb-b3b7-494a823a60b8	Nyírgelse	4362
13686e65-c6d4-4b7b-a095-b5a8f8116490	Nyírgyulaj	4311
a4f57482-1f74-48aa-9326-9591378159cd	Nyíri	3998
e9539108-7234-4b34-b0bf-d0068e78fdbf	Nyíribrony	4535
cb22223b-f972-4455-903b-8655a02b855b	Nyírjákó	4541
4e7292f8-d4d1-4f40-ac4d-10a88a1b12c2	Nyírkarász	4544
cfb95b4e-ae7f-4ec8-a31b-03b3efae86ce	Nyírkáta	4333
863adb01-4663-4a09-b64e-78e60cf31098	Nyírkércs	4537
de9cd265-03c5-4af0-9ea0-b597eeeca4d0	Nyírlövő	4632
5e78a9cb-3628-4c96-b1f0-dd8c9c7e2503	Nyírlugos	4371
a5cc9d42-33ad-42a2-b1eb-2abbe1c9f099	Nyírmada	4564
1d7af819-b9a4-4a62-8e07-a0f67551e0de	Nyírmártonfalva	4263
0575575e-d757-4414-9ff4-e9cc535eb148	Nyírmeggyes	4722
23f39383-715d-445b-98be-2ea1517189e8	Nyírmihálydi	4363
2361a9fc-b9bf-47b8-8a01-803e4dee418d	Nyírparasznya	4822
601a7f63-835b-41e5-a820-400c27ffa9f0	Nyírpazony	4531
84fd4078-caa1-47ca-9809-277bc870d55c	Nyírpilis	4376
66c0da60-93a4-46ff-b8f4-327da4fd7f92	Nyírtass	4522
04cbc065-aa47-45cc-82f8-bb576ad060d9	Nyírtelek	4461
a841cb46-0df1-47ae-9b01-c7d02b05857b	Nyírtét	4554
df1fc07a-3746-4e2e-b510-84305652a014	Nyírtura	4532
8befd53b-a63f-4dda-bbe5-1b96b67076f8	Nyírvasvári	4341
2128aefe-d176-4ab8-86e4-5a3f843e5a0a	Nyomár	3795
0d300c91-9440-4350-b6e1-551bbf5c368c	Nyőgér	9682
0af91d9a-11d9-4145-9e29-4ebf16bb007e	Nyugotszenterzsébet	7912
8ef4277e-4468-499e-a01a-a9de996874db	Nyúl	9082
16aac6c2-ebf3-4556-95ee-0580b593ca89	Óbánya	7695
b04dba98-fa97-4b81-945a-7b061834f7f3	Óbarok	2063
b958d1b8-1e0b-4f29-be42-2e18b54e8364	Óbudavár	8272
d9accf78-0e8c-4648-8ff3-bf6027c4e1f7	Ócsa	2364
7ade9ab1-f0e1-4e25-a308-1e4271cdfb0b	Ócsárd	7814
56ba897e-14de-40f3-b3de-4fc41fbeda11	Ófalu	7695
ca40452d-b8bd-4e3c-badc-41d3e5351362	Ófehértó	4558
76e06258-7b45-489d-8b90-c49b34852fbf	Óföldeák	6923
bf57459d-248d-49d8-a748-d9edac2d8324	Óhíd	8342
8d74268c-53df-46dc-8b47-f8642376b95e	Okány	5534
bfc45355-c836-45ff-84c2-b46b65001e2e	Okorág	7957
378101d9-4677-458e-a086-b446c0249070	Okorvölgy	7681
9e370bb5-131b-4b74-a549-50dbdaa15bf1	Olasz	7745
47d717a2-2e7a-46f2-aca0-47bc65e27e12	Olaszfa	9824
8ec2e1f6-be34-417e-b39e-9a8e946c0485	Olaszfalu	8414
1d89dfdd-dc41-4f66-bfc5-74c6a9a218d1	Olaszliszka	3933
c65d6d3f-ff1e-40b3-8cb6-dd335eff24ca	Olcsva	4826
43dba10e-f7ea-45ca-a953-3071271f8fff	Olcsvaapáti	4914
ff47936c-0dd7-40b3-ac34-5e0437f9ab7f	Old	7825
76ed1330-0841-4f2b-a860-48ffc5c9730b	Ólmod	9733
ef993ae2-14e3-44d9-b594-9cdc481a3cb6	Oltárc	8886
e8c3ae51-b67b-4c18-9f39-f3d4b0cb59ff	Onga	3562
6a53834c-84b7-4d40-b0ac-4db164a093af	Ónod	3551
7321368a-b4e8-4f25-98e3-d382d3befe8f	Ópályi	4821
749a1664-f5b7-4b9a-a2e3-1847f643ca92	Ópusztaszer	6767
e43f07d3-2186-4fea-b2d7-f50d01b13ae7	Orbányosfa	8935
26a2ec3e-3a6c-4a44-9244-36ff9e3de72a	Orci	7461
ace237ee-11ce-4001-b78a-a6c72b58137b	Ordacsehi	8635
b55fb071-542f-4bf2-85f0-b84998d8d1f0	Ordas	6335
b94324d8-0bca-4f67-92ad-d59fc482e6b5	Orfalu	9982
50b88292-605e-4d69-a600-76dcb749ca58	Orfű	7677
296af195-7d64-42a2-87d8-6d0000740edb	Orgovány	6077
b78d3936-75e2-4233-9ab9-8a0cf7e0c60b	Ormándlak	8983
86286791-7626-4d4b-9e90-001d8d98cdc0	Ormosbánya	3743
49b05894-c1a2-4a80-bef3-595f0162f84b	Orosháza	5905
9a3ae79f-60a2-4f0b-8d3c-beb2eb219fd7	Orosháza	5904
d2cf73e9-91f1-40b5-a909-f48cf851092e	Orosháza	5900
2f8fc172-6b6e-42fa-949b-9010179340a9	Orosháza	5903
2a86ed32-28f6-46a2-93ca-6b41c1337f16	Oroszi	8458
155f2bb8-9ef6-4309-b301-a56db2d347d5	Oroszlány	2840
ad4a1bc7-b392-4461-8d66-956097609b1c	Oroszló	7370
a5145bbe-74ef-485e-804f-9cfd91498bd2	Orosztony	8744
474e834d-2f4e-4f15-8155-ef2a1dba0d46	Ortaháza	8954
a5f3e88e-b718-4f0a-8686-2cd0ad732634	Osli	9354
1d530d90-6080-4961-b1cf-34bb99edeccc	Ostffyasszonyfa	9512
21f06945-6b10-49db-af5f-0f86fd5435f7	Ostoros	3326
63377d7c-09ec-4bd7-aabc-ad0add32133c	Oszkó	9825
ae12d5d3-1889-4a70-a67d-27b38b0b7b04	Oszlár	3591
8a38f4ec-351a-4da7-b583-d2cedb7b9df6	Osztopán	7444
24d30ea9-b479-40d8-b20a-6cfce0c6efb4	Ózd	3651
3b80c676-a1ab-426d-adaf-b590cb2314db	Ózd	3600
a1b3517a-d67c-4dd5-98ea-4baed705dad4	Ózd	3604
9582e3b9-922b-47b3-979e-698b768aff4c	Ózd	3661
1f8d7d58-be3f-49cc-bde0-e8f3b427e5fb	Ózd	3625
dcd1032e-81d0-40da-beb8-0e0aba735682	Ózd	3621
48db5e46-dd0b-4610-85fe-c7ec6956120d	Ózd	3662
f1981c37-88f9-4ce9-b693-dc00a90b5cc2	Ózdfalu	7836
e8f147a3-5184-4aab-9e74-f01c50737ee3	Ozmánbük	8998
66cab126-8bb9-4bfd-8162-914b2cf5e322	Ozora	7086
942ce9af-9afd-49c4-a5b0-aaea26e06069	Öcs	8292
9a4f805a-9bb3-44e8-b2a0-cea0c421881c	Őcsény	7143
c36cb321-8d2d-417f-aae9-3be03a8e48e6	Öcsöd	5451
eafd4e30-cc2e-4d33-bb45-7f8c070b9311	Ököritófülpös	4755
f0468614-a77a-4db0-b3fd-541a7a069141	Ölbő	9621
bdfd757a-9160-4b49-ba27-b2daf9e3cb2b	Ömböly	4373
48effe1d-abc2-436e-b82b-02c111ab13df	Őr	4336
7b03744c-aae8-40bd-9545-3d991339b441	Őrbottyán	2162
2df399ca-5d56-4a6b-9ab1-45499f36d9b5	Öregcsertő	6311
78584697-f509-424b-ac88-986063547bbb	Öreglak	8697
5bac7c13-71f2-4494-9928-b06114040f85	Őrhalom	2671
11986cef-340f-4a9a-82a0-db7a2f4c9a69	Őrimagyarósd	9933
3c4c1543-4483-4d58-9dbb-11dc7fc8e6f9	Őriszentpéter	9941
a871e199-8cca-4005-b39c-1769b9d9cba4	Örkény	2377
209fadd0-e3ef-4a8f-8e40-25d2addfd8bd	Örményes	5222
dee5675b-f73b-4322-abcb-c864d431ffda	Örménykút	5556
5094e5b6-7a77-4056-8f6d-d5c88d642497	Őrtilos	8854
554e7b9c-d300-4c86-adfe-2a19208977d4	Örvényes	8242
773cdc4a-7304-46eb-8aff-1eb84a52514f	Ősagárd	2610
80be5d91-5ca0-4ab6-9827-128acc0a0800	Ősi	8161
1280d175-8b81-4955-83c5-74cbb4d6644b	Öskü	8191
f00eb597-1cb8-4e3b-8156-5264b39dc2b1	Öttevény	9153
d58be480-630d-4fd2-8efe-8ba1e36090d8	Öttömös	6784
e4cd0147-69f1-4851-8421-b607f733f3ae	Ötvöskónyi	7511
978e5d0c-9f0c-4a70-aa88-4e8be0000160	Pácin	3964
00e3ebfb-4ec6-40f8-89cc-d813ed24dcf7	Pacsa	8761
42242af4-2c2e-4b00-85c5-29eb0c750a97	Pácsony	9823
db8d4b8d-fb62-4766-8cc8-dd0028612d3b	Padár	8935
b6e8e649-98f2-493b-b803-87064ce096be	Páhi	6075
d1b54b78-299d-42e2-80c7-d54c2e5ce8f5	Páka	8956
5bac8999-c9dc-4a4d-8ca6-863a1ada85fe	Pakod	8799
e12a97a5-b490-4cbc-9838-54654473fbe0	Pákozd	8095
5d5bc61d-0871-47b1-814b-d8295e3692f4	Paks	7030
788bd5d1-cde0-4030-99b2-721f9ecd2063	Paks	7027
0ae3453e-52ae-47ac-99a4-02497b30c124	Palé	7370
f2ba67e7-a6de-4b7a-8d5c-a6e637dbb85a	Pálfa	7042
e511a280-1575-4059-a8b8-bd19e2761d00	Pálfiszeg	8990
514037c8-ca57-43c4-b302-eb9020de4eac	Pálháza	3994
adb58e8b-1ec8-4482-924d-09b1411aad79	Páli	9345
f93d4301-87ae-42e4-8785-6ffdae7a275c	Palkonya	7771
b096d672-7b5c-44d8-bb92-3a34cff89797	Pálmajor	7561
1356edb7-7e01-493f-9458-49aebe8f8005	Pálmonostora	6112
7fca9ea5-386b-4ff3-8e6a-f8bfbbed1a1b	Pálosvörösmart	3261
9dc8dd18-a076-4eb2-8cfc-da55744d4493	Palotabozsok	7727
a3708927-9b28-4812-a1e7-655f71c496e0	Palotás	3042
2032d739-6a85-4cdb-ae21-68fa359a2722	Paloznak	8229
f0a5a3c6-aa5f-4cda-91a6-969ade9bd46a	Pamlény	3821
690dc3da-1363-4747-9b8d-b8e04301db05	Pamuk	8698
d7694390-4c06-4fd9-b81d-22657e0d6a0c	Pánd	2214
2bac8b0a-8543-436d-82a1-2b950073e1b3	Pankasz	9937
45985d6b-99a5-473c-b522-9adfc6a1998f	Pannonhalma	9090
5fbc2d87-c2ae-45a0-85dd-1cb8bb8f480e	Pányok	3898
89a5cc9f-0986-4d96-809e-302561734496	Panyola	4913
339d5b85-62b0-43d6-9f52-51bc3099ade2	Pap	4631
4edb958e-2908-4ef7-9e13-02e466191978	Pápa	8500
5da32fc9-6761-4a71-a5e0-1ea2d5723ef1	Pápa	8511
bf6b2709-5272-4a9b-a9d5-e15ed4c73ab5	Pápa	8598
87916220-cc4d-462d-a79f-0f8ed28d2013	Pápa	8591
911cf2e4-d508-43d5-89f4-cda00a4a7723	Pápadereske	8593
9f964e8c-3095-4767-b7b2-04f232ef1ca1	Pápakovácsi	8596
cd042cf1-d0cd-47f5-9e9d-a752156e0486	Pápasalamon	8594
00056880-6e7a-41ea-bae0-6572f426a1da	Pápateszér	8556
92a2dbfb-38a7-456f-8004-313b609c40e8	Papkeszi	8183
4c98d679-7683-4b5c-9145-fb70aab468f0	Pápoc	9515
d695cf30-cdc1-4ee8-afa8-554b8ab8fe57	Papos	4338
688298e6-f742-48d0-96f4-0eb8f99be145	Páprád	7838
d0c32348-240d-49fe-8f2e-26c4b97f7c84	Parád	3240
56b7fe36-b890-4ed5-92a6-46b801d42e21	Parádsasvár	3242
66b033fe-f288-47ef-8cca-b80f64ee440c	Parasznya	3777
3fa5b2f4-f06e-4fc5-b1e2-e2576ac126d1	Pári	7091
e88251d4-5321-4c9e-b2ba-7e67ec4c9c7d	Paszab	4475
4c5360d8-937c-49ce-961b-3dc740cd5393	Pásztó	3060
86afc5a2-6e09-43d4-8f40-4471f67dc8fd	Pásztó	3082
33ca85df-a029-4e6c-b151-a4655dc916a8	Pásztó	3065
77d0dd62-e1a8-406f-993f-3fa60a126684	Pásztori	9311
4250de1c-386d-4a72-9777-2f9f2a1e0f61	Pat	8825
7c39d3c6-22a6-4046-84ef-049548e77044	Patak	2648
0cd54bf0-ab6e-40f1-a8eb-9bdbe14b7537	Patalom	7463
564088fc-6c53-4e71-89be-68e0338f4774	Patapoklosi	7923
00ce3fdc-ff43-4eb3-ad69-d37f9dcf9fc2	Patca	7477
9267c43e-952e-4643-b3f5-245f10d2e927	Pátka	8092
b8ae9b19-2007-4023-be06-18b691ca5d78	Patosfa	7536
c02453d1-15ad-4dae-9de1-53d5fa1d7911	Pátroha	4523
7da38d8a-2533-4009-8030-8f89eb78e822	Patvarc	2668
91676caa-658b-4adf-8ab2-05a82e86b197	Páty	2071
ecde753b-28b0-40c2-9ea5-51b01294c5e9	Pátyod	4766
00d6e061-8307-45c7-a03e-d8f59f00b003	Pázmánd	2476
33d41dae-01bc-428a-8121-0c2a21dd2719	Pázmándfalu	9085
71f3ac14-7796-4836-9467-6ecc51ef6785	Pécel	2119
5e62cc26-1475-480c-9a89-5992f1fa2251	Pecöl	9754
5af61c9d-96d6-4502-aad3-a85361071d7f	Pécs	7622
af30331e-e434-455b-90f5-f0b43cd1a4a1	Pécs	7691
759e9f59-e59e-4513-b503-ae84f501f73c	Pécs	7632
86c86ad7-687e-4bd2-9211-70e1326a652b	Pécs	7625
c942fa3b-a69e-431b-8a63-3a209d450010	Pécs	7636
26516af1-7236-4ff7-9571-070ed5a771d7	Pécs	7629
e0de22a0-d849-4bf4-9dd5-ade1ea46b983	Pécs	7624
e2b3f80e-920a-408f-9eb9-0d0f3a731eec	Pécs	7623
89304ee2-6fdf-4d79-a7bb-818b0cbdd25f	Pécs	7630
53c8bc52-5da4-4a37-a051-7a1d349ef692	Pécs	7635
013b06c1-c063-4ff5-b614-b8a124e82c1e	Pécs	7631
2e132964-7275-4efa-86d4-ea577fd08491	Pécs	7628
d3bdbed9-ae29-458c-824a-214b9784f9e6	Pécs	7633
8ef87fd1-2495-4e4d-a90a-fc1c30095ef3	Pécs	7626
94bdc2b3-2ee1-44fa-a476-ce53d4b16172	Pécs	7634
a1934af3-802b-4e4e-bd7c-47a265dddf6c	Pécs	7600
9d8fd2bb-8ed4-47a9-9240-791b5f9f5e01	Pécs	7693
e2347027-3cad-4059-9cfe-7cc5d061e414	Pécs	7639
a75c3c93-b3ca-47c6-90c1-cadfaa665028	Pécs	7627
7abe782f-0935-49fc-be7b-04dcbcb85b78	Pécs	7621
6519d0e3-8878-460b-afe4-90a00e203833	Pécsbagota	7951
e0ad34f0-1a4b-407f-bace-03af821d4fad	Pécsdevecser	7766
5d4e5da1-c8a2-4572-8976-d9a46577208d	Pécsely	8245
fa717981-fc99-495b-9a2d-6aee2e252401	Pécsudvard	7762
ffb39817-2b3a-4034-b728-59030bd0f2a9	Pécsvárad	7720
383b46ec-f4e3-4385-a0b1-72214a393b6a	Pellérd	7831
2dd9f222-b4d6-46b2-844c-9dc3f64cfbe1	Pély	3381
9cd7af70-6ad1-4610-aeeb-4b0d5da53e40	Penc	2614
34b047d7-d6f7-4e5a-8eaf-0c9e06ac2c9b	Penészlek	4267
0b14c4a2-be98-42f7-92d7-ad9f50c4c497	Pénzesgyőr	8426
464b79a1-79a0-4943-8876-9a47dd61bda4	Penyige	4941
22064037-575f-4f85-afb6-f1f174b812bb	Pér	9099
5d93b40f-7799-4b62-8a8d-5ea33faf949d	Perbál	2074
b62c804c-27f2-4cc5-b851-aace4f9bab90	Pere	3853
458522ad-b7b8-40df-83bb-5a011bdde9e8	Perecse	3821
a654de12-bf17-467e-9379-4c161f2367c4	Pereked	7664
02f33a12-1245-4754-b8d9-b758b5c947fb	Perenye	9722
e9cc3136-29b5-4353-b054-108963b34f01	Peresznye	9734
bda315af-9b0f-48ed-ba06-aa3889a60763	Pereszteg	9484
da1610fd-a664-4b45-9272-4c2013aee049	Perkáta	2431
bd033528-42dd-4053-9cf0-ce883c3fb45d	Perkupa	3756
3e88e380-0856-4555-8796-eb4204c81f9d	Perőcsény	2637
cd501fd8-d800-47c2-b290-e5988cbf2fa7	Peterd	7766
e21bab3a-4ddd-4e19-907a-cf26fd2af147	Péterhida	7582
899ed1c9-689a-4b81-8cfb-4700ca83ad9a	Péteri	2209
c8cd10cf-6def-4cb6-a41a-d1537de1701a	Pétervására	3250
9e7952df-082c-476e-8c0b-3222a949744e	Pétfürdő	8105
34b74055-26bd-4c98-a968-82cfb31cbc72	Pethőhenye	8921
0fa4030e-05f5-496d-8b18-0c116707e6b3	Petneháza	4542
54b7960b-1b20-4ce9-9e98-00e65dfd1285	Petőfibánya	3023
0c9a6e4c-58d1-47b7-a108-9ad44330dfaf	Petőfiszállás	6113
0b2713ca-ce65-4cc6-8e7a-dbe1fdd1142a	Petőháza	9443
4e6edd85-9847-41fb-ac2a-ca7e86782bba	Petőmihályfa	9826
5f3ef3dc-a872-4182-80f7-5a07431e601d	Petrikeresztúr	8984
ec903e0b-e83e-48b8-b884-f69c29e177b2	Petrivente	8866
1edd2025-83ea-409c-9467-9bd34b518c5d	Pettend	7980
79add49a-818a-42aa-951a-be507eaafd5c	Piliny	3134
7ee46668-2c08-47bc-8297-ef942881f103	Pilis	2721
4766c1db-0766-484f-bfe6-65f4d3fd7b92	Pilisborosjenő	2097
7e6dfc9a-ab25-4774-89a3-ec0501ac95ac	Piliscsaba	2081
253e667e-c722-4a36-8cab-d32c4a504ab6	Piliscsév	2519
61a42f29-1ef4-4101-aef9-18b2085a4a2d	Pilisjászfalu	2080
8187743f-6b1b-4fbd-886a-aff4b493ee03	Pilismarót	2028
638d3fa6-828e-4a9e-b938-a40a329585cd	Pilisvörösvár	2085
f131d030-0bb9-4b45-8445-ee35800db1ae	Pilisszántó	2095
0342d995-3d09-49e0-96d3-7990e247d9d8	Pilisszentiván	2084
595a94f8-d2b4-4d02-b851-5cd1462efba6	Pilisszentkereszt	2098
9fe29536-8fa2-4f4b-a68e-719360935cab	Pilisszentkereszt	2099
0c833d21-10db-4091-8cac-2e48a9bf328c	Pilisszentlászló	2009
1be4ff5c-9816-4e89-bbc8-15ac65d3fd72	Pincehely	7084
47ba24f8-555e-4f0e-a9cf-d31160205f20	Pinkamindszent	9922
bdb309b9-e698-4589-89e7-49dab4eb3752	Pinnye	9481
7c5e6ce3-bdbf-4133-a89f-57ba9d358b92	Piricse	4375
67a7a591-e3eb-4057-aeaf-750491008dba	Pirtó	6414
3853165f-e033-4d57-b954-9bcf0afe666a	Piskó	7838
b55b3846-d2a3-4cf5-b9bc-f9be344fea7f	Pitvaros	6914
bdea87e2-4fa7-4222-a01f-07581921685e	Pócsa	7756
4c57b6ef-94d5-4a33-bc4b-60fd084243da	Pocsaj	4125
31df63d8-fa28-4d28-a925-6b2e05f00d2b	Pócsmegyer	2017
8a90bc5b-50f2-4407-9075-6a3bdcf15741	Pócspetri	4327
64d8442b-a11d-4b09-a08d-36691b97ebed	Pogány	7666
ed51dda7-f266-473d-b3c1-4107c8803a70	Pogányszentpéter	8728
e5085ed7-5b47-4716-82ef-9e0122bf9907	Pókaszepetk	8932
7d86d10b-93a1-4df9-b6f9-4ba3a1256f2d	Polány	7458
eedd282c-d666-4911-8d6a-54b7cb43de84	Polgár	4090
554de329-15c4-4d98-a1d1-14fdb59df778	Polgárdi	8154
c4d974bf-1674-493b-9105-3f3db9dc5080	Pomáz	2013
8e84ce96-5fd2-4262-8e5a-aeb07f5b47ef	Porcsalma	4761
38245f58-a2c5-4da6-a56d-90679ba0efc7	Pornóapáti	9796
d2819692-4e55-45e8-8876-09c2c7c161dd	Poroszló	3388
ea90f704-2697-409a-818f-d30f2acc98e6	Porpác	9612
6b2ac0e7-1c7f-4fa0-a86f-d4eccb409827	Porrog	8858
04dda83e-1707-49b1-a11c-a28fdecf1735	Porrogszentkirály	8858
9fa27100-78fa-4d22-94a6-acce03c38431	Porrogszentpál	8858
5ca6c795-c214-4397-871c-b92170db8bb6	Pórszombat	8986
4c0e95ed-c1da-4fb8-bee1-bb721d279d00	Porva	8429
df39f76e-d527-44b1-b03b-a252c481680b	Pósfa	9636
48a65a90-e81e-4301-8491-fbd47af58e86	Potony	7977
f0000041-1f80-4f44-a374-6116cc1fc6ff	Potyond	9324
941915db-1276-4f8f-a868-ed6407296135	Pölöske	8929
60f9f062-c06c-42fb-bdff-336fd76a5476	Pölöskefő	8773
16157412-c303-4b28-9324-998fbc7f020f	Pörböly	7142
582701e4-b2cf-43d0-a727-6e6bd323260e	Pördefölde	8956
0a3c7af2-3087-439d-8db6-65bdd8d2579b	Pötréte	8767
b86119f9-2e2d-4203-9d29-ed2772de7fdf	Prügy	3925
bd9fba52-7af9-4dfb-8eda-a3950b35af49	Pula	8291
8baffa46-49c9-401b-9d9d-3ee889aad578	Pusztaapáti	8986
541be354-abe8-4305-b2a8-a189729af94c	Pusztaberki	2658
f8e6e4ae-c111-4362-a2ec-bbe5faf6f51b	Pusztacsalád	9373
26af07a6-3c33-4836-8495-d9b4483407a2	Pusztacsó	9739
ad91f269-1406-4a6b-8816-01c18c125bdd	Pusztadobos	4565
ccf5a1f1-281a-493d-8a1c-14db8e4fe4e8	Pusztaederics	8946
15060e4e-de1f-4c04-aa40-7c9242dce894	Pusztafalu	3995
3d804d90-16a6-45f7-9a3f-a1228ee5f1ee	Pusztaföldvár	5919
0127583d-364a-4e61-ada6-aeb90481237e	Pusztahencse	7038
d204ae73-357b-4d74-aa11-3da6e96a82da	Pusztakovácsi	8707
a9d600c1-6e34-41b4-990f-31dbdb8ff8b9	Pusztamagyaród	8895
78a84178-cfa7-4050-9cf2-52978006f336	Pusztamérges	6785
5838b5ea-7728-4b8b-9e6d-3205e2ac5c6d	Pusztamiske	8455
42342f00-4605-418a-bcbe-75aff0e5c07b	Pusztamonostor	5125
19e1cdae-3f7e-448b-a77e-fd9731d9bcbd	Pusztaottlaka	5665
b5821cb1-c44a-498b-ac3b-a5bbd80769de	Pusztaradvány	3874
43e10f5d-cf3c-4cf2-abd2-9e53bdb6e96b	Pusztaszabolcs	2490
6aad7ce4-cea3-4519-ac38-08c9efd2f34d	Pusztaszemes	8619
5946a5e7-f5b4-4dcf-9f3c-e4c4665e9536	Pusztaszentlászló	8896
9410a3b0-3c19-40ff-9127-9619fa550d7e	Pusztaszer	6769
3b80cb31-5137-48b8-8300-2083c60bb8f7	Pusztavacs	2378
49466d5b-f24c-44fb-83d1-dab0094fe8c7	Pusztavám	8066
c33fb929-30b3-4400-b63f-c226fdfe5c80	Pusztazámor	2039
00734f04-6180-4a91-a79d-9615892c7428	Putnok	3630
13ac93eb-9a48-42a4-9df6-d64f4f13ef5b	Püski	9235
98bfe7f2-3d94-449c-8d62-c56a0e2f5f33	Püspökhatvan	2682
57859008-0204-42f1-8275-31adb136a0f2	Püspökladány	4150
29406145-a146-40c4-a012-a30d953051f6	Püspökmolnári	9776
901e0aa7-2fb7-4ae9-9bcc-b189ad329fde	Püspökszilágy	2166
3dd661e9-5df7-4975-844a-82d06dcf2a90	Rábacsanak	9313
5d763672-ad92-4538-ad76-83e6cc3ecd7c	Rábacsécsény	9136
ca24b259-690a-4f05-9156-f237e4b2aee3	Rábagyarmat	9961
12d18ca5-c38a-41ca-82b1-18c02ee6e7a5	Rábahídvég	9777
b731088d-9432-4c0f-84b4-4d238e9074e9	Rábakecöl	9344
5c01d737-a7d8-4659-a35f-010a77f943ef	Rábapatona	9142
c5d65661-355a-47e3-8cbc-059d2b24355d	Rábapaty	9641
61ab68ba-bf3e-4d56-97f0-ca6d4da900e1	Rábapordány	9146
ab7d7a32-45bd-48b9-8276-9f047d79a876	Rábasebes	9327
03c291e7-b070-4445-a35f-4b67960fb163	Rábaszentandrás	9316
82f5660b-0e65-401c-9192-9f96fac43ffa	Rábaszentmihály	9135
f4f3b918-b95f-479c-a99c-a27886677bc4	Rábaszentmiklós	9133
852af764-c7ff-4e8c-8e27-904d502156d1	Rábatamási	9322
093fada4-c98c-4a1b-882d-57dec1744097	Rábatöttös	9766
78a35e2c-ac6b-4678-934e-d9f1bc3d94f8	Rábcakapi	9165
18c4f69c-65a0-4ac4-b39d-359ada3909c1	Rácalmás	2459
e4ecac2a-001e-4a24-b1b4-9b5c40d4d36b	Ráckeresztúr	2465
0b88f8c2-fcf6-4aa3-8816-d41f3746cad1	Ráckeve	2300
83b86873-1dcd-4f77-9015-86f2d56d9616	Rád	2613
69dd1d7c-53a2-4a11-bbca-8d01fd70c9b3	Rádfalva	7817
c4617848-17f1-40b0-865b-5388eff40e96	Rádóckölked	9784
33fc8b55-18b2-443a-8abc-120a4faeb94c	Radostyán	3776
63a8e370-fda6-4841-997b-781010f00ad1	Ragály	3724
49ad71f5-94e4-4f6f-8742-32feb6b342bc	Rajka	9224
c538099d-0464-4d3c-9336-7cf76f2e954c	Rakaca	3825
5b52b988-7918-40c7-8951-29add4272bf8	Rakacaszend	3826
de19d380-411d-4369-9c4a-14c274031477	Rakamaz	4465
34f6fc89-4915-415e-8980-ff18f12ada90	Rákóczibánya	3151
b46f477f-073e-4466-8d24-0b423d0c7a36	Rákóczifalva	5085
6e05cbfb-6e56-47de-ad40-aa16b4b6dcfe	Rákócziújfalu	5084
76bd994a-faf7-45ea-b676-b99490780f38	Ráksi	7464
f2c942cc-7477-4a7b-8f6d-48e323aeede7	Ramocsa	8973
acf0d72a-1aff-4371-ae25-c213c1b4656b	Ramocsaháza	4536
516ab8a7-d29e-4727-aef3-aed654097bfe	Rápolt	4756
1ada8201-0c58-43b3-9973-652f6f0132d6	Raposka	8300
2c9af437-23db-4762-b8c9-103cb831bb7a	Rásonysápberencs	3833
593f3a92-2e9e-4a55-bf68-bc3dab2eaf32	Rátka	3908
e7aa3dbd-a54f-44f6-bba7-1d6e43eeaf32	Rátót	9951
ae42ac8f-b3bc-42c8-9984-80dc69d1cb7a	Ravazd	9091
8ee92284-681d-467a-bee9-0e3b73f4b4f6	Recsk	3245
19a63221-48ef-4fd4-9419-d00efa83e9e3	Réde	2886
5b721b14-2d49-4977-92aa-05d09d23c5c1	Rédics	8978
c374dbf1-552e-4088-920a-80e42ab85314	Regéc	3893
9f8955c2-cf09-4284-88ab-0cc4db65f6c9	Regenye	7833
6e42228b-5bef-4aa6-9658-994fdb6daa0d	Regöly	7193
4b975a8b-18ee-4f77-8088-a644c384165a	Rém	6446
b4ce8c18-db63-4d3f-8d2d-a5d63d833eae	Remeteszőlős	2090
74a7d3ee-811c-4a9f-822b-2ba73407c0cf	Répáshuta	3559
8a3c4350-459f-4517-8b82-45bb5e7db4a5	Répcelak	9653
f4330238-464b-4c14-8fa9-a26333ace69c	Répceszemere	9375
61c0d1f2-81cb-486d-9a85-d36bdf8dc43d	Répceszentgyörgy	9623
88ec3f15-0582-4767-83c5-b02e6b9cff6e	Répcevis	9475
4a3c008d-9eca-447f-b40e-ab573853a326	Resznek	8977
e87033e2-8a51-4be0-8454-9c6712b057d6	Rétalap	9074
55f5293b-4b7c-49c0-95cc-2ddb165de891	Rétközberencs	4525
3fece520-e20f-4319-be71-3e017e689cad	Rétság	2651
62bf3def-5107-45a8-9d75-abb6f1bb9100	Révfülöp	8253
874159b2-7abb-4879-8082-78a39fcca82d	Révleányvár	3976
e9f6d477-ba5b-403c-893d-d2c675355825	Rezi	8373
c9bc7ed3-46e8-49b8-9966-e20774d3ad12	Ricse	3974
cbed8007-4a27-4b86-b82a-81c2be26af17	Rigács	8348
fa486552-9838-478b-8186-bbbc1c8f1e56	Rigyác	8883
6433345a-e850-4f7f-96c5-a263768afe17	Rimóc	3177
f2862cf7-f292-43f0-be6d-02a537bd3363	Rinyabesenyő	7552
e84cae8e-e9c7-4b97-8bcf-189ba91cc234	Rinyakovácsi	7527
893be0eb-e224-4924-9ff9-fd941f4dc0c0	Rinyaszentkirály	7513
ed7b9b2f-0176-46a7-98f3-7c7304822653	Rinyaújlak	7556
4e88ca39-3d20-4eb8-b959-24ee68a6763b	Rinyaújnép	7584
8de81a0b-f60c-4460-9ed9-ce1733c8dca2	Rohod	4563
4b9da7b1-24f3-48d7-b753-be5f4628271f	Románd	8434
b191d91f-c9a8-4f9f-bc19-91d72c942916	Romhány	2654
1c605986-5f33-430f-978a-87ca26d3ad80	Romonya	7743
a3218b42-3366-4ad5-826b-de4bc9d48618	Rózsafa	7914
946bf4ed-7dc1-47fe-a250-e89a7f56fd69	Rozsály	4971
22cfa1f3-8150-44ee-87e6-7293fdece860	Rózsaszentmárton	3033
3736301c-9671-4518-bc18-7f07b584cf93	Röjtökmuzsaj	9451
0057e9b9-f30a-4f99-b744-1b34b722e746	Rönök	9954
934e2545-682c-41ff-b478-0f1040209e9e	Röszke	6758
616fba07-61c5-414f-af2b-2394605c5c41	Rudabánya	3733
7f06f481-d23d-4826-8416-3c605faf7d5a	Rudolftelep	3742
a9694855-7735-4d74-bfd7-8d2c31d473b3	Rum	9766
33c5b8fc-2715-4e86-996c-abcafc5a0b1f	Ruzsa	6786
f525fdda-5dcc-46f0-9eb5-b85cd47a0f29	Ságújfalu	3162
88857aca-89bf-4ab2-97e1-11a91afba262	Ságvár	8654
a50dc9e3-39d6-4eaf-9a1b-abd0b51eb3ef	Sajóbábony	3792
2917f319-c4cc-4098-8363-5af70d949d8f	Sajóecseg	3793
8cb276de-31ed-41bf-8f34-46c398da614f	Sajógalgóc	3636
4f33826c-3bd2-4dda-b629-13916e493661	Sajóhídvég	3576
e9b51b3c-222d-4078-88c2-75a745151bf4	Sajóivánka	3720
14a912da-48b5-4846-9211-12d962274c30	Sajókápolna	3773
e855fc68-fd3f-4af6-9404-fd129c43f9e9	Sajókaza	3720
83eeb7b8-4f6c-497c-b892-78659faefab3	Sajókeresztúr	3791
d370f860-dba3-45bb-8ea7-094ead5838c4	Sajólád	3572
e98d3451-42d9-4abf-8a6d-5bb7dfd86fef	Sajólászlófalva	3773
123a7ec8-8075-47d9-8b3f-8513f9d34786	Sajómercse	3656
04cdfc33-13ad-4bbf-8bac-a418e95b8b3c	Sajónémeti	3652
b1937da7-a75e-4d9a-b5b2-4a9826a23fa6	Sajóörös	3586
2a4e4a78-d796-4c7c-88d4-30905cae7f9c	Sajópálfala	3714
4f76fab2-ede8-4aba-b04d-cf87a78d890c	Sajópetri	3573
a502d1a4-b449-412d-b415-2a8e1a8e9ccb	Sajópüspöki	3653
8f522be4-2d07-4b1f-9410-81f26cf7e599	Sajósenye	3712
abe3f5a7-4c31-4832-a026-84b03417d507	Sajószentpéter	3770
f4bf4e2d-a38f-4349-afe0-561b3dec5fe3	Sajószöged	3599
216c7c68-06fc-4564-bec6-2dbb09317708	Sajóvámos	3712
6e4490b9-a3ce-435a-8635-20cc2b336233	Sajóvelezd	3656
adf46c53-a004-43d4-ac4f-8e97f7b4e982	Sajtoskál	9632
05f3ad07-760b-434c-9ddd-b8255bd04d21	Salföld	8256
c1303a6c-3508-4e11-b2cc-b310fe4d3aed	Salgótarján	3100
0fed3c92-70d4-4fc5-a0ec-3bd4c11f6db1	Salgótarján	3102
d0773e21-5fba-468f-8299-1fc51a8f9703	Salgótarján	3104
2c2e0cfd-86ae-4d10-8e0f-98d9a85d90bc	Salgótarján	3109
3d404197-ef1b-4c5c-aa88-922d9510b119	Salgótarján	3141
97fb70e3-088d-443f-80fd-3a75b0ad812c	Salköveskút	9742
61d05df9-cdae-431f-95a2-a6b05fefe1ac	Salomvár	8995
528f0e37-061b-46d8-834c-36505c00d488	Sály	3425
665eb922-d165-4fa8-9206-c8d1c8bf6de8	Sámod	7841
0a66dfe1-8c17-4449-bf3b-611ff5cc6dd9	Sámsonháza	3074
a326e313-c920-416e-a6a3-ac7ea9a95581	Sand	8824
fcfe2d3d-b44a-4956-8198-7d41929ff6fc	Sándorfalva	6762
e80c3581-89dd-4438-a2fc-17008f81c7fc	Sántos	7479
370467e4-104f-4b88-8a45-6279f53329ca	Sáp	4176
a033785f-e2da-45d1-94fc-bd58dddf42ca	Sáránd	4272
8d65b44c-041d-4981-a1c7-9d131a053362	Sárazsadány	3942
5fc65222-b722-4fe2-84e1-296d1f0a590a	Sárbogárd	7000
613877f4-1369-4089-81c1-a3dfa7ed9cea	Sárbogárd	7003
f2ce8154-4e42-490e-9979-fb94697ed27e	Sárbogárd	7018
cc2b85b4-e219-45a1-973b-f44cc3cf751e	Sárbogárd	7019
d8579f56-878e-4117-aefc-43d96f3eabba	Sáregres	7014
ce62a377-bf4f-492d-b3f3-c93f31708718	Sárfimizdó	9813
62451b28-c9dd-4b61-bc29-58de7ec394b5	Sárhida	8944
c7ba89be-9379-4a7e-849b-23642e618c0b	Sárisáp	2523
63802776-94f0-436a-a052-4d7bdcfb4960	Sarkad	5720
c103966e-dcb6-4986-b3fa-a67092d72085	Sarkadkeresztúr	5731
79c409c7-bbc3-4f60-b218-ebee32dde2c7	Sárkeresztes	8051
9ff0f72b-9032-45c8-8ec1-57cbeaff8540	Sárkeresztúr	8125
50387fa9-9e2c-41a0-a14f-a55bfd56aebc	Sárkeszi	8144
d454ad76-5221-4d25-b3fb-1b03d943d25e	Sármellék	8391
cf6a3353-9973-4183-ac0b-4fe0e65d9193	Sárok	7781
129cd760-0c64-4a5f-a728-feb97122af61	Sárosd	2433
34ab87b0-5b62-4380-b9c7-d38fc0a2eb36	Sárospatak	3950
ff528302-cf93-41da-a38b-4083422498f4	Sárpilis	7145
eaf4c320-dd45-4d1b-a389-a61e91ad7f6e	Sárrétudvari	4171
7240a2b5-25ff-41bf-be0f-73e3e3e543e9	Sarród	9434
58a09507-e01b-436a-bb4d-3ad10bc12aba	Sarród	9435
5a266f2c-537a-49ff-82cb-c313c446b633	Sarród	9438
4f42885f-3668-4499-a8be-ea80ba21831b	Sárszentágota	8126
99bc24b4-9b4c-4d92-9637-654fca0ee863	Sárszentlőrinc	7047
30541b9f-e934-4e64-bc8a-8f83be821f9c	Sárszentmihály	8143
c3852264-426b-4b7b-8fc8-b02489443348	Sarud	3386
884412f3-a63f-44ad-aea7-2d52c8ab75cb	Sárvár	9608
7243913d-6880-4830-aba1-80ac87e4c94e	Sárvár	9600
de69a612-ba3d-4abc-833d-c5b1302cd7c1	Sárvár	9609
d71a4b8e-a5d6-40c8-b86c-a5ca09c96d91	Sásd	7370
4d6c2996-ad7b-4083-9934-6a2358fe4cf0	Sáska	8308
d5427d11-b69a-4748-a2c4-a2a374eae463	Sáta	3659
22065466-69f1-4e91-8e00-0d00de26e79b	Sátoraljaújhely	3944
c22cf51a-b2b7-4e11-8d4a-0ebe8aa996d1	Sátoraljaújhely	3945
8cce951e-bd1f-4445-8bc6-eb1b985701f8	Sátoraljaújhely	3980
40bf48fa-866a-4e2e-9b54-e92fb659edf6	Sátoraljaújhely	3988
b5559ec8-14fc-4f8c-b325-a0ff1324561c	Sátorhely	7785
010b772f-3827-49a5-a518-4df22973fc95	Sávoly	8732
46540b6f-8f5e-40c1-be34-a2e81336ecb2	Sé	9789
9387530a-a17b-4229-9ea8-c54d48ffdfe3	Segesd	7562
bcdfc028-206b-4b3a-b43a-407d73f65a5e	Selyeb	3809
bd73a3bf-bee7-42fd-b500-aeda1a178ba8	Sellye	7960
562eb97a-4eb9-4ad3-926f-5667d8abda74	Semjén	3974
e9c37254-7f49-40b2-932f-1847fbc8470d	Semjénháza	8862
940b930f-0907-47e7-ab90-18dcfa054d34	Sénye	8788
9242871b-7aa0-43ae-99ae-924fde769ac6	Sényő	4533
ebdc1ff3-7ce8-4c97-ac24-7078c9ba6dfc	Seregélyes	8111
75182d24-d567-4b31-b44f-ef0867bc773e	Serényfalva	3729
44397a3f-0901-483f-8c79-28753493728f	Sérsekszőlős	8660
542c4793-1a18-4831-8058-926403623ba6	Sikátor	8439
60509e3d-88a7-4dc1-b3db-07edee86902c	Siklós	7800
47003183-03cc-4704-8cad-b422cf96bd52	Siklósbodony	7814
b4022d97-fa25-41f3-8e8a-aa69cfea441c	Siklósnagyfalu	7823
0e20ee8c-c360-494e-acc2-f1da3817a943	Sima	3881
c50f6c2d-802c-4932-a990-0b81059d3e4a	Simaság	9633
bd020ae0-be6c-4670-a04b-8774f0ccf04a	Simonfa	7474
ecd0dc9d-1ad5-4066-9618-0f3059c49f96	Simontornya	7081
78685479-33c3-4a14-89cc-acdf0085ab67	Sióagárd	7171
5fcca713-9f27-4d22-ae36-6c3a720e94fa	Siófok	8600
21c4973a-9310-41da-a6bf-86b5310bb6f6	Siójut	8652
c8ab76d6-b7f4-494b-95c8-394bf0055a86	Sirok	3332
ff76c17d-8649-4e22-be27-33fdc658ac73	Sitke	9671
44bd4080-3ab1-462e-b1a6-a963f53c6e3f	Sobor	9315
c2868d11-1fc5-4e27-9dbc-ae38d8f6c999	Sokorópátka	9112
130b473e-ce7a-47a4-b320-e60d0a9c37da	Solt	6320
f86b206e-a9f4-422b-898a-b243ebc50fd0	Soltszentimre	6223
5eafaf89-7d47-40ff-b782-eb8cbfc553ca	Soltvadkert	6230
4462c19d-55c5-41c2-b8f4-8538877f2d57	Sóly	8193
70d7e212-bf5c-429a-915a-7c3f4558344f	Solymár	2083
cf164afc-5e2e-4df1-8169-4dd854192a55	Som	8655
ce603905-9e60-4e1a-ba8d-fc69133f6c30	Somberek	7728
cc8b5b17-b9f1-4c3c-bbdd-300c8958797a	Somlójenő	8478
0546e0c0-a82a-456e-a338-b530d471f752	Somlószőlős	8483
6c05e16a-97e3-464b-aed4-5b0cbb4f3d2e	Somlóvásárhely	8481
902551e5-7c8c-42c7-be48-3fdd84c3d23a	Somlóvecse	8484
f1c984d2-e080-4fb5-9d80-1b7dad10c138	Somodor	7454
2d12125f-f09f-4122-a158-efe484054b1a	Somogyacsa	7283
f82d0fe8-4673-4b46-8918-f093b733869d	Somogyapáti	7922
7e7dd580-5285-4c3d-a41c-c914610cca83	Somogyaracs	7584
ebc274a3-5a07-47ff-983c-14975b89f5d9	Somogyaszaló	7452
b6891020-4d01-42c6-9851-a24874ef714e	Somogybabod	8684
08700e41-4f78-4b08-b4dc-6e92222ffe16	Somogybükkösd	8858
07160b32-5041-434a-abb6-e15289aa9462	Somogycsicsó	8726
3e599168-1329-4d22-bc0f-59c6af6a1b60	Somogydöröcske	7284
03650408-7cb7-40d4-85a7-48fa01b898cc	Somogyegres	8666
3f473872-b65f-455b-8754-1a84e9740abd	Somogyfajsz	8708
45cc32df-437a-46fa-aea0-0d497e1ba4e9	Somogygeszti	7455
275f2168-18b2-4c55-9194-735c53790c03	Somogyhárságy	7925
d8fb719c-cecd-4045-ae3c-fde2c209c1c4	Somogyhatvan	7921
d3840303-4a10-4c0a-8b8e-43a14ff68681	Somogyjád	7443
8d2e81b9-ce74-4eb9-8a07-6d581fff97d8	Somogymeggyes	8673
244f6c52-5ee5-41eb-9463-7c001063bdd9	Somogysámson	8733
6778e0c6-2e1e-4d8e-9917-45b8900fd3a4	Somogysárd	7435
adb6eb6b-7f9e-4a26-8ff2-51d5b941c018	Somogysimonyi	8737
c9cbec62-78ae-43c3-b35f-ccffb2ab5de9	Somogyszentpál	8705
f13ad396-a965-4066-8448-a41ab46ce65b	Somogyszil	7276
c86e6298-5386-46fa-bae5-ccbb3842222a	Somogyszob	7563
a0788e1d-281c-427f-82c5-87022ac403bc	Somogytúr	8683
0fe5d8ed-e921-4b00-9671-682ab1e99fdd	Somogyudvarhely	7515
6de2f0d2-a096-456e-8ea6-6fe86517de09	Somogyvámos	8699
ac346fcd-c058-462d-9f6a-60d1bc0365f8	Somogyvár	8698
66295b13-2f65-4be1-b9b3-9f87a6bde722	Somogyviszló	7924
48465fe0-dc1d-4e60-9215-b1b5ecd1e201	Somogyzsitfa	8734
138b1de4-ceab-4f16-ae66-5694422bae92	Somoskőújfalu	3121
2bcbdc8f-712e-49dd-b305-498749a291ab	Sonkád	4954
9714220c-9615-4104-af32-dd34dfe02649	Soponya	8123
1f0302b2-f314-4be6-ba5f-4df0a8cb56fb	Sopron	9494
c65d127c-daa5-4f04-b29d-2460a347427e	Sopron	9400
f5a4f7f3-f03e-484a-8d87-00a08497610a	Sopron	9407
8fbf2c2b-2242-44be-a089-677e16c4dca2	Sopron	9408
2aa8c1d7-4779-416e-9d7f-ee4fe3078c8b	Sopronhorpács	9463
0c2ac9e0-fd64-4e8d-a236-15b2c886d3a6	Sopronkövesd	9483
9a45ff6a-e604-4c33-99cb-5262342e6fef	Sopronnémeti	9325
f01413cf-4258-43ce-a304-a1793fa37bf7	Sorkifalud	9774
73e41356-2dc5-4fa1-8423-36d3301d727e	Sorkikápolna	9774
040a17c6-c386-4b20-9338-2d3836d8593b	Sormás	8881
8190c49c-6e5d-4805-8c49-6395df4a0225	Sorokpolány	9773
cd1af122-a511-4c9b-b043-74a9de0d43c0	Sóshartyán	3131
526dbea3-813a-4430-8350-1cc1667dd069	Sóskút	2038
fa523c87-c4ee-4197-abfe-638f212f8ba2	Sóstófalva	3716
223ace25-8c60-40b9-bf50-6dc64bedd026	Sósvertike	7960
74af5a0c-c728-415a-9743-0b2ad46135ba	Sótony	9681
60792c69-fdf7-4853-8296-3e4bab41ddf7	Söjtör	8897
d5a0e8b9-36c9-4e51-845f-2021e620cc04	Söpte	9743
bd7f85ec-7284-48d9-a838-1fe218de9306	Söréd	8072
b7f7d21b-895c-44f9-a8b4-3e56707cd848	Sukoró	8096
a3d5e9e9-b3cc-4197-88dd-d865b32b1c58	Sumony	7960
89749809-24e9-4a7c-aece-cf3886b12524	Súr	2889
57818e26-34cc-4185-adaa-34625d4f0eb1	Surd	8856
809ff818-2b45-49db-9aad-17ddefb230c4	Sükösd	6346
f7089844-a556-48f7-8880-279854c194e9	Sülysáp	2241
b9b8f418-1583-499d-a0de-3237ee460751	Sümeg	8330
8f7ca4c2-a7c3-460b-b955-de7372a52b07	Sümegcsehi	8357
f8075cd4-8222-43b6-b926-ca23e210b4f7	Sümegprága	8351
18b38c5d-5eb9-41b9-a8fb-edef41598738	Süttő	2543
92dff140-ff51-4b4c-9d40-281f64afbdf3	Szabadbattyán	8151
ea883997-4efa-4fd7-9511-654b45aaab33	Szabadegyháza	2432
4babb561-fb0c-4230-8b22-06caab92fbc9	Szabadhídvég	8138
16819562-77ab-4a41-9e0e-1163f859d0ae	Szabadhídvég	8139
6846283f-3525-4cde-92bb-c1fa3a72c8ba	Szabadi	7253
5b0ba785-93d2-40d0-9f49-ee32dae25a98	Szabadkígyós	5712
fca5d0d6-7a47-40b8-96ab-5aca368bc37a	Szabadszállás	6080
7b9a2730-ada0-49ea-a2b5-3308d5bcfffe	Szabadszentkirály	7951
4335626a-94af-4ce6-a99a-8c8d815dc1e2	Szabás	7544
93595926-3355-47e2-af51-5127ae598a4d	Szabolcs	4467
a4d87c95-09f7-4840-a8dd-d1dc0bbed3c3	Szabolcsbáka	4547
cd283c2a-87a0-4503-b13c-a8697f151c9a	Szabolcsveresmart	4496
d79d3e23-dcc1-432c-837f-73da2e9c664e	Szada	2111
7794ad87-a84d-46b3-946e-faf0819baa94	Szágy	7383
1dc87f4b-67e5-4073-9e3b-62b0f4b056d6	Szajk	7753
f131e6d9-ea3c-4448-a33a-a7689e3dd873	Szajla	3334
b45ff693-1615-429d-a85d-445869d58875	Szajol	5081
2266ffc3-bfb1-425d-aa95-9b7dccaf98bd	Szakácsi	3786
d47ade70-eed2-4c62-808b-d9ac37b58a10	Szakadát	7071
1645e140-db20-49c3-9c0c-0389f9cb9f6d	Szakáld	3596
ba22fa4a-bf5c-42a1-a383-9d84de394155	Szakály	7192
1c4b360f-ebbe-48ed-b3d2-6e68b5102102	Szakcs	7213
ee252035-a7b7-49e0-8f2f-dd3efe62be5e	Szakmár	6336
06ce9ccf-87dc-4a3a-ae00-3264a75f7486	Szaknyér	9934
92429e93-7801-45d4-b256-8cc86a3338a3	Szakoly	4234
f704a6dd-7a90-400c-91b6-b435fd71dc01	Szakony	9474
d0524564-c6c1-4e67-aec3-4d1e3c37bcc7	Szakonyfalu	9983
8dc76bec-bb22-46c0-ab8f-69f142de3f0a	Szákszend	2856
b44b998b-df16-4177-8afa-aea07356426a	Szalafő	9942
e0b144a4-f166-48b7-bde0-5b8f4fdb5e5b	Szalánta	7811
ee88b38a-2602-45cb-aecc-a80497492eae	Szalapa	8341
e4c3eaa7-c44b-491d-a9c2-589df7e469f3	Szalaszend	3863
deb5810e-92e0-4887-88b2-a6a2bd282d9b	Szalatnak	7334
aa0264d9-eb03-4eaf-a246-ffd61b39d46f	Szálka	7121
84b67b56-27b2-44ec-ad91-500f3f4205c6	Szalkszentmárton	6086
7ca9cee8-1f15-4f1d-ab65-78cf9814f9d6	Szalmatercs	3163
f846a393-718a-4cef-9ce5-75a9d596d4c6	Szalonna	3754
9acad2fd-f7c6-40f0-a416-0c7726f0e30a	Szamosangyalos	4767
bd5522f9-8f41-45d3-988b-222e0cdd4418	Szamosbecs	4745
d40c99a5-e503-4677-b644-3eb98115c285	Szamoskér	4721
d5c97cee-4ff4-4814-8f6f-d5e47f1baa86	Szamossályi	4735
5a035d4d-75e4-4f73-80b3-0434d5af5c4e	Szamostatárfalva	4746
bd9ca4f0-93c7-4910-93ce-1817dbf07680	Szamosújlak	4734
15c30024-7d21-4f90-b100-4f761c704562	Szamosszeg	4824
204050fe-3b41-4126-ae71-0280013958f1	Szanda	2697
2a04facb-26a2-4f50-9f8a-1927186e2923	Szank	6131
28e56730-1ae9-479d-9f1b-692778df93d9	Szántód	8622
9a73ac5a-60aa-44e9-8270-2aabd35e8689	Szany	9317
18e9f707-68cd-4e89-a072-b40caa0e72ae	Szápár	8423
c602c406-db8e-41a4-8259-a5b7037b47fe	Szaporca	7843
6a4a4af9-3537-48f0-ad54-aba410038e84	Szár	2066
348fea37-529b-4751-acad-5d94eda21566	Szárász	7188
605c1d84-4244-4e31-abea-c6eaf976c356	Szárazd	7063
d0384945-e2e5-46a3-897f-6cecb436dcbc	Szárföld	9353
89fd5655-dc65-4262-8a85-5d2beca97e81	Szárliget	2067
53de6410-29cf-4c22-a5a9-4c42654d23fd	Szarvas	5540
34b1f843-40e1-4800-8407-df667f93ec06	Szarvasgede	3051
c3a246ff-163c-41ab-8a4e-da6286d05775	Szarvaskend	9913
ef09cba1-57be-467f-98e1-11ba87c5ba64	Szarvaskő	3323
4ba9680a-f8d0-4f42-9e77-8855d347fd40	Szászberek	5053
02fadb6e-c057-4f43-8d42-955b87bbc56b	Szászfa	3821
d2fa2dbb-9426-4aba-a3a6-93dfdeb66733	Szászvár	7349
d28a882e-9d63-44d9-acda-323c7fcb8e18	Szatmárcseke	4945
0770cbcb-ed0b-4a65-8e54-d42a7f207bbf	Szátok	2656
9f194179-89d5-415e-a58e-543e4020364c	Szatta	9938
a7d43dff-e2c8-4668-a0cc-9298ffb38994	Szatymaz	6763
6a7df400-dd94-4b3e-83d0-443f9a8fca33	Szava	7813
f94f2385-7810-4545-b1b1-22edded382ed	Százhalombatta	2440
453801d7-a797-4753-bf79-28021127595c	Szebény	7725
12e98a81-a3ee-4193-ba24-efecb68dd7e8	Szécsénke	2692
20a32c65-f6d9-4f13-a731-5510a10d93a6	Szécsény	3170
ed5a8123-b927-4f0a-8019-0ae5beb09f67	Szécsényfelfalu	3135
40ef1b30-9080-440c-940a-8f4b244b6eac	Szécsisziget	8879
1c8ec696-1b18-41d7-a2a7-e5fa4a31e0e4	Szederkény	7751
ecb86512-963b-4c39-b746-18e12881a077	Szedres	7056
5a32a207-fa10-4c5a-8611-62965509ae79	Szeged	6728
7156a766-0e2d-4817-81fb-61c5e566bb87	Szeged	6726
f5fbe4f5-bb38-4505-a2b3-7f13c51fc423	Szeged	6700
e5b7080a-0eda-4db5-867b-d81553ca72be	Szeged	6753
24fb145e-25dc-4993-9aa2-4e5a73ac44d8	Szeged	6727
f7279b8a-c0e4-43e1-b709-bba10d4f27c4	Szeged	6724
cd5d7109-0344-47e3-b6b2-5eb97267001d	Szeged	6791
24777496-0c1b-4120-b973-f7c87fba99b6	Szeged	6729
d0a6cf13-b1e8-44da-a057-6608a3358db9	Szeged	6722
929a09ae-abdc-48a9-af79-f55c8046ecb5	Szeged	6723
4d160656-5fe6-4aae-bba8-a279565f5f3e	Szeged	6710
22f12847-6a3d-4ae2-afcc-74bd288df15f	Szeged	6725
084f59d9-0ec6-4875-be8a-d647a25f9b35	Szeged	6757
d917084a-8a8e-4b86-8752-c9a31452a8d7	Szeged	6720
15bb6c71-e655-4b43-abb7-e4843ad29854	Szeged	6771
993ba83c-c801-463f-a199-d710af871c47	Szeged	6721
8a17cf5a-6ee4-4269-99c0-2a221e22eb75	Szegerdő	8732
ebc3800f-e641-406c-9641-fbfd27679284	Szeghalom	5520
556a4eae-9350-4173-8326-5ef5ef10a4c9	Szegi	3918
292fd166-22f0-4d43-a256-11da60d1acab	Szegilong	3918
344ee574-6500-4ad2-b42c-940ff09e3c89	Szegvár	6635
ff8838bd-9f3d-4130-a6c3-5543aea4b8a1	Székely	4534
96a9e9b0-622f-4cdf-8f12-723cc70114b6	Székelyszabar	7737
a0500c49-9c49-49cd-bbc0-299dc01ac2ab	Székesfehérvár	8019
053d31f1-34cb-428b-98dd-68650151e237	Székesfehérvár	8000
f3c4da3e-5fc7-4ba2-82c5-80a57087774c	Székkutas	6821
6fba4173-4b81-4603-bf38-6926cd956302	Szekszárd	7100
c37fc438-4b2b-47f9-b409-9b83b60a623b	Szeleste	9622
bd1930a8-6c15-493b-8c99-e2a23b22dce1	Szelevény	5476
a18fed68-fc1c-41ea-b14b-44c702b54adf	Szellő	7661
6924b7c9-06e5-44dc-8258-b094fe663472	Szemely	7763
6104ba4b-fc74-4c61-a9f6-5632df26cae9	Szemenye	9685
6e6c44a5-afce-40f8-b759-f27d6f8ccd0a	Szemere	3866
f5bc835f-c0f8-4934-ba3e-2e31b6ffc982	Szendehely	2640
c54425a6-98d9-4e13-8d14-6743a7946211	Szendrő	3752
a449fabd-44cd-4431-986a-6cbc32c3b1d7	Szendrőlád	3751
67d4b58c-8f9d-4640-ab53-6229af04d48c	Szenna	7477
0047cbb6-623f-408a-b985-1c0beda5ea54	Szenta	8849
4318fa78-8074-47db-8e6c-bf388a2eeaaf	Szentantalfa	8272
da8f4ca2-1789-44f3-aef3-23e6a5217bec	Szentbalázs	7472
7b8231a0-0913-4af6-b382-914210fd4f2b	Szentbékkálla	8281
03d19366-130e-46f8-9502-cf3f1d3489f5	Szentborbás	7918
0961e98b-5cce-4083-95ea-02e54595cbb9	Szentdénes	7913
f72bd265-b9ec-4a5c-952c-e058780095bf	Szentdomonkos	3259
4962462f-ee44-4726-8ec0-835a857a8b03	Szente	2655
eb88c703-ae4a-40c6-9017-3aad92d3f42e	Szentegát	7915
3aa0e619-6014-4912-a970-6e9b51621738	Szentendre	2000
82c170ba-614a-45bc-b504-995c35b5f9be	Szentes	6600
24a36293-ce3f-4a5e-bcb8-836fc84a4d88	Szentgál	8444
f4babff5-639c-46f3-892b-6276168ffa76	Szentgáloskér	7465
05de184c-c292-4445-add9-4b0ac1d4d792	Szentgotthárd	9981
179f2536-efa9-4ca5-9dea-e6ca48898e76	Szentgotthárd	9970
ce4d411f-a58b-41b2-98a1-e364a3ba018f	Szentgotthárd	9955
8bf0b6ce-37e2-4b70-b776-7bd204095324	Szentgyörgyvár	8393
0c71fc03-fb0b-47ad-ba51-6fd9eeff1a5b	Szentgyörgyvölgy	8975
2dc813f7-f48b-4d28-bee2-22ecbe3ab363	Szentimrefalva	8475
0de17b43-f982-49e0-8d34-b0f54295be74	Szentistván	3418
715079aa-c1b4-4e42-b114-2451b9134be5	Szentistvánbaksa	3844
12c9b1a5-ee4f-4abf-81dc-b52fc36cfa86	Szentjakabfa	8272
c1781ac2-027b-4a3b-9e26-d0d3ddc42053	Szentkatalin	7681
5d4219a4-bd6f-4cc5-83d8-25f1a9cb78d2	Szentkirály	6031
b3164c57-4489-4293-9a4e-8e970dc61aae	Szentkirályszabadja	8225
450dbbdd-e730-45c3-9952-c3688ea4c183	Szentkozmadombja	8947
776455f0-3a64-4b6b-9383-24b353d03c8e	Szentlászló	7936
a58dc8e5-7a66-4a74-853f-875707f293ac	Szentliszló	8893
17c6e6ae-b46d-48d2-ba51-a9dc0d76dc0e	Szentlőrinc	7940
55cd9ec8-a16e-4e0f-9965-e2c4a79b78cb	Szentlőrinckáta	2255
1379f5eb-d720-432d-b618-04cde8a28444	Szentmargitfalva	8872
1e143e39-e702-4fdf-a67f-f59f8b9a5718	Szentmártonkáta	2254
5f9a1bef-cdff-4a46-be7a-1ec67da6b2dd	Szentpéterfa	9799
84c5d7f3-a881-4e07-8723-cb1c8fb10dca	Szentpéterfölde	8953
5a2dbd48-5eeb-485b-9989-652ec51bcaa0	Szentpéterszeg	4121
7d92b3fc-bd15-4148-8c66-49c399985cc8	Szentpéterúr	8762
297e7496-3e87-4e2e-ad65-70431235b970	Szenyér	8717
b8b605f1-5de3-4508-91fd-04f9743a2149	Szepetnek	8861
5f6df644-6929-4a09-9139-040f96d68edd	Szerecseny	9125
5d3a31c6-9b63-4a8b-b773-30d50c111f3f	Szeremle	6512
c9301001-6d7b-4a70-af56-c658bfaf1182	Szerencs	3900
fcb065d6-a3d8-4f68-8b4b-18f5376dd2e4	Szerencs	3902
6f73b13c-fe76-4166-a2a8-bbf636238b07	Szerep	4162
b58b2e25-2173-4752-ad48-abc6c31a6724	Szerep	4163
bfc990ed-34b7-409a-b7a8-ba5ea3803f23	Szergény	9523
2433c490-eeba-4a74-8d20-7a90cee22301	Szigetbecse	2321
8cd6587f-4a1a-4443-9811-b0e0cba6fbcd	Szigetcsép	2317
53dc83eb-0122-4c2a-bfaa-6e3539d1741b	Szigethalom	2315
190278c6-4501-41ca-98ff-5d6191f75d7d	Szigetmonostor	2015
6ec65135-c778-44d5-9def-9f44d96af01c	Szigetszentmárton	2318
3c04bcea-960b-47e8-b7f1-3700342db7e6	Szigetszentmiklós	2310
610aa8ba-781e-42a6-b0e2-7bf80edfccd0	Szigetújfalu	2319
9a6ea778-daa2-4697-876d-56be869da6c3	Szigetvár	7900
6030ccde-b153-4216-b621-9efd5e4ea04e	Szigliget	8264
efedf17d-7215-4242-82fa-655ab20cc63b	Szihalom	3377
51af4adb-d7da-414f-ae0e-899bde49a94a	Szijártóháza	8969
8a37e2cc-e055-4472-96db-9f75fa028d54	Szikszó	3800
e9b575ff-602d-4fa4-9c15-082fd69e2441	Szil	9326
73d2cb4e-4cd2-47ee-8088-c660ee2657fd	Szilágy	7664
05dde25f-5d51-440e-8621-32ebaf9f088e	Szilaspogony	3125
2dca47a7-cf15-4aac-ad9b-0f72dc876a1c	Szilsárkány	9312
5579c1ec-933b-4bfc-849d-9319ef5d67f4	Szilvágy	8986
b08704d8-dbda-47a4-bd89-da487f2606ec	Szilvás	7811
104491e1-6bb1-4518-b56e-64e6310d85a4	Szilvásvárad	3348
1a0ed371-5fcd-428c-8ad2-0462b9c9ace0	Szilvásszentmárton	7477
0ab02500-0885-4c3f-9077-d7d64dc41247	Szin	3761
e30bc36c-803d-4140-ad2d-4c6f49faffe5	Szinpetri	3761
78005636-2df3-48a8-a6c7-d9956e391b89	Szirák	3044
610f317b-c597-4762-93ac-b00d6b7b48a5	Szirmabesenyő	3711
4b91e150-1ddd-4aae-a6bd-f7be9594ec3d	Szob	2628
d5f1089c-1591-4525-b4a8-a835f5c6c40d	Szokolya	2624
86d87d10-0a51-458f-bd5c-9a06504b583c	Szólád	8625
fe08d437-c47a-4634-b5db-f6d88a529b18	Szolnok	5008
dc184035-0000-4f53-a515-bd996c0d1cae	Szolnok	5000
00412b42-9c2f-4af3-aea5-f8ec3f555c41	Szombathely	9700
6815a7be-fc46-48cf-ac6f-f3a85f8786fb	Szombathely	9707
66bac5a1-fbd0-4551-844d-2dacc5c27312	Szomód	2896
41c65c7c-903a-4db2-bb46-c18b1e137d60	Szomolya	3411
2fbc25c4-569d-4039-8b7f-1121046d92f0	Szomor	2822
aef75532-f1ea-4bce-921a-b4167c3d7a1c	Szorgalmatos	4441
d58d9f54-4710-4f07-b489-6ac456d75937	Szorosad	7285
8ac555d9-d9c0-4c81-83f0-4756759eb967	Szőc	8452
d9085e6c-b20f-4a11-8d52-174c6c1278d8	Szőce	9935
35dccf52-29ac-4db8-a8aa-06bec84c4322	Sződ	2134
a9cb806c-7ddb-48c2-ac3c-0fdfd9cfd625	Sződliget	2133
ff24b82c-d9fd-405d-8ddf-e94dd1d41f62	Szögliget	3762
69ff75a0-e289-46d8-8e1f-d507eaf364c4	Szőke	7833
93072064-1a46-4b10-975f-cc784665df4f	Szőkéd	7763
41cba408-a3fc-4a57-8653-e30267666376	Szőkedencs	8736
299afd96-c549-438b-a78e-b2909a7d1334	Szőlősardó	3757
990a208b-1509-4abf-8b45-47e3ed6c05e9	Szőlősgyörök	8692
9a5086e4-eaa3-49f6-826f-064ffc22fcaf	Szörény	7976
d96f7915-7fa4-426d-86f6-e71144d169fe	Szúcs	3341
35d77ef0-1480-4d3d-bdbb-71bd808b1062	Szuha	3154
88db4835-5b36-44c0-a49e-2786c7ce75a5	Szuhafő	3726
871aa69a-8b13-4ab4-85cb-3f39614690bb	Szuhakálló	3731
0f89a1f0-a7f6-46aa-9f68-712b70a43d31	Szuhogy	3734
0cc09d2f-4163-44a4-b90c-2362a5517b9b	Szulimán	7932
5ccf5009-66a4-4919-8f25-671318ccd211	Szulok	7539
64fdf209-4724-489e-8ca3-f606d93e83da	Szurdokpüspöki	3064
aec0a311-4e02-4768-8b96-883d51e9e2c3	Szűcsi	3034
c69d38cb-156c-4d6a-998b-b94a6d57ba6f	Szügy	2699
1a161a62-b184-4a81-ac85-2684a990e93d	Szűr	7735
2cdc9f2a-a543-4d01-ae19-45e154b2be2f	Tab	8660
ea578865-a70c-4256-88a7-e84823672e0c	Tabajd	8088
b31c0de0-e89b-420a-91cf-5b95a8d1cb14	Tabdi	6224
1bd2dbf2-d140-44c4-9603-56344868fe50	Táborfalva	2381
36329c52-f8a4-4ca0-9913-2ffaa59478d9	Tác	8121
4a93bdb3-5e58-4aed-a86c-f5f090560815	Tagyon	8272
d0f2995b-33df-436b-8947-8cd88e4b0fc8	Tahitótfalu	2021
a250ed7c-1794-457e-82e8-c817d9a60941	Tahitótfalu	2022
c265293d-0279-4c95-81ec-f3bc302bec5f	Takácsi	8541
c70c34b8-90c7-4e6f-9849-1196316d5475	Tákos	4845
7bcbdbfb-f9d1-4f85-8b69-d5042ce3cc0b	Taksony	2335
3fc6ef79-caef-421c-a310-08021a78b44c	Taktabáj	3926
0bbfa39b-bcce-46c4-ae6b-fdbfb60676ee	Taktaharkány	3922
7981a48e-9149-43b0-9fe5-2feda9dca064	Taktakenéz	3924
7c6b99fc-dc70-486d-9ddf-20c75f5117ee	Taktaszada	3921
950ca314-b36d-491f-809b-0a00ccbda383	Taliándörögd	8295
501cbfbf-fc78-4553-a16a-d7801aff0301	Tállya	3907
d3348060-96f8-4497-80a6-4df4ad5b7c7f	Tamási	7090
1da495fb-7172-49b4-9484-13e0107c15f1	Tanakajd	9762
5fc4f186-15aa-43ed-a6a7-2f9c4fdb435f	Táp	9095
a29ed348-0569-4947-aa6c-1be74270fd92	Tápióbicske	2764
6b789ea7-b8dd-415d-96e3-5d644600f1f5	Tápiógyörgye	2767
b01cd22d-5189-4e1d-b693-fd1cf7490fd7	Tápióság	2253
e02abcd1-5cbd-4b56-adfe-5254a8d13e1e	Tápiószecső	2251
2da6aa68-6428-4c62-b1cb-b809aab6da62	Tápiószele	2766
88655dab-ef98-420c-9a59-aa927d1472fa	Tápiószentmárton	2711
49a442bd-b06d-485b-a2ab-38203d6dfd7c	Tápiószőlős	2769
30055f61-127c-4f06-a4ed-139cd83f9677	Táplánszentkereszt	9761
3bada00b-38f9-4d7c-9990-b9f3bd74e3df	Tapolca	8297
81d1722d-fce3-44e7-8ddf-fc683b95f840	Tapolca	8300
c9227af0-e3d7-46f1-afae-516e88bcf472	Tapsony	8718
05a55c23-1772-4870-bfa9-1648ed21b41c	Tápszentmiklós	9094
0d60d5cb-f82d-45f1-8f4e-30c1a337df87	Tar	3073
d3e90d1c-f51f-42c2-9a90-dca28cefa634	Tarany	7514
3ab2868b-520d-4915-a84f-ca8d5bf4beaf	Tarcal	3915
c261c8d8-6f6b-4b69-9ef8-2df99f3585f6	Tard	3416
38ce7842-91c2-4f1b-ab3a-7e12c3754fe7	Tardona	3644
e15d0e0b-2c3b-4aed-b139-edc39060b95d	Tardos	2834
08b78441-761c-4683-8d8e-28b300808cf4	Tarhos	5641
13e8159e-8c0a-43d6-92bc-44a2f95e7ed2	Tarján	2831
a84890ac-3bd7-45b8-adf2-28ac8433738e	Tarjánpuszta	9092
0043da61-f5f3-4df5-8d49-09b11f1ba1b0	Tárkány	2943
be58c507-3b55-46fd-9d8a-12031f8a2ba2	Tárkány	2945
f4d5f645-1f6b-4f09-952a-c4321ad08c13	Tarnabod	3369
4693bf83-f97e-4199-920d-38b57afbd87e	Tarnalelesz	3258
232dc506-fe00-4f63-82e4-3aebdf48f78a	Tarnaméra	3284
4f5a664e-e118-476a-9341-dcabf6f28beb	Tarnaörs	3294
af4e3c97-b688-48c3-9017-903614219de5	Tarnaszentmária	3331
8bf05ab4-20ee-40bf-a3d1-38d2c7bd1b0f	Tarnaszentmiklós	3382
258be5ec-7baa-4212-9e19-1d236080072d	Tarnazsadány	3283
de61301b-4767-4d3b-9a96-4538f89c1bb6	Tárnok	2461
76ec90e5-159d-455e-b74a-7f9d3fe04880	Tárnokréti	9165
e6954427-8bff-428f-881f-3159f458244a	Tarpa	4931
5ca823a9-c5c5-4e17-a102-facb3cd975f1	Tarrós	7362
b9a12d10-c450-4086-ac14-cffe5bf80c43	Táska	8696
1331903f-9459-4cb7-aed5-507366ef422c	Tass	6098
608d441a-cdb0-4ad3-ba4e-9896910f9023	Taszár	7261
bbc0c915-82e5-4f5d-a655-38fb7e7b0e8f	Tát	2534
e5eaea2c-93ce-4471-964c-62d98eb297bb	Tata	2835
4efd58c0-e86a-4b23-b2bd-ce09fb1e2155	Tata	2890
bda6872b-deba-4966-9aad-e91df3ad6222	Tatabánya	2800
67b32e04-8f19-43fc-92d4-8ad857401f8c	Tataháza	6451
4b8e9156-1465-4045-889a-bc958a553afb	Tatárszentgyörgy	2375
0369ecc6-ca22-4d9b-9ac5-298ba336900e	Tázlár	6236
e31f0cc4-e821-4225-9d53-463aae69d254	Téglás	4243
a414ac59-c4e8-4053-8ec3-85dc68877aed	Tekenye	8793
bcf33e58-5bf2-4d6c-afb4-1caa91e72286	Tékes	7381
b26453b9-4207-4068-979d-d8a067a9b148	Teklafalu	7973
90890f9b-124d-4133-8c99-46ee8efbe75f	Telekes	9812
6ba5bc3f-08b1-40db-b14c-18e98d4e2c72	Telekgerendás	5675
f07a2f2f-264f-4a98-ab51-fbd1dac8ed5d	Teleki	8626
eac78b93-296a-4a90-a0f5-b4a79a3db780	Telki	2089
537b34c4-c557-4e28-a208-9d16ca653fb0	Telkibánya	3896
e548c720-3a73-41c1-8eb8-3d3f9621f3d4	Tengelic	7054
9a999738-5a3b-45b7-9e21-324a773998dc	Tengeri	7834
ff92d228-7d52-46ba-8536-c633719c6540	Tengőd	8668
40a8ba52-5749-466e-a4ae-ea4e861c9ad7	Tenk	3359
db0531ed-0a2f-4e5a-b131-9c7e6c992574	Tényő	9111
5776222c-9466-4f90-a340-f20ddb5429a5	Tépe	4132
d0899cde-0207-40b3-9622-5cf56e3ffff0	Terem	4342
341da1e6-c7b7-4fb3-afcc-f1c3ce825918	Terény	2696
64ab20b4-c741-40b4-b190-33152e5ee0cb	Tereske	2652
0961fb27-17ef-4449-8a1c-d2f6bd0ea9d3	Teresztenye	3757
2730ccec-bf7e-4c41-9760-0b73dde1e75c	Terpes	3333
763927eb-3f95-4dcb-8312-b2442806d846	Tés	8109
6b815dee-8ba5-482b-9df2-9d3eb6cf8d6a	Tésa	2636
9718554b-507c-494e-b933-68c861aff759	Tésenfa	7843
e72ea5df-73cf-4293-bc9e-a710753300c7	Téseny	7834
3fdfa63a-2b6c-4bc1-9d82-31bd16063792	Teskánd	8991
fb12f6ea-ade3-4415-a286-0455c2044202	Tét	9100
c64760fd-0f28-42b5-998e-a0eca8f9d4d4	Tetétlen	4184
fc897708-65ae-4163-9f02-def351a3764a	Tevel	7181
7ec287d0-b83e-4118-a5e0-9fbf66cedba5	Tibolddaróc	3423
2d238bf3-468b-4565-b174-c9472b98e1a3	Tiborszállás	4353
c6aa6b04-f0d9-4e30-9965-9cf9f786fc46	Tihany	8237
dd8ea815-ff4a-457e-a5e8-a85b41f6ccf1	Tikos	8731
844923fc-f2e5-44c0-aae9-a5aca70344ad	Tilaj	8782
491f7326-08f8-41f7-b6fd-c78274fcf872	Timár	4466
6d074c1a-5a11-4a5e-8e2b-a504948eecda	Tinnye	2086
872c4825-1fdf-44f5-8b28-8cef940379d1	Tiszaadony	4833
3ae94be5-2d37-4f26-a791-67474c02ddc3	Tiszaalpár	6066
798d6c01-1689-4a17-b5c2-1b1e40e178ef	Tiszaalpár	6067
305f2cea-92c0-4106-805f-64e300de52d1	Tiszabábolna	3465
3e295237-d04a-45a2-b540-55e19d308126	Tiszabecs	4951
124dc446-1865-4be8-8a7e-e768ac0e6bd6	Tiszabercel	4474
c04f4d62-303c-4bf7-bdca-7b87fc2eec5b	Tiszabezdéd	4624
7b732db7-6cd7-4b05-aedb-c83e72a639a3	Tiszabő	5232
a4d10c63-f35a-4339-a132-f09360eb8d64	Tiszabura	5235
cd7ebd78-82b1-463d-93b8-6ed317a1a033	Tiszacsécse	4947
f90c02bd-54c0-42c5-907a-2dedadfd6242	Tiszacsege	4066
685d5e8d-de97-4b52-920b-2c8ea04cdb5d	Tiszacsermely	3972
eafb5cc6-1309-4111-9a03-2a0638294807	Tiszadada	4455
a387988d-88be-4636-87b2-a3f1b3cf7a3a	Tiszaderzs	5243
3052edb7-2885-467d-970e-5a8fbe1a49fc	Tiszadob	4456
7026cee5-5922-45c1-9ebf-bd96809e04c7	Tiszadorogma	3466
8d3b45fe-f0fd-44a2-b8f5-3858690bec6e	Tiszaeszlár	4446
47121642-cf6a-4b76-bd1a-b9ab07f77f14	Tiszaeszlár	4464
43060d83-44be-4b66-90fb-2258bcb15dc0	Tiszaföldvár	5430
8e27f872-d5db-44df-adc5-5c88004b92e0	Tiszaföldvár	5461
e47565ea-2115-4856-aec2-e41faece8c00	Tiszafüred	5358
7cdff2a0-338e-4b79-ad34-25ebcea624b1	Tiszafüred	5359
f5cf51b3-c774-4907-a806-b6258149af02	Tiszafüred	5350
e7e93821-a158-42be-97f0-5bf27dc31fb4	Tiszagyenda	5233
87886af4-edf8-40a0-a061-42c3a8e9b4ae	Tiszagyulaháza	4097
4e487192-2600-49ae-8dee-d45d2ed3e235	Tiszaigar	5361
413cffa9-76bd-438a-8a7e-1a2b91c95418	Tiszainoka	5464
d325228c-df0d-4c22-8592-bc9156bc9931	Tiszajenő	5094
790b02af-c3de-4967-bf43-7201fda7083f	Tiszakanyár	4493
e537f506-1098-4d4b-829f-89cb9f2a5115	Tiszakarád	3971
4ed4bc90-060d-433d-991f-b004de053151	Tiszakécske	6060
783c9e67-629c-4832-8c6a-5fc2282d633a	Tiszakécske	6062
1a98dfc3-d3b0-4d6a-a180-2bfb694f10cd	Tiszakerecseny	4834
8d568478-5499-4a4a-9665-6fe9ce2af953	Tiszakeszi	3458
aa0b2b5b-d704-4a2a-9aaf-96588b4b09ed	Tiszakóród	4946
bc42ca2f-e67f-45a0-8981-242813f45a2b	Tiszakürt	5471
05d510e0-00cf-4096-ab37-b2d9795f9be0	Tiszaladány	3929
ccc895c9-7adb-46c0-88d3-9a5b2fe25dbf	Tiszalök	4447
9cad73a7-da99-433f-8677-c56842eb8d64	Tiszalök	4450
f979defd-092c-4d5e-ad45-998c6608f951	Tiszalúc	3565
7c690590-0d2a-4a79-9cd6-f3373b4194d9	Tiszamogyorós	4645
3c9c41b0-1a55-4a47-8242-4e17f9aa649b	Tiszanagyfalu	4463
cb0c7777-766e-4bef-be87-cce3dc7da42f	Tiszanána	3385
4cf06772-79bb-4a26-9df2-9b86d3809553	Tiszaörs	5362
7ea4a816-5fe0-4690-995c-a839a579324e	Tiszapalkonya	3587
94107371-6555-424d-b3eb-548ca23474e9	Tiszapüspöki	5211
e40e9a20-5964-4483-9561-ced170ec3075	Tiszarád	4503
2472d5ae-ceac-4571-ba73-9400f3024c87	Tiszaroff	5234
0f57b33d-6e00-415c-b422-8236d7aea046	Tiszasas	5474
23dc8cd7-f1c9-4f38-bff5-d287a655c435	Tiszasüly	5061
fc5296f9-d521-4b22-a1c7-bd7f98deaaf1	Tiszaszalka	4831
8e1062cc-bea8-4c75-afcd-66147354c72c	Tiszaszentimre	5322
9f2aa08a-9f43-403d-ba1c-ed638a2d3c09	Tiszaszentimre	5323
d50d81b5-6b5f-42b6-97ab-b4a51d22d088	Tiszaszentmárton	4628
7d5ceb13-e802-4530-bc4d-6942a2ea6a78	Tiszasziget	6756
ef9660ef-1908-46ea-a18b-e63f71ec37fa	Tiszaszőlős	5244
4330ef2a-4c3f-4394-a7ec-7e2bc0ffe080	Tiszatardos	3928
682e70b1-f0c8-4441-a363-1fafa62649b7	Tiszatarján	3589
f79fae44-9a5f-4156-b21f-7d299b56bcf0	Tiszatelek	4486
c148abc4-a87e-4822-a704-cdb604b42647	Tiszatelek	4487
2f767504-e097-4b21-aa7f-40011cb520da	Tiszatenyő	5082
a8f99b0a-f2d4-47b6-96b1-a0da3dc7db3f	Tiszaug	6064
35ea7ccc-4a1f-44ac-8414-c8b458942d89	Tiszaújváros	3580
6d39def1-ff1b-400e-9724-c6c4c6ffac1f	Tiszavalk	3464
e8798541-54bf-4e7d-84dd-12a2b9528cb2	Tiszavárkony	5095
a466843b-6140-44aa-8c0b-3ee8136b6c1b	Tiszavárkony	5092
15af508c-0fd2-45c2-8fa7-4634ee0b2722	Tiszavasvári	4440
1db33280-98a2-4d58-b215-843ea5c7efc4	Tiszavid	4832
f5cd876f-02ed-4dcb-bbaf-e175f1a696f1	Tisztaberek	4969
e57dea58-7ef0-4131-bbf7-050f4ec669ee	Tivadar	4921
92f7c859-b444-4fc6-9504-629f963097d3	Tóalmás	2252
0c21f480-4cb5-4c46-966c-b144da71deca	Tófalu	3354
402ddbd7-00a6-4a26-821f-4f0e2717bce0	Tófej	8946
18a3d193-147a-4351-a954-412fbd2a0846	Tófű	7348
daee8d49-1106-4d81-8dd7-a1c6ac4252f8	Tokaj	3910
512ffaeb-10ad-4b7a-be4a-e5812242ac6a	Tokod	2531
bd04a2f6-8526-4c8f-bb30-e34ca6e76bd2	Tokodaltáró	2532
858ba79a-92b0-4506-9f5b-b712be999329	Tokorcs	9561
8415698d-886e-4907-9064-b6c6dc92fb7a	Tolcsva	3934
96eb0c94-c05a-4fd2-9036-45b00b30cd45	Told	4117
a4720689-91c2-4698-8437-729c01278bf2	Tolmács	2657
79a38631-3946-4301-bea5-6dbfe463329c	Tolna	7131
dc180580-71c3-4964-8336-607f73e29177	Tolna	7130
5238bb26-a44a-4d83-a5f2-966586f60426	Tolnanémedi	7083
7a9409a8-e6eb-41a9-aaa5-68b0195eb2cd	Tomajmonostora	5324
326284da-1c88-4c6e-9399-56e78dbcae3e	Tomor	3787
c674fb78-075c-42e0-b72a-b771e5d703af	Tompa	6422
85f786f0-052e-47a5-92c8-edbeec1e6650	Tompaládony	9662
59f2c9c0-be1a-4d94-a336-84dba89fcbaa	Tordas	2463
510e7f96-a4cc-4b5f-947f-be0b4ff33d9c	Tormafölde	8876
4af3cb74-e4c3-4deb-984a-84741979f07a	Tormás	7383
d773dfed-c280-4895-9238-b402778bcd20	Tormásliget	9736
7bb02b7c-ed6a-49e2-b627-7d07f74e40d5	Tornabarakony	3765
9d8f9035-d218-4fdc-b5fd-41422c7cb19c	Tornakápolna	3761
99f0e9f2-18f8-4353-bf8d-f79583a0ce9d	Tornanádaska	3767
f5b38604-9268-4ffb-acb0-45a10a8f6832	Tornaszentandrás	3765
e00cf84f-9bc6-4934-81e2-65b84f1c36a2	Tornaszentjakab	3769
8c4463cb-8974-4123-9847-b80fcbb92e1a	Tornyiszentmiklós	8877
ad10313b-933a-4c06-91cd-61ad116c517b	Tornyosnémeti	3877
e00080ac-959d-4d9a-baaa-f14a2dfe4afb	Tornyospálca	4642
14f7838b-047c-47f3-8aa3-689b99588aab	Torony	9791
47a81baa-6bb8-4e05-9992-2eee4321cce6	Torvaj	8660
14f7bc28-82bd-4b61-aeb1-5c4471cd5c9d	Tószeg	5091
a724302b-1f12-4d7d-ab0b-29969349c086	Tótkomlós	5940
4894d000-5d03-4bd2-b19e-a27eebae765b	Tótszentgyörgy	7981
b8573785-ba97-4e4b-88e9-03f32e43e19f	Tótszentmárton	8865
6dde501e-9334-4231-9325-360b6427b49e	Tótszerdahely	8864
d3a77c92-8556-4a5d-9448-8f65b7a57d12	Tótújfalu	7918
d9d4d3ea-e238-4e3a-ac25-b1bf1061db84	Tótvázsony	8246
ac79b499-5ac1-4842-9bed-ee1c464ca1ad	Tök	2073
50daaf3b-d302-40ff-a780-74edea9fb520	Tököl	2316
3d6139b3-16e2-400e-ad3c-c5aa7859e4ee	Töltéstava	9086
16751fea-e34d-4b92-a899-0db6f3b38dd5	Tömörd	9738
68107362-ef88-488b-88ba-fa0c49272462	Tömörkény	6646
d8e697d7-9320-43a2-8920-71465d70cb4f	Törökbálint	2045
92f2ff97-0f5f-45f1-a9b0-fede3fc77f7d	Törökkoppány	7285
e2386e7e-f9ee-4e79-ab5b-fd57dd769f97	Törökszentmiklós	5200
54569b80-c022-4f04-96ae-6df01fad9eb4	Törökszentmiklós	5212
d1397a73-4130-4d48-9a98-b73dbc43b044	Törtel	2747
37546496-ce60-4e93-889d-f5fcc16e6db0	Töttös	7755
8b82a6c1-931b-4215-beb6-bc3ea48d6e1a	Trizs	3724
a3637b95-27ce-478f-aa1a-e1d189d3ef7b	Tunyogmatolcs	4731
8fcc6d6e-d080-472d-858f-717439b1c53b	Tura	2194
47b3d6e3-9686-48e9-ab53-c20990350a5e	Túristvándi	4944
53b40dd7-4246-4f81-aec9-f47101955041	Túrkeve	5420
5c9244bc-ab59-426b-9b6a-f03019e890b0	Túrony	7811
699486ac-af33-438a-bcb9-6a51e0e4d5f0	Túrricse	4968
149f214b-b621-49d2-930e-9190924efb48	Tuzsér	4623
dbe04b5e-b75d-4647-ae1e-d343ded5348c	Türje	8796
d0fda822-e427-424c-b5da-7a0dc89efc9a	Tüskevár	8477
7067563e-c8cd-4f6e-b6a0-e5921e31f06f	Tyukod	4762
6097fe19-1ae1-4d5c-8081-779a14df95ec	Udvar	7718
49b6c9c9-07fd-4981-8df5-42026c3c4fd8	Udvari	7066
d5b3a576-feee-4ef5-ac88-da986cd1b395	Ugod	8564
b767dba2-b19f-40ba-95af-3fe0627c19c2	Újbarok	2066
4e910725-c06d-4a45-8cc2-75eff7e99578	Újcsanálos	3716
d656a25f-0823-4d7f-8366-d81047af293f	Újdombrád	4491
25966ad2-9732-4e64-9178-819a6dd6e2f5	Újfehértó	4244
eff680f6-fe89-4ad8-bad7-e177709a2679	Újhartyán	2367
4e7432c8-f079-4d51-82c6-562539598374	Újiráz	4146
969091b7-8137-4c00-ab7d-4c6525fc7062	Újireg	7095
b6208c34-e044-48cb-9adb-0d616401503c	Újkenéz	4635
606ca9b6-a4f5-43d6-ab46-21cffd9fe1a0	Újkér	9472
0f67e677-5276-43d7-9c0f-8c51de469de2	Újkígyós	5661
0999e804-1c89-4ebd-8aef-39cb4a6c8f75	Újlengyel	2724
c7d2541b-f0c3-42f2-95fe-31793c05624b	Újléta	4288
06e831ff-f040-4205-b0f9-bb2fa02a10f6	Újlőrincfalva	3387
61e1851e-120e-46b7-ae9f-5fd602071b49	Újpetre	7766
cce07df5-c40c-4148-9138-fb2b002f414c	Újrónafő	9244
c79669a0-e52c-413d-9d50-9adeab60e189	Újsolt	6321
fb4d8dd4-4ff9-45a5-9a07-b2a2a06e0c72	Újszalonta	5727
03d90307-2dfe-4aff-b67f-dc06e20814dd	Újszász	5052
238398e7-9e00-4cad-ba9e-9b095b14c7ac	Újszentiván	6754
2892cc41-7ca9-4290-8fbe-6e0d55181fb8	Újszentmargita	4065
2217c494-dadd-479c-aaf1-193b70e66fd0	Újszilvás	2768
d3cfe6d3-b7b4-422e-a08e-c1c7301d00af	Újtelek	6337
8568fb1a-55ed-4e22-82ae-0e754efef953	Újtikos	4096
c0239ae5-c712-435a-b1b9-b7de1ac96ea2	Újudvar	8778
dfdc74e7-4ece-485a-803a-ebdfceb9e21d	Újvárfalva	7436
94fc7b7c-0d00-4810-8512-58e9931cbf61	Ukk	8347
08b30f65-f5e2-4617-9b53-f0b0754bbe92	Und	9464
e0c035d5-6d53-4794-aca2-2626d492c717	Úny	2528
964db832-ca95-4cc7-bfe2-076e38d91a41	Uppony	3622
57d1b189-625f-49a3-a08a-06b7f4c89f09	Ura	4763
3feee1ea-370b-4135-a8c1-10b1faf9b3e2	Uraiújfalu	9651
ddab06ab-97b1-4d82-9f10-325ea269d5ac	Úrhida	8142
4653baff-fd72-4fbd-aeee-56f6707bef77	Úri	2244
07193088-de1f-4f08-98d4-ef99a18dfae4	Úrkút	8409
61ee9632-e148-456f-86df-f29aaa9513b6	Uszka	4952
96c5398c-d8fc-4a30-abda-5ebdc1dc45b6	Uszód	6332
e8fe5337-2cbd-4f0f-ae91-e4e5975e4839	Uzsa	8321
8e484525-36f3-4665-91ac-c0bc55583e04	Üllés	6794
a6df7f2e-e340-4c16-a006-09284d8e9b79	Üllő	2225
2a12ae29-9b9e-4807-aee4-1d51327521f7	Üröm	2096
1db4b5af-12f5-4116-855c-eff19253362e	Vác	2600
2f115018-9f0d-4967-882c-0cad29d95131	Vácduka	2167
6c884b1b-da25-4143-90e4-803e8636a2a6	Vácegres	2184
587d62c0-f0d0-4895-9052-ab21d1a9adba	Váchartyán	2164
88d7a69f-8a79-463c-8838-d9904f3a1e0e	Váckisújfalu	2185
ebc639c4-1da5-4595-9818-943b018158f5	Vácrátót	2163
9d8cb07b-1573-4c7a-8b3f-ed39c3d673f1	Vácszentlászló	2115
3c9d39e5-67c5-4194-a906-8f0f4c9a0067	Vadna	3636
ba30105f-298f-4b38-89fd-6b6c9ffc2a36	Vadosfa	9346
f9887e2c-97fc-4e47-9df1-479f6475675a	Vág	9327
02a2510a-cd12-401c-876d-f74d68871432	Vágáshuta	3992
2c4055bd-d3c5-414b-b459-ce4eb7b16c52	Vaja	4562
d16a932d-b147-47f2-a129-cb4b8225b356	Vajdácska	3961
e74f1a5f-5589-477a-9dd8-81b430548a50	Vajszló	7838
bd13be25-90a2-4d27-81b9-156b5d4c1b18	Vajta	7041
4fb60a66-20c6-4474-948b-eeadae654f13	Vál	2473
1a2e824a-22f8-4662-91af-bfdde5afa071	Valkó	2114
735b6c68-b221-49ec-ba79-5bb55987778c	Valkonya	8885
af5a7e8e-1529-48a1-a0d8-4cfca120fe1d	Vállaj	4351
a390afd9-cca5-4886-8d23-374e2edeae1e	Vállus	8316
6b482ed0-1bbf-45bc-a431-255755103018	Vámosatya	4936
bee8dd56-a284-4e22-87b4-354c852ddfeb	Vámoscsalád	9665
3fd597d4-792e-402b-afef-c51fb99cf739	Vámosgyörk	3291
d704860f-6013-49ab-8ff4-75c368fe8d4a	Vámosmikola	2635
d022b7ed-a15f-4742-8bd7-f942d4a1590c	Vámosoroszi	4966
03489d4c-6b9d-4692-976a-df79713557b7	Vámospércs	4287
e2476605-21ca-4e37-a241-a82b1ee19f61	Vámosújfalu	3941
a7e5e1de-5419-4b37-8cf5-06a864897299	Vámosszabadi	9061
0b679051-e4b5-4c8b-8e99-d97dd60436e3	Vámosszabadi	9064
f71f8a84-312c-4e1c-b865-996cc324948a	Váncsod	4119
a6a579e2-3a83-4527-8dda-3b8cde244d3e	Vanyarc	2688
2b0b0cc5-50a4-4343-ba20-785f81a00199	Vanyola	8552
e152d3d9-3dca-4369-8f83-03b3bc3659d6	Várad	7973
b5e2e353-0ea0-483c-b6e0-c70757ce64a5	Váralja	7354
8cbd0c5d-3ddc-4c70-9bb2-689a6f8c921a	Varászló	8723
8c64523a-b510-4433-8a9d-46b11207626e	Váraszó	3254
6661c90f-94ea-4180-87cd-b35554394727	Várbalog	9243
bb665103-9140-48cd-81e7-3059273b09ba	Varbó	3778
c92810dd-3d94-4a5a-8753-a08538fa5424	Varbóc	3756
c0d7f844-cdb9-4c5d-b243-65c1ac77a410	Várda	7442
4143e13e-6b65-4a68-a782-04ce290040ea	Várdomb	7146
9bb9ee7e-e2d5-4db8-8e2b-a68cf512045f	Várfölde	8891
59aacb23-ef55-4d8d-9e30-e48e508c9aa8	Varga	7370
7ab0e4b0-e7ed-4307-b115-371ba5819fdd	Várgesztes	2824
d2572005-aff4-41dc-bd1c-c8510b7037df	Várkesző	8523
234fd575-62b5-4a81-8a6b-18796c3d26b4	Várong	7214
a2e6656b-2d44-4677-8d57-f383233a4984	Városföld	6033
e0b12bfb-1930-434d-9350-37dffe86ac47	Városlőd	8445
f6ef467d-1e03-4986-b49e-f549f118c9f0	Várpalota	8100
cb5f3663-f608-487e-86be-9407f50fcadc	Varsád	7067
b6026b11-6b20-4078-985b-0d1dccb970b7	Varsány	3178
ed2de9c8-07e0-4cf2-8306-fdc5d60b8641	Várvölgy	8316
e751ebef-d210-4628-a8bc-63f936cb9b6d	Vasad	2211
3030a07d-2dfc-419f-9c87-1e0a6ac1e593	Vasalja	9921
662431a3-3a6d-4ca9-b7db-d98d012ff6c6	Vásárosbéc	7926
4c4042e6-3e11-407c-bb59-b63af33bbb85	Vásárosdombó	7362
625a45ad-4b54-47ef-bb79-2fc8eb81bce2	Vásárosfalu	9343
bd5ede0a-63df-40ee-a8cc-5125f491899b	Vásárosmiske	9552
8fdd1760-71af-4b5a-b37d-5b771e77fd03	Vásárosnamény	4804
ba9b731f-250e-49e7-9ed8-1c97fde2df79	Vásárosnamény	4800
f9d08655-e199-4ef9-ae9b-c8e57493f236	Vásárosnamény	4803
da1b630f-ba86-4c72-8e18-7045d45a14dc	Vasasszonyfa	9744
18ba03cd-4eff-44a5-9890-9f5cf954dbf6	Vasboldogasszony	8914
50ea80a0-9371-4b96-9688-e436668ebb4e	Vasegerszeg	9661
260a7590-2fc1-4a74-bf4b-f6d5abbb70f4	Vashosszúfalu	9674
92ba596e-a418-4def-b889-bb8a2fc4efd6	Vaskeresztes	9795
37b7d1a3-6b8f-45cd-add1-ffaca89b528c	Vaskút	6521
20c2efa3-d6d3-4570-a343-a7125da46059	Vasmegyer	4502
acc858f5-a539-4974-8e56-ad7d214846b9	Vaspör	8998
2f306200-4758-459f-8388-77740a3cd605	Vassurány	9741
a914fb5b-9434-461e-b35c-361faae6a048	Vasvár	9800
7ebb4fb9-4957-410e-9a01-fca18ca7dae4	Vaszar	8542
a3c9f9f4-c178-44c6-962f-2d01b2fad2d7	Vászoly	8245
2268ea65-b418-4c3e-99c7-172807b28703	Vasszécseny	9763
62712570-179a-4c32-9e6a-e269a72ac0ed	Vasszentmihály	9953
1178c7bc-c233-49e2-9849-cd33985e0727	Vasszilvágy	9747
97424391-76c6-4c9a-8ba0-17743e5d06e1	Vát	9748
95bbc1a2-9b28-4230-952f-9a05154ca414	Vatta	3431
bf02ed98-a79c-499e-8f41-0cd804bb64a8	Vázsnok	7370
47f15fd8-da27-49ea-aeae-ec833f56b3f3	Vécs	3265
4372a519-e6ba-4b37-be64-dfbd7541e8cc	Vecsés	2220
9b14883f-1d59-4fe9-b941-7876965abcb0	Végegyháza	5811
cecff1f9-ce9d-4d74-8fc1-200f4a1a4720	Vejti	7838
b0ef68f6-2679-459a-83dc-d682acd41f72	Vékény	7333
42b0d8f8-e0ca-43ad-9899-39a6b8068680	Vekerd	4143
ad57887f-b6f7-4003-95de-8e6154f858c1	Velem	9726
38dcc11a-8699-4372-8b5b-ada22e956cf7	Velemér	9946
e9d4610a-6074-440c-94d4-75d9d0ae04a2	Velence	2481
94350fcd-ca7c-46e1-aeae-23025ae46e10	Velény	7951
3d0abb62-fb2e-4fdd-9a16-11816cc44a91	Véménd	7726
ea5954bd-5b47-41a1-98e0-aac6c199de85	Vének	9062
e5c9a8f1-0542-42ba-873a-3253b7460faf	Vép	9751
6278c733-23c6-4f97-969c-b145a6c0b77a	Vereb	2477
1c04bd7d-4e59-4f37-9895-d7bb7f76e6cf	Veresegyház	2112
6457a10f-206e-4680-9145-9e2620fecf1a	Verőce	2621
246f650c-8a3e-460a-ba59-2e4b1445c857	Verpelét	3351
4b8217ba-e1dc-40c8-9fd8-be03c367df7f	Verseg	2174
77ed0823-30fd-4795-9890-25f10a6ced16	Versend	7752
67895d87-e831-40ab-92bc-2f39d0f9c3c8	Vértesacsa	8089
7ba24a79-5d5c-4747-9e46-e41e3af667a3	Vértesboglár	8085
b2c39e87-cbe8-4b61-8e94-6de9c572ce50	Vérteskethely	2859
5d4b7feb-4210-4f84-889a-91c7494283f1	Vértessomló	2823
f270218b-b37f-4a42-b715-fbb0d014a288	Vértestolna	2833
f829f3ee-41bc-47fe-b053-3a485b610e10	Vértesszőlős	2837
d78e8d78-ce93-4f4d-b38d-b05f0492d1d3	Vése	8721
b34eae76-d2e1-4468-a726-d915b9fa0841	Veszkény	9352
6de49f4e-6a01-423c-8f4a-4d5b60637e3c	Veszprém	8200
5a7b2ee4-beca-43a3-a6e5-1e09903d6e92	Veszprém	8412
86e6bbae-93f3-407b-80b5-c72af5392dc8	Veszprém	8411
d1d6cf83-97db-4207-9907-0cbb4d90d2e1	Veszprémfajsz	8248
dd8ebf2b-8e30-4791-bb3a-f163e53d526c	Veszprémgalsa	8475
4771a29a-dcc3-4222-8446-6385e16c0674	Veszprémvarsány	8438
974bf333-8ec8-47a5-abbc-a98942c334dc	Vésztő	5530
b9737b1b-32ea-4857-ac0a-015ea000b09b	Vezseny	5093
3e920d96-b5e8-42cf-b5b5-f2ec810a5760	Vid	8484
d187dc62-0bab-4625-8726-9302004d7988	Vigántpetend	8294
4979514c-a174-4db7-9485-c0a9ef04b8fd	Villány	7773
08051150-081a-448e-a129-ca1b64ee0660	Villánykövesd	7772
37eccbf7-50e1-4fdf-a1a6-40e515ef7d60	Vilmány	3891
a77e1ec2-e786-4b5e-9c31-702139b20213	Vilonya	8194
e458dcdc-ecad-4086-a96f-096f167ad355	Vilyvitány	3991
75fd8014-91ff-4f7e-9acb-5e6f327230dd	Vinár	9534
dff96193-4ff4-43ed-9be8-427e1bf6f337	Vindornyafok	8354
02cb750a-0feb-4077-88ca-1497d0ffc274	Vindornyalak	8353
20082dfb-1e6c-4aee-8ef4-35b89f9ba5c2	Vindornyaszőlős	8355
a0b51584-fec8-4ba2-88fb-2aeecf04b8bd	Visegrád	2025
5567471c-8e2f-41a5-94fe-639f5738ddcd	Visegrád	2026
571da38a-e30d-4bcd-82da-2f634b801218	Visnye	7533
4d4bcfc7-a8ee-4109-b614-0062e4325a89	Visonta	3271
3d975e1e-63c4-4016-b17a-9fb46d6eaa94	Visonta	3272
04d1b805-347c-43ce-bae7-d911cb809438	Viss	3956
37e97b60-2e81-4dd1-a915-3de5423f1ebf	Visz	8681
8fe0c90e-5c83-477a-9a5a-1482357da7dc	Viszák	9932
f590666f-e7cd-448c-85ea-62d1c5a10fd9	Viszló	3825
7f112cac-674e-4bf1-ab4b-6c043e17cd30	Visznek	3293
f92909e1-ce21-48e6-827e-49435715bd0a	Vitnyéd	9371
a070c9a9-bad0-436b-b24c-31d08e355188	Vízvár	7588
b89a2e7b-ba07-4796-9ac3-141a7ba6f8e7	Vizslás	3128
e126e628-dbc2-42c2-a6cd-9489928e6da8	Vizsoly	3888
8015b951-aac8-431e-9955-414a81951380	Vokány	7768
aa8b702e-ac69-4464-a691-8e0bb7cfebb5	Vonyarcvashegy	8314
a7b9c27d-7f19-4a79-97c4-af0e18740c09	Vöckönd	8931
f29fde0b-b6c8-4700-a1ce-6c9f804aee15	Völcsej	9462
fc2b26d0-8d11-485f-8cd2-eeee18f02e77	Vönöck	9516
cefcf0b2-13dc-4666-960a-0b812941be9e	Vöröstó	8291
5df00dc7-3d05-4ac9-aa2e-ae6ece307647	Vörs	8711
9e6d6eb2-bebb-441b-a56b-4f90d30589fd	Zabar	3124
0dea3047-2351-46e9-aa8e-4cc30a137ef2	Zádor	7976
e4f9cc3d-7731-43cc-b1ba-2fe6d6512ff2	Zádorfalva	3726
c4fc6f46-8dc4-49c8-8c95-c869d72f1f9c	Zagyvarékas	5051
2a3aeff2-b524-4346-93d5-963a7aae1899	Zagyvaszántó	3031
e02d4958-ee04-4c52-bfee-725084c3ba65	Záhony	4625
3f16b8f9-ba1e-4b7d-a9b4-b49bc975f553	Zajk	8868
5470bfde-ad5e-4d6c-bff9-c1a86f16369e	Zajta	4974
76925224-f6e5-43ae-be6e-9ecd22cf1a96	Zákány	8852
2096e5cb-3ee8-4de6-931b-dcd21d47df8c	Zákányfalu	8853
94e720ca-a112-46d1-9fcb-02cb4eb781d9	Zákányszék	6787
52569b99-0226-4843-b4ba-1b817c266d7b	Zala	8660
81ca240f-051d-4f64-ab7b-0565acd0c6fc	Zalaapáti	8741
b1acca12-014c-417b-893b-7f2ccd73b958	Zalabaksa	8971
e06cd186-97f6-4578-b069-d929fb7e594b	Zalabér	8798
7c253598-a89a-41cc-8599-2784bbcf9754	Zalaboldogfa	8992
24e2275d-5c29-417b-a72c-0d2aa23438a8	Zalacsány	8782
2127aa4b-4761-415f-a0d5-9553383b82f9	Zalacséb	8996
50e2571a-67d3-4ce5-acaa-b48c65123d05	Zalaegerszeg	8904
9a12e845-4be4-46b7-9e10-af1fcfa5f61b	Zalaegerszeg	8900
acff4d25-53e4-451f-bf16-b66f5e9c3f26	Zalaerdőd	8344
b31d0fb4-9795-42cc-bc0a-399c8e5f035c	Zalagyömörő	8349
3431842c-33d7-4748-b8a2-e43026c86721	Zalahaláp	8308
ecd90ae6-d708-46d6-9bfd-ef7b53042d8c	Zalaháshágy	8997
a4bcb54a-1c6e-4a6f-821a-c0adbc1fa085	Zalaigrice	8761
aa229d59-0a2b-46fa-a118-d87f67a634ab	Zalaistvánd	8932
3b7af2b3-db20-4035-a457-edbc8483a094	Zalakaros	8749
27f0a8de-5a83-47d6-bf3a-5440c5736398	Zalakomár	8752
a4431d4e-fe40-4944-8d9c-54c64e22cb99	Zalakomár	8751
c2381378-57ec-4165-9b1c-2f873353b081	Zalaköveskút	8354
a0794e7b-d5c2-411d-9331-938adb0ad2d4	Zalalövő	8999
424cb111-7cbb-4a7c-a926-23972b8b3691	Zalameggyes	8348
54a9a94e-e665-4c57-bf89-369cb0042607	Zalamerenye	8747
1b1ca1e5-b47d-4d31-b908-ee841b286e47	Zalasárszeg	8756
6aac97b0-139a-47ed-b5c3-8d03aa0f8076	Zalaszabar	8743
5148f019-1c6a-4b45-a942-ccb871d2258c	Zalaszántó	8353
aaa0f3e2-95bc-49f3-b129-34e1c14f935f	Zalaszegvár	8476
c966fe6c-43d5-4e44-9f6c-8cd11f830822	Zalaszentbalázs	8772
fe2a8045-6b50-45ea-9c2c-b71dda6f086a	Zalaszentgrót	8785
53a71aa4-cece-4f55-b71d-506181b759c8	Zalaszentgrót	8790
baff9362-8d7a-4907-a8fd-2ce03f2a9379	Zalaszentgrót	8795
ef066f16-343f-485c-adb1-92131d049d9b	Zalaszentgrót	8789
b3f6246e-7df2-4d29-b752-dff994cd5845	Zalaszentgyörgy	8994
1165bc3e-2e6f-4321-b911-334dc6723f32	Zalaszentiván	8921
4f28513c-96a0-43c2-aa6f-406552e009d8	Zalaszentjakab	8827
a8518df7-f742-4c0a-8e3b-31b08aaaf32c	Zalaszentlászló	8788
93eea07d-32b9-424f-a7b9-4772712ca4d7	Zalaszentlőrinc	8921
3be2d200-bbd6-4cd6-8e95-695673607a44	Zalaszentmárton	8764
25c77e4c-4c4d-4421-8a72-8f35ee2fc506	Zalaszentmihály	8936
eb92f0d9-3e6a-4a40-9a2f-3abeb86f7f31	Zalaszombatfa	8969
26a99f49-df47-4683-93ea-e5081b23a80d	Zaláta	7839
962165c4-a0ae-4eab-89ed-7940e15c948e	Zalatárnok	8947
989253a1-d52a-44f9-8e2e-b1b3b1a4cdee	Zalaújlak	8822
ffce61bc-d8ae-4411-92f3-0f4547a75a4c	Zalavár	8392
d02a73ef-7141-4769-a140-504316c2987c	Zalavég	8792
ae922ce8-7a36-4178-b953-2be25c83db2c	Zalkod	3957
5765eadd-9412-4e24-a97c-523c443fb0a0	Zamárdi	8621
9df960ff-b571-49e6-82e1-1d2ce4ea0a5c	Zámoly	8081
65507e65-2d02-4253-9b57-e56611daad9b	Zánka	8251
152e0d11-fb96-4539-ba9a-3dcf8a46a58f	Zaránk	3296
d1dcd833-dc79-46c8-8d76-dce8ea4cc77d	Závod	7182
ed1d44dc-2c51-4675-8330-6423d5ceb19d	Zebecke	8957
af46a7a3-94ee-420a-9687-4e4d9ecc830a	Zebegény	2627
fc8c7a66-83c8-4915-93dd-fc2d833b2a6a	Zemplénagárd	3977
d23af0f1-e41d-4fa8-be4c-cba49562dd19	Zengővárkony	7720
f0914af8-41d8-4b5d-9078-6cb0205502eb	Zichyújfalu	8112
72a84960-e69e-4552-b9af-5b1e716fdb56	Zics	8672
b9d476a9-baa5-412c-bade-c45dedcf7583	Ziliz	3794
f797988b-f7b4-4e50-8ca6-b77795afdd20	Zimány	7471
9c925801-e824-4c17-a272-05f3ff5382aa	Zirc	8420
bef92f34-edaf-4494-a834-d4c669820943	Zók	7671
f58d3013-a76c-4dd0-bf29-d4f9b7c5397c	Zomba	7173
3e08f8ef-a302-4fc4-948c-9fab002d7fdc	Zubogy	3723
78a8da32-0e9b-42f9-ba39-4d65ce52da2b	Zsadány	5537
fb3bb78a-45b5-465d-b68b-652ad457e135	Zsáka	4142
e6c6f6fa-031d-471d-9529-e392cff307d2	Zsámbék	2072
5d05fcd3-4d03-4a19-b55d-e26189c32da7	Zsámbok	2116
f41c6e6b-4e0d-4a90-8939-ec3c70110aca	Zsana	6411
caf01ff8-0ea4-4963-82d6-3039ab03d51d	Zsarolyán	4961
d2eb3b0b-52a7-4970-87f2-692d52fd6d54	Zsebeháza	9346
5bec078c-628c-4571-87ec-03a161f5bd51	Zsédeny	9635
d7c68802-2e22-4c4a-b4c6-af88e897fdaa	Zselickisfalud	7477
f798933a-3527-4e69-bba4-167be8f6181e	Zselickislak	7400
40659ea6-6717-4332-aa6a-082eba5c9c5d	Zselicszentpál	7474
8fc38276-dbeb-483f-82a1-d9e3dfb49af1	Zsennye	9766
546cef4f-221c-4cef-a1d0-82de10cc8df7	Zsira	9476
bdb0c580-ce98-4fff-a8cb-c2b60dfeb9da	Zsombó	6792
e45fb985-6016-4caa-9107-cdbfa5a173a6	Zsujta	3897
76d6ea60-cef2-490b-bfdb-660103781d65	Zsurk	4627
\.


--
-- TOC entry 5507 (class 0 OID 110230)
-- Dependencies: 229
-- Data for Name: Currencies; Type: TABLE DATA; Schema: public; Owner: postgres
--

COPY public."Currencies" ("Id", "Name", "CurrencyCode", "CurrencySymbol") FROM stdin;
019d76bf-8c9d-7d18-8e83-752dcec80068	Forint	HUF	Ft
019d76c1-9017-7e66-a149-581accbbed10	Euro	EUR	€
\.


--
-- TOC entry 5508 (class 0 OID 110239)
-- Dependencies: 230
-- Data for Name: PreferenceGroups; Type: TABLE DATA; Schema: public; Owner: postgres
--

COPY public."PreferenceGroups" ("Id", "Name") FROM stdin;
\.


--
-- TOC entry 5510 (class 0 OID 110247)
-- Dependencies: 232
-- Data for Name: Preferences; Type: TABLE DATA; Schema: public; Owner: postgres
--

COPY public."Preferences" ("Id", "Name", "PreferenceGroupId") FROM stdin;
\.


--
-- TOC entry 5512 (class 0 OID 110256)
-- Dependencies: 234
-- Data for Name: RefreshTokens; Type: TABLE DATA; Schema: public; Owner: postgres
--

COPY public."RefreshTokens" ("Id", "Token", "UserId", "ExpiresAt", "IsRevoked", "CreatedAt") FROM stdin;
2	OaM0lFN4QDUS8waqYI+c9Tol6hwPwPSbe7/3EzVG7bluu+m3oWqgpNQZKrS+SIh69+nX5Z1hOvgxwXwx8vXPcQ==	1b89d161-40eb-4e33-b9d7-358fb7f943eb	2026-04-24 11:42:09.618642+02	f	2026-04-10 11:42:09.618721+02
4	CcxceXsWFlY6uqlFEDiSy6nio+u+ftyouqmlFceKVhhrCWy1dUia4RZvjdYry9qvo00MXNzHsmBSPyDr7OHBvg==	1b89d161-40eb-4e33-b9d7-358fb7f943eb	2026-04-24 11:47:48.079422+02	f	2026-04-10 11:47:48.079422+02
106	n1gzKY+pRFFLR0nuPKIAPQqnM78nOW5mi+MBOS4ZHOrd8/AooCySTEQrXwGzbty/fVEF9y4J08YWbvGD6BTXcQ==	11089deb-9b73-4c0b-815b-962bf1f4aaaa	2026-04-30 08:03:20.77004+02	f	2026-04-16 08:03:20.770041+02
19	p9H88fCfDN/U/Zr0dqEhXEDHrj4nSrFrQbRWHoMnOOtd6RGASIT9/T/EyTgsRDCC2s4gDaeTailMnLyEe0e+Ug==	629ae0aa-4498-4520-b0ec-b88495f3cd11	2026-04-24 16:21:45.245768+02	f	2026-04-10 16:21:45.245811+02
35	QGMkgAPby/Eo4n3ndM9vzdDdkCK/iFK7D/TVGnHOBXkDiIoG55mddhEeKRnqFrfbbE6gr4R2+AbWsZIZlvs9VA==	629ae0aa-4498-4520-b0ec-b88495f3cd11	2026-04-26 10:12:07.480592+02	f	2026-04-12 10:12:07.480648+02
107	tAvKX+v++VXdkjsVOoIZg0IJoA5lWz6VRO61A/BKcinEZz9XBQPJ1WpjMOtT0zjiNWUSVKbw+ErFXwLlmQTBlQ==	11089deb-9b73-4c0b-815b-962bf1f4aaaa	2026-04-30 08:08:31.548582+02	f	2026-04-16 08:08:31.548583+02
\.


--
-- TOC entry 5514 (class 0 OID 110268)
-- Dependencies: 236
-- Data for Name: UserPreferences; Type: TABLE DATA; Schema: public; Owner: postgres
--

COPY public."UserPreferences" ("UserId", "PreferenceId") FROM stdin;
\.


--
-- TOC entry 5515 (class 0 OID 110275)
-- Dependencies: 237
-- Data for Name: __EFMigrationsHistory; Type: TABLE DATA; Schema: public; Owner: postgres
--

COPY public."__EFMigrationsHistory" ("MigrationId", "ProductVersion") FROM stdin;
20260410092411_sixth_initial_migration	10.0.5
20260411082924_chat_modifications	10.0.5
20260412105937_invoice_changes	10.0.5
20260412160614_token_transaction_changes	10.0.5
20260413181325_physical_files_modified	10.0.5
20260414075658_user_profile_picture	10.0.5
\.


--
-- TOC entry 5516 (class 0 OID 110280)
-- Dependencies: 238
-- Data for Name: chat_messages; Type: TABLE DATA; Schema: public; Owner: postgres
--

COPY public.chat_messages ("Id", "SenderId", "Text", "ChatId", "CreatedAt", "UpdatedAt", "ReadAt") FROM stdin;
38fa3b26-a0db-429d-a688-84aba888620c	11089deb-9b73-4c0b-815b-962bf1f4aaaa	Kedves Roland!	61d0ae0b-dbc4-4a35-8210-d90814cf4835	2026-04-11 10:32:18.427717+02	\N	2026-04-11 11:04:40.062075+02
ff05ed3f-a30d-48e1-a6b8-bd7641ecd187	11089deb-9b73-4c0b-815b-962bf1f4aaaa	Sajnos a mai órát nem tudom megtartani, holnap esetleg jó lenne?	61d0ae0b-dbc4-4a35-8210-d90814cf4835	2026-04-11 10:32:53.677216+02	\N	2026-04-11 11:04:40.062075+02
176d89f2-853e-4e55-8a91-308c8c39de2b	da5211b8-381a-4f4f-a51e-a053765e5563	Nem gond, az is megfelel!	61d0ae0b-dbc4-4a35-8210-d90814cf4835	2026-04-11 10:39:31.009991+02	\N	2026-04-11 11:06:24.86099+02
f831c792-cdb4-40fd-a9a4-ee6c26e94700	da5211b8-381a-4f4f-a51e-a053765e5563	Lorem ipsum dolor sit amet, consectetuer adipiscing elit. Aenean commodo ligula eget dolor. Aenean massa. Cum sociis natoque penatibus et magnis dis parturient montes, nascetur ridiculus mus. Donec quam felis, ultricies nec, pellentesque eu, pretium quis, sem. Nulla consequat massa quis enim. Donec pede justo, fringilla vel, aliquet nec, vulputate eget, arcu. In enim justo, rhoncus ut, imperdiet a, venenatis vitae, justo. Nullam dictum felis eu pede mollis pretium. Integer tincidunt. Cras dapibus. Vivamus elementum semper nisi. Aenean vulputate eleifend tellus. Aenean leo ligula, porttitor eu,	61d0ae0b-dbc4-4a35-8210-d90814cf4835	2026-04-11 18:16:47.696953+02	\N	2026-04-11 21:03:07.376478+02
\.


--
-- TOC entry 5517 (class 0 OID 110290)
-- Dependencies: 239
-- Data for Name: chat_rooms; Type: TABLE DATA; Schema: public; Owner: postgres
--

COPY public.chat_rooms ("Id", "StudentId", "TeacherId", "CreatedAt", "UpdatedAt") FROM stdin;
61d0ae0b-dbc4-4a35-8210-d90814cf4835	da5211b8-381a-4f4f-a51e-a053765e5563	11089deb-9b73-4c0b-815b-962bf1f4aaaa	2026-04-10 12:04:58.862051+02	\N
\.


--
-- TOC entry 5518 (class 0 OID 110297)
-- Dependencies: 240
-- Data for Name: community_messages; Type: TABLE DATA; Schema: public; Owner: postgres
--

COPY public.community_messages ("Id", "SenderId", "Text", "ThreadId", "CreatedAt", "UpdatedAt") FROM stdin;
\.


--
-- TOC entry 5519 (class 0 OID 110307)
-- Dependencies: 241
-- Data for Name: community_threads; Type: TABLE DATA; Schema: public; Owner: postgres
--

COPY public.community_threads ("Id", "CourseId", "TeacherId", "CreatedAt", "UpdatedAt") FROM stdin;
\.


--
-- TOC entry 5520 (class 0 OID 110316)
-- Dependencies: 242
-- Data for Name: content_items; Type: TABLE DATA; Schema: public; Owner: postgres
--

COPY public.content_items ("Id", "DisplayedName", "FolderId", "Type", "Description", "FileId", "TestId", "CreatedAt", "UpdatedAt") FROM stdin;
\.


--
-- TOC entry 5521 (class 0 OID 110327)
-- Dependencies: 243
-- Data for Name: course_domains; Type: TABLE DATA; Schema: public; Owner: postgres
--

COPY public.course_domains ("Id", "Name", "CreatedAt", "UpdatedAt") FROM stdin;
49b998a3-983d-4918-82ed-d4caa9a8fbed	Matematika	2026-04-10 11:38:49.413194+02	\N
8ccb7ec2-cc8c-4e05-99e2-bec121ce5fc4	Fizika	2026-04-10 11:39:05.979334+02	\N
\.


--
-- TOC entry 5522 (class 0 OID 110333)
-- Dependencies: 244
-- Data for Name: course_feedbacks; Type: TABLE DATA; Schema: public; Owner: postgres
--

COPY public.course_feedbacks ("Id", "CourseId", "ReviewerId", "Recommended", "Text", "WallId", "EnrollmentId", "ReviewScore", "CreatedAt", "UpdatedAt") FROM stdin;
\.


--
-- TOC entry 5523 (class 0 OID 110346)
-- Dependencies: 245
-- Data for Name: course_levels; Type: TABLE DATA; Schema: public; Owner: postgres
--

COPY public.course_levels ("Id", "Name", "CreatedAt", "UpdatedAt") FROM stdin;
66ba4054-39cd-40d9-b97d-5783fbdf7485	Kezdő	2026-04-10 11:40:23.373329+02	\N
dde75c2f-8c3b-418b-b6b2-8c87c7a402b5	Középhaladó	2026-04-10 11:40:39.12049+02	\N
0e1c4264-fd97-4dc9-b661-91ceef7286bf	Haladó	2026-04-10 11:40:45.691984+02	\N
\.


--
-- TOC entry 5524 (class 0 OID 110352)
-- Dependencies: 246
-- Data for Name: course_tags; Type: TABLE DATA; Schema: public; Owner: postgres
--

COPY public.course_tags ("Id", "Name", "CreatedAt", "UpdatedAt") FROM stdin;
51d0fb1e-6391-4e2b-91f1-8787fc6e5d78	Könnyű	2026-04-10 11:41:58.750803+02	\N
e1643e92-3f50-445d-80f6-adc0862219a4	Középiskolásoknak	2026-04-10 11:41:58.750803+02	\N
f2eac771-0324-417f-a2d6-8c03623f93bb	Érettségi	2026-04-10 11:41:58.750803+02	\N
ff2e189a-87c5-4602-a404-f509c537eaca	Alapszint	2026-04-10 11:41:58.750802+02	\N
99f4db5c-36c5-4dd2-854d-a7834069c914	látványos	2026-04-10 11:42:13.894956+02	\N
eb93b320-5a7f-4229-a886-88ea548d707e	gyakolrat	2026-04-10 11:42:13.894956+02	\N
f0d96e29-a018-4db1-ab32-4229d79f1dc6	játékos	2026-04-10 11:42:13.894956+02	\N
304ff29d-e371-435d-a4c6-9f68b981f6d1	v,oew	2026-04-16 08:06:17.804596+02	\N
6cfc43fd-c5ae-4d15-897b-fdf6f12b33e9	koker	2026-04-16 08:06:17.804596+02	\N
ccf8a819-4e6f-41bf-915f-46df91883bdd	fmoev	2026-04-16 08:06:17.804596+02	\N
eb21b19e-d3e2-40bc-8cc1-592f4a81a751	docker	2026-04-16 08:06:17.804595+02	\N
\.


--
-- TOC entry 5525 (class 0 OID 110358)
-- Dependencies: 247
-- Data for Name: course_to_places; Type: TABLE DATA; Schema: public; Owner: postgres
--

COPY public.course_to_places ("Id", "CourseId", "PlaceId", "Online", "CreatedAt", "UpdatedAt") FROM stdin;
40002851-ce3b-4933-9dba-6745299b2cf5	fdc2dafa-d88f-40d9-b204-10e39d027035	\N	t	2026-04-10 11:47:28.951368+02	\N
33b3a62f-5d88-4eb1-a7ef-9dd618530959	fdc2dafa-d88f-40d9-b204-10e39d027035	e49252e4-d12a-4733-aea5-a30cfffb9cc5	f	2026-04-10 11:47:28.957446+02	\N
fc5d2e6d-35c2-41ba-b5f2-1672501a9ddf	d2f4a817-97fb-4991-948e-c655819de962	\N	t	2026-04-10 11:48:10.072081+02	\N
08131087-0042-4aa3-8fdf-edc223f02aed	d2f4a817-97fb-4991-948e-c655819de962	9989981e-16a7-4d1f-9dc1-753c0384ab06	f	2026-04-10 11:48:10.075825+02	\N
1129cd98-f030-4a63-aba7-af0ab8a9c4ed	d2f4a817-97fb-4991-948e-c655819de962	e71f72a8-1dec-4c39-889e-e61a34752556	f	2026-04-10 11:48:10.075825+02	\N
38cee2c1-34b4-4e67-b995-8c2f10c78219	d2f4a817-97fb-4991-948e-c655819de962	35605c69-410a-4705-9b5f-be1037e18a83	f	2026-04-10 11:48:10.075825+02	\N
5bce90c0-f7d1-4fd7-b8a6-bf1bbc6b0587	d2f4a817-97fb-4991-948e-c655819de962	dc050868-8dfa-4e0e-97c6-3ce19506cff0	f	2026-04-10 11:48:10.075825+02	\N
7415b2fb-8978-4b78-aa4d-a57e619d6ecc	d2f4a817-97fb-4991-948e-c655819de962	59a1ec9b-30b6-4a6e-9937-11458d6eb2b5	f	2026-04-10 11:48:10.075824+02	\N
7a0e8073-d294-4605-b39d-93672e7a57ec	d2f4a817-97fb-4991-948e-c655819de962	16cd887a-f911-4309-bf6d-196ae18083d1	f	2026-04-10 11:48:10.075825+02	\N
a91cbd54-886d-46ea-ae43-be6270c7c707	d2f4a817-97fb-4991-948e-c655819de962	9f0c59ff-aacc-4854-8a0a-cff82f931cf1	f	2026-04-10 11:48:10.075825+02	\N
ae9db54f-7dfb-4f49-b9b9-e7ef4bf203d7	d2f4a817-97fb-4991-948e-c655819de962	31110881-18f0-4ff8-bdde-41bb8460d00d	f	2026-04-10 11:48:10.075827+02	\N
\.


--
-- TOC entry 5526 (class 0 OID 110365)
-- Dependencies: 248
-- Data for Name: courses_base; Type: TABLE DATA; Schema: public; Owner: postgres
--

COPY public.courses_base ("Id", "TeacherId", "CourseName", "Description", "TokenMinuteValue", "Type", "CourseDomainId", "CourseLevelId", "Price", "FirstConsultationFree", "PriceCurrencyId", "Status", "IconImageId", "BannerImageId", "CreatedAt", "UpdatedAt") FROM stdin;
d2f4a817-97fb-4991-948e-c655819de962	1b89d161-40eb-4e33-b9d7-358fb7f943eb	Fizika izgalmasan - emelt szinten	A fizika a világmindenségét átjárja, aki megérti, azt mindent megért	60	Tutoring	8ccb7ec2-cc8c-4e05-99e2-bec121ce5fc4	0e1c4264-fd97-4dc9-b661-91ceef7286bf	6500.00	f	019d76bf-8c9d-7d18-8e83-752dcec80068	Active	\N	\N	2026-04-10 11:48:10.063639+02	\N
fdc2dafa-d88f-40d9-b204-10e39d027035	11089deb-9b73-4c0b-815b-962bf1f4aaaa	Matematika - alapszinten középiskolásoknak	A matek érettségi nem akadály, csak kis gyakorlás kell.	60	Tutoring	49b998a3-983d-4918-82ed-d4caa9a8fbed	66ba4054-39cd-40d9-b97d-5783fbdf7485	5000.00	t	019d76bf-8c9d-7d18-8e83-752dcec80068	Active	\N	7fd7cf52-b086-4660-9f2e-9b7e5f172902	2026-04-10 11:47:28.943515+02	2026-04-15 09:26:20.191409+02
05e177b7-8d00-49ce-b082-bf7a8b64f7cf	11089deb-9b73-4c0b-815b-962bf1f4aaaa	Matematika - középszinten középiskolásoknak	jigreopigjkp43o ujg943jkgpo34 giü3ü4ögikpo34jggw	20	Tutoring	8ccb7ec2-cc8c-4e05-99e2-bec121ce5fc4	dde75c2f-8c3b-418b-b6b2-8c87c7a402b5	9000.00	t	019d76bf-8c9d-7d18-8e83-752dcec80068	Active	\N	3c34a163-e8b1-43ad-8281-b1bbe7d7f47e	2026-04-16 08:06:17.768055+02	2026-04-16 08:06:18.852829+02
\.


--
-- TOC entry 5527 (class 0 OID 110383)
-- Dependencies: 249
-- Data for Name: courses_to_languages; Type: TABLE DATA; Schema: public; Owner: postgres
--

COPY public.courses_to_languages ("CourseId", "LanguageId") FROM stdin;
fdc2dafa-d88f-40d9-b204-10e39d027035	533ae588-ea70-4967-9e11-f4ed1a2dc71a
d2f4a817-97fb-4991-948e-c655819de962	533ae588-ea70-4967-9e11-f4ed1a2dc71a
05e177b7-8d00-49ce-b082-bf7a8b64f7cf	0087305f-3d8f-4733-bc35-b9d7eeeadbc4
05e177b7-8d00-49ce-b082-bf7a8b64f7cf	533ae588-ea70-4967-9e11-f4ed1a2dc71a
\.


--
-- TOC entry 5528 (class 0 OID 110388)
-- Dependencies: 250
-- Data for Name: courses_to_tags; Type: TABLE DATA; Schema: public; Owner: postgres
--

COPY public.courses_to_tags ("TagId", "CourseId") FROM stdin;
51d0fb1e-6391-4e2b-91f1-8787fc6e5d78	fdc2dafa-d88f-40d9-b204-10e39d027035
e1643e92-3f50-445d-80f6-adc0862219a4	fdc2dafa-d88f-40d9-b204-10e39d027035
f2eac771-0324-417f-a2d6-8c03623f93bb	fdc2dafa-d88f-40d9-b204-10e39d027035
ff2e189a-87c5-4602-a404-f509c537eaca	fdc2dafa-d88f-40d9-b204-10e39d027035
99f4db5c-36c5-4dd2-854d-a7834069c914	d2f4a817-97fb-4991-948e-c655819de962
eb93b320-5a7f-4229-a886-88ea548d707e	d2f4a817-97fb-4991-948e-c655819de962
f0d96e29-a018-4db1-ab32-4229d79f1dc6	d2f4a817-97fb-4991-948e-c655819de962
304ff29d-e371-435d-a4c6-9f68b981f6d1	05e177b7-8d00-49ce-b082-bf7a8b64f7cf
6cfc43fd-c5ae-4d15-897b-fdf6f12b33e9	05e177b7-8d00-49ce-b082-bf7a8b64f7cf
ccf8a819-4e6f-41bf-915f-46df91883bdd	05e177b7-8d00-49ce-b082-bf7a8b64f7cf
eb21b19e-d3e2-40bc-8cc1-592f4a81a751	05e177b7-8d00-49ce-b082-bf7a8b64f7cf
\.


--
-- TOC entry 5529 (class 0 OID 110393)
-- Dependencies: 251
-- Data for Name: events; Type: TABLE DATA; Schema: public; Owner: postgres
--

COPY public.events ("Id", "OrganiserId", "Type", "StartTime", "EndTime", "CourseBaseId", "TutoringWallId", "PathEnrollmentId", "Title", "Description", "CreatedAt", "UpdatedAt") FROM stdin;
8c4ffbe4-dcb4-47da-83be-ddfe69ea41cd	11089deb-9b73-4c0b-815b-962bf1f4aaaa	Lesson	2026-04-12 12:00:00+02	2026-04-12 14:00:00+02	fdc2dafa-d88f-40d9-b204-10e39d027035	282d2a29-5d3a-4d7a-a034-8f763989a3ba	\N	\N	\N	2026-04-10 14:45:16.432628+02	\N
6dfa21d8-0662-4d1a-852c-af9995bb9cb8	11089deb-9b73-4c0b-815b-962bf1f4aaaa	Lesson	2026-04-11 18:10:00+02	2026-04-11 19:10:00+02	fdc2dafa-d88f-40d9-b204-10e39d027035	282d2a29-5d3a-4d7a-a034-8f763989a3ba	\N	\N	\N	2026-04-10 14:45:43.268096+02	\N
\.


--
-- TOC entry 5530 (class 0 OID 110406)
-- Dependencies: 252
-- Data for Name: folders; Type: TABLE DATA; Schema: public; Owner: postgres
--

COPY public.folders ("Id", "Name", "ParentFolderId", "OwnerId", "CreatedAt", "UpdatedAt") FROM stdin;
\.


--
-- TOC entry 5531 (class 0 OID 110415)
-- Dependencies: 253
-- Data for Name: hand_in_feedbacks; Type: TABLE DATA; Schema: public; Owner: postgres
--

COPY public.hand_in_feedbacks ("Id", "Text", "Grade", "Points", "SubmissionId", "GraderId", "TeacherId", "CreatedAt", "UpdatedAt") FROM stdin;
\.


--
-- TOC entry 5532 (class 0 OID 110424)
-- Dependencies: 254
-- Data for Name: hand_ins; Type: TABLE DATA; Schema: public; Owner: postgres
--

COPY public.hand_ins ("Id", "Title", "DueDate", "Type", "MaxPoints", "WallId", "CreatedAt", "UpdatedAt") FROM stdin;
\.


--
-- TOC entry 5533 (class 0 OID 110434)
-- Dependencies: 255
-- Data for Name: invoices; Type: TABLE DATA; Schema: public; Owner: postgres
--

COPY public.invoices ("Id", "TokenCount", "WallId", "EnrollmentId", "Status", "PaidPrice", "CurrencyId", "UserId", "CreatedAt", "UpdatedAt", "TeacherId") FROM stdin;
da4a6c79-5dad-4516-9e29-02b0e2ec5e13	5	282d2a29-5d3a-4d7a-a034-8f763989a3ba	\N	Accepted	25000.00	019d76bf-8c9d-7d18-8e83-752dcec80068	da5211b8-381a-4f4f-a51e-a053765e5563	2026-04-12 15:06:58.316321+02	2026-04-12 15:16:32.098172+02	11089deb-9b73-4c0b-815b-962bf1f4aaaa
b0d5ae37-41cf-41d0-86ca-4f7310869a36	3	282d2a29-5d3a-4d7a-a034-8f763989a3ba	\N	Accepted	15000.00	019d76bf-8c9d-7d18-8e83-752dcec80068	da5211b8-381a-4f4f-a51e-a053765e5563	2026-04-12 18:25:16.330209+02	2026-04-12 18:31:34.503567+02	11089deb-9b73-4c0b-815b-962bf1f4aaaa
96889d6e-6eda-416d-bbfe-203b046fc7e0	10	282d2a29-5d3a-4d7a-a034-8f763989a3ba	\N	Pending	50000.00	019d76bf-8c9d-7d18-8e83-752dcec80068	da5211b8-381a-4f4f-a51e-a053765e5563	2026-04-16 08:02:50.312013+02	\N	11089deb-9b73-4c0b-815b-962bf1f4aaaa
\.


--
-- TOC entry 5534 (class 0 OID 110449)
-- Dependencies: 256
-- Data for Name: languages; Type: TABLE DATA; Schema: public; Owner: postgres
--

COPY public.languages ("Id", "Name", "CreatedAt", "UpdatedAt") FROM stdin;
533ae588-ea70-4967-9e11-f4ed1a2dc71a	Magyar	2026-04-10 11:38:24.202425+02	\N
0087305f-3d8f-4733-bc35-b9d7eeeadbc4	English	2026-04-10 11:38:30.108979+02	\N
\.


--
-- TOC entry 5535 (class 0 OID 110455)
-- Dependencies: 257
-- Data for Name: learning_path_units; Type: TABLE DATA; Schema: public; Owner: postgres
--

COPY public.learning_path_units ("Id", "CourseId", "Name", "Description", "CreatedAt", "UpdatedAt") FROM stdin;
\.


--
-- TOC entry 5536 (class 0 OID 110465)
-- Dependencies: 258
-- Data for Name: lessons; Type: TABLE DATA; Schema: public; Owner: postgres
--

COPY public.lessons ("Id", "UnitId", "Title", "Description", "HandInId", "CreatedAt", "UpdatedAt") FROM stdin;
\.


--
-- TOC entry 5537 (class 0 OID 110475)
-- Dependencies: 259
-- Data for Name: lessons_to_contents; Type: TABLE DATA; Schema: public; Owner: postgres
--

COPY public.lessons_to_contents ("LessonId", "ContentId") FROM stdin;
\.


--
-- TOC entry 5538 (class 0 OID 110480)
-- Dependencies: 260
-- Data for Name: notifications; Type: TABLE DATA; Schema: public; Owner: postgres
--

COPY public.notifications ("Id", "RecipientId", "SenderId", "Message", "Type", "ReferenceId", "ReferenceText", "IsRead", "ReadAt", "CreatedAt", "UpdatedAt") FROM stdin;
050fd990-357e-4e2b-878b-8edeadc38940	11089deb-9b73-4c0b-815b-962bf1f4aaaa	da5211b8-381a-4f4f-a51e-a053765e5563	\N	PendingEnrollment	fdc2dafa-d88f-40d9-b204-10e39d027035	Matematika - alapszinten középiskolásoknak	t	2026-04-10 12:04:58.819031+02	2026-04-10 11:58:44.584734+02	\N
b87d1c78-76c0-4e20-bb46-97f51430749e	da5211b8-381a-4f4f-a51e-a053765e5563	11089deb-9b73-4c0b-815b-962bf1f4aaaa	Kedves Roland!	Message	61d0ae0b-dbc4-4a35-8210-d90814cf4835	Makosi László	t	2026-04-11 11:04:39.990886+02	2026-04-11 10:32:18.427768+02	\N
e99c5e8b-f6e0-4a52-ab3a-868c8f4546da	da5211b8-381a-4f4f-a51e-a053765e5563	11089deb-9b73-4c0b-815b-962bf1f4aaaa	Sajnos a mai órát nem tudom megtartani, holnap esetleg jó lenne?	Message	61d0ae0b-dbc4-4a35-8210-d90814cf4835	Makosi László	t	2026-04-11 11:04:39.990886+02	2026-04-11 10:32:53.677216+02	\N
fac28e88-f803-4772-916e-4e8a2e080ec9	11089deb-9b73-4c0b-815b-962bf1f4aaaa	da5211b8-381a-4f4f-a51e-a053765e5563	Nem gond, az is megfelel!	Message	61d0ae0b-dbc4-4a35-8210-d90814cf4835	Fülöp Roland	t	2026-04-11 11:06:24.859179+02	2026-04-11 10:39:31.010048+02	\N
74e78e37-8064-4f3a-9261-27370257115f	11089deb-9b73-4c0b-815b-962bf1f4aaaa	da5211b8-381a-4f4f-a51e-a053765e5563	\N	NewLesson	282d2a29-5d3a-4d7a-a034-8f763989a3ba	Matematika - alapszinten középiskolásoknak	t	2026-04-11 11:08:19.760377+02	2026-04-10 14:13:46.303235+02	\N
d1144f37-a27b-4e08-ac21-b05f0abf85f8	11089deb-9b73-4c0b-815b-962bf1f4aaaa	da5211b8-381a-4f4f-a51e-a053765e5563	\N	NewLesson	282d2a29-5d3a-4d7a-a034-8f763989a3ba	Matematika - alapszinten középiskolásoknak	t	2026-04-11 11:08:19.760377+02	2026-04-10 14:45:16.432684+02	\N
013ee476-ffe9-4f4b-b419-a74d870b6957	11089deb-9b73-4c0b-815b-962bf1f4aaaa	da5211b8-381a-4f4f-a51e-a053765e5563	\N	NewLesson	282d2a29-5d3a-4d7a-a034-8f763989a3ba	Matematika - alapszinten középiskolásoknak	t	2026-04-11 11:08:19.760377+02	2026-04-10 14:45:43.268096+02	\N
d20e40ad-7abb-4108-aad1-37602d027a83	11089deb-9b73-4c0b-815b-962bf1f4aaaa	da5211b8-381a-4f4f-a51e-a053765e5563	\N	NewLesson	282d2a29-5d3a-4d7a-a034-8f763989a3ba	Matematika - alapszinten középiskolásoknak	t	2026-04-11 11:08:19.760377+02	2026-04-10 14:49:43.77906+02	\N
0c8d921d-a8d9-4d65-9b53-66f12f111e6e	11089deb-9b73-4c0b-815b-962bf1f4aaaa	da5211b8-381a-4f4f-a51e-a053765e5563	\N	NewLesson	282d2a29-5d3a-4d7a-a034-8f763989a3ba	Matematika - alapszinten középiskolásoknak	t	2026-04-11 11:08:19.760377+02	2026-04-10 14:50:10.692615+02	\N
a44aeea8-d46d-49e0-8047-c31544e0e3d9	11089deb-9b73-4c0b-815b-962bf1f4aaaa	da5211b8-381a-4f4f-a51e-a053765e5563	\N	NewLesson	282d2a29-5d3a-4d7a-a034-8f763989a3ba	Matematika - alapszinten középiskolásoknak	t	2026-04-11 11:08:19.760377+02	2026-04-10 14:50:15.455883+02	\N
8caed79a-7ecf-4be7-b0d9-901652bf105b	da5211b8-381a-4f4f-a51e-a053765e5563	11089deb-9b73-4c0b-815b-962bf1f4aaaa	\N	EnrollmentAcceptance	282d2a29-5d3a-4d7a-a034-8f763989a3ba	Matematika - alapszinten középiskolásoknak	t	2026-04-11 20:46:38.734845+02	2026-04-10 12:04:58.83975+02	\N
8ed88066-2506-44ba-a41f-dc9b148a05b4	da5211b8-381a-4f4f-a51e-a053765e5563	11089deb-9b73-4c0b-815b-962bf1f4aaaa	\N	DeletedLesson	282d2a29-5d3a-4d7a-a034-8f763989a3ba	Matematika - alapszinten középiskolásoknak	t	2026-04-11 20:46:38.734845+02	2026-04-10 14:21:49.970196+02	\N
08540b24-6ec9-4062-acfa-8bf67c91bdc0	11089deb-9b73-4c0b-815b-962bf1f4aaaa	da5211b8-381a-4f4f-a51e-a053765e5563	Lorem ipsum dolor sit amet, consectetuer adipiscing elit. Aenean commodo ligula eget dolor. Aenean massa. Cum sociis natoque penatibus et magnis dis parturient montes, nascetur ridiculus mus. Donec quam felis, ultricies nec, pellentesque eu, pretium quis, sem. Nulla consequat massa quis enim. Donec pede justo, fringilla vel, aliquet nec, vulputate eget, arcu. In enim justo, rhoncus ut, imperdiet a, venenatis vitae, justo. Nullam dictum felis eu pede mollis pretium. Integer tincidunt. Cras dapibu	Message	61d0ae0b-dbc4-4a35-8210-d90814cf4835	Fülöp Roland	t	2026-04-11 21:03:07.371536+02	2026-04-11 18:16:47.696991+02	\N
130531ec-6edd-4b18-9bb9-fd2dbc23c793	11089deb-9b73-4c0b-815b-962bf1f4aaaa	da5211b8-381a-4f4f-a51e-a053765e5563	\N	NewLesson	282d2a29-5d3a-4d7a-a034-8f763989a3ba	Fülöp Roland	t	2026-04-11 21:04:23.741003+02	2026-04-11 18:08:57.734938+02	\N
74b274e4-034d-470d-a40b-23b5f9533366	11089deb-9b73-4c0b-815b-962bf1f4aaaa	da5211b8-381a-4f4f-a51e-a053765e5563	\N	NewLesson	282d2a29-5d3a-4d7a-a034-8f763989a3ba	Fülöp Roland	t	2026-04-11 21:04:23.741003+02	2026-04-11 19:52:55.780936+02	\N
6ec422cf-6ae1-427a-b13c-4838665c8ea5	11089deb-9b73-4c0b-815b-962bf1f4aaaa	da5211b8-381a-4f4f-a51e-a053765e5563	\N	PendingInvoice	71c25e42-7322-433f-a010-1b483223c31b	Fülöp Roland	t	2026-04-12 18:09:26.033827+02	2026-04-12 18:08:13.276326+02	\N
a008f15a-7327-4af1-9a4d-e40d3ccd82f1	11089deb-9b73-4c0b-815b-962bf1f4aaaa	da5211b8-381a-4f4f-a51e-a053765e5563	\N	PendingInvoice	f6e2abc2-586e-470d-b538-a7b98c57c940	Fülöp Roland	t	2026-04-12 18:15:24.497753+02	2026-04-12 18:14:46.361567+02	\N
bd070e2c-24a8-4400-9822-c341278248f9	11089deb-9b73-4c0b-815b-962bf1f4aaaa	da5211b8-381a-4f4f-a51e-a053765e5563	\N	PendingInvoice	b0d5ae37-41cf-41d0-86ca-4f7310869a36	Fülöp Roland	t	2026-04-12 18:31:34.411039+02	2026-04-12 18:25:16.330257+02	\N
4841a646-fd87-49f9-ada8-03c734b2000e	da5211b8-381a-4f4f-a51e-a053765e5563	11089deb-9b73-4c0b-815b-962bf1f4aaaa	\N	PaymentAcceptance	282d2a29-5d3a-4d7a-a034-8f763989a3ba	Matematika - alapszinten középiskolásoknak	t	2026-04-15 10:56:29.035198+02	2026-04-12 15:16:32.098135+02	\N
eda7c2c2-8ec9-4911-a308-ab3bd23b2eb2	da5211b8-381a-4f4f-a51e-a053765e5563	11089deb-9b73-4c0b-815b-962bf1f4aaaa	\N	PaymentAcceptance	282d2a29-5d3a-4d7a-a034-8f763989a3ba	Matematika - alapszinten középiskolásoknak	t	2026-04-15 10:56:29.035198+02	2026-04-12 18:09:26.170356+02	\N
3f66c8ca-f1bf-4dc6-8eb6-e045197da236	da5211b8-381a-4f4f-a51e-a053765e5563	11089deb-9b73-4c0b-815b-962bf1f4aaaa	\N	PaymentAcceptance	282d2a29-5d3a-4d7a-a034-8f763989a3ba	Matematika - alapszinten középiskolásoknak	t	2026-04-15 10:56:29.035198+02	2026-04-12 18:15:24.500218+02	\N
076cf290-5bd2-421e-99fd-7f9bd8b39c94	da5211b8-381a-4f4f-a51e-a053765e5563	11089deb-9b73-4c0b-815b-962bf1f4aaaa	\N	PaymentAcceptance	282d2a29-5d3a-4d7a-a034-8f763989a3ba	Matematika - alapszinten középiskolásoknak	t	2026-04-15 10:56:29.035198+02	2026-04-12 18:31:34.503566+02	\N
f51ce59f-664f-422e-94f3-8258453eeb65	11089deb-9b73-4c0b-815b-962bf1f4aaaa	629ae0aa-4498-4520-b0ec-b88495f3cd11	\N	PendingEnrollment	fdc2dafa-d88f-40d9-b204-10e39d027035	Matematika - alapszinten középiskolásoknak	t	2026-04-15 11:04:19.713896+02	2026-04-12 10:12:30.395516+02	\N
8327b201-ca1a-48cd-8f2a-840187d75f9d	11089deb-9b73-4c0b-815b-962bf1f4aaaa	da5211b8-381a-4f4f-a51e-a053765e5563	\N	PendingInvoice	da4a6c79-5dad-4516-9e29-02b0e2ec5e13	Fülöp Roland	t	2026-04-15 11:04:19.713896+02	2026-04-12 15:06:58.31636+02	\N
0a3e5eb8-54c8-4d36-bcda-e33b6959ed45	11089deb-9b73-4c0b-815b-962bf1f4aaaa	da5211b8-381a-4f4f-a51e-a053765e5563	\N	NewLesson	282d2a29-5d3a-4d7a-a034-8f763989a3ba	Fülöp Roland	t	2026-04-15 11:04:19.713896+02	2026-04-12 18:33:38.653242+02	\N
38661032-d827-46e9-ad46-54cb07ec46aa	11089deb-9b73-4c0b-815b-962bf1f4aaaa	da5211b8-381a-4f4f-a51e-a053765e5563	\N	DeletedLesson	282d2a29-5d3a-4d7a-a034-8f763989a3ba	Fülöp Roland	t	2026-04-15 11:04:19.713896+02	2026-04-12 18:46:42.222563+02	\N
6750cb62-7b21-4241-9a7f-915984c51145	11089deb-9b73-4c0b-815b-962bf1f4aaaa	da5211b8-381a-4f4f-a51e-a053765e5563	\N	PendingInvoice	96889d6e-6eda-416d-bbfe-203b046fc7e0	Fülöp Roland	f	\N	2026-04-16 08:02:50.312101+02	\N
\.


--
-- TOC entry 5539 (class 0 OID 110491)
-- Dependencies: 261
-- Data for Name: path_enrollments; Type: TABLE DATA; Schema: public; Owner: postgres
--

COPY public.path_enrollments ("Id", "CourseId", "AttendantId", "LastLessonId", "Status", "TokenCount", "CreatedAt", "UpdatedAt") FROM stdin;
\.


--
-- TOC entry 5540 (class 0 OID 110502)
-- Dependencies: 262
-- Data for Name: physical_files; Type: TABLE DATA; Schema: public; Owner: postgres
--

COPY public.physical_files ("Id", "StoragePath", "FileName", "MimeType", "Size", "CreatedAt", "UpdatedAt", "OwnerId") FROM stdin;
3a12d09a-71ad-4b43-8484-d43ec9bdc1b7	profile_pictures/9f7c9268-e6b4-4eff-a9ad-04b1c932fdcf.jpeg	images.jpeg	image/jpeg	8132	2026-04-14 10:20:52.328901+02	\N	824c3fcd-786a-4a64-a3bc-4c058b04e492
7fd7cf52-b086-4660-9f2e-9b7e5f172902	course_banner_pictures/190cfa78-f2a9-40e2-9c5a-7c3231497d60.jpeg	images.jpeg	image/jpeg	8132	2026-04-15 09:26:20.175338+02	\N	11089deb-9b73-4c0b-815b-962bf1f4aaaa
b669f8a3-d089-4b86-a864-1b07173a7460	profile_pictures/943fac2a-2a37-4ef9-b163-c7ffaa5c712d.png	566612656_1784374278873838_6621501021772238168_n.png	image/png	156025	2026-04-15 09:58:36.54056+02	\N	da5211b8-381a-4f4f-a51e-a053765e5563
d5f20aa8-1faa-4c4d-8f36-f5ac0c863c73	profile_pictures/24a3dd15-0af5-4c56-b07f-a672e7c77628.jpg	tsuo5byj2rp51.jpg	image/jpeg	55481	2026-04-15 11:01:20.383055+02	\N	11089deb-9b73-4c0b-815b-962bf1f4aaaa
3c34a163-e8b1-43ad-8281-b1bbe7d7f47e	course_banner_pictures/2ed3b71b-adf3-4596-bd02-90ff9438a54b.png	379643441_852796113081096_6125718369427192325_n.png	image/png	1879283	2026-04-16 08:06:18.837998+02	\N	11089deb-9b73-4c0b-815b-962bf1f4aaaa
\.


--
-- TOC entry 5541 (class 0 OID 110513)
-- Dependencies: 263
-- Data for Name: qualifications; Type: TABLE DATA; Schema: public; Owner: postgres
--

COPY public.qualifications ("Id", "TeacherId", "FileId", "Approved", "QualificationType", "CreatedAt", "UpdatedAt") FROM stdin;
\.


--
-- TOC entry 5542 (class 0 OID 110524)
-- Dependencies: 264
-- Data for Name: students; Type: TABLE DATA; Schema: public; Owner: postgres
--

COPY public.students ("UserId") FROM stdin;
da5211b8-381a-4f4f-a51e-a053765e5563
629ae0aa-4498-4520-b0ec-b88495f3cd11
aac410fd-4478-44c0-a9b9-c0559e0fa2ce
824c3fcd-786a-4a64-a3bc-4c058b04e492
\.


--
-- TOC entry 5543 (class 0 OID 110530)
-- Dependencies: 265
-- Data for Name: submission_attachments; Type: TABLE DATA; Schema: public; Owner: postgres
--

COPY public.submission_attachments ("Id", "SubmissionId", "ContentId", "CreatedAt", "UpdatedAt") FROM stdin;
\.


--
-- TOC entry 5544 (class 0 OID 110537)
-- Dependencies: 266
-- Data for Name: submissions; Type: TABLE DATA; Schema: public; Owner: postgres
--

COPY public.submissions ("Id", "Text", "HandInId", "SubmitterId", "TeacherId", "CreatedAt", "UpdatedAt") FROM stdin;
\.


--
-- TOC entry 5545 (class 0 OID 110546)
-- Dependencies: 267
-- Data for Name: teacher_timeblocks; Type: TABLE DATA; Schema: public; Owner: postgres
--

COPY public.teacher_timeblocks ("Id", "TeacherId", "Start", "End", "CreatedAt", "UpdatedAt") FROM stdin;
0eb0cdd3-01e8-423a-a772-939ecb1a96f1	11089deb-9b73-4c0b-815b-962bf1f4aaaa	2026-04-12 12:00:00+02	2026-04-12 14:00:00+02	2026-04-10 14:04:40.277885+02	\N
746bddb2-8ac4-44ad-a41e-c7cb471ff2e2	11089deb-9b73-4c0b-815b-962bf1f4aaaa	2026-04-12 16:00:00+02	2026-04-12 17:30:00+02	2026-04-10 14:04:40.277886+02	\N
65b9d5e1-d033-4bdd-9cc1-31d4872a2433	11089deb-9b73-4c0b-815b-962bf1f4aaaa	2026-04-11 16:00:00+02	2026-04-11 20:30:00+02	2026-04-10 14:06:38.027265+02	\N
70089ea2-3c2d-4657-bcf6-f4fd0234fcc5	11089deb-9b73-4c0b-815b-962bf1f4aaaa	2026-04-11 10:00:00+02	2026-04-11 13:00:00+02	2026-04-10 14:06:38.027265+02	\N
8dc1b986-9fca-4df9-9d06-b2675ecd3625	11089deb-9b73-4c0b-815b-962bf1f4aaaa	2026-04-29 10:00:00+02	2026-04-29 22:00:00+02	2026-04-10 14:48:35.599305+02	\N
38c0685a-8088-4859-ab3d-636a7fb8ea17	11089deb-9b73-4c0b-815b-962bf1f4aaaa	2026-04-05 10:00:00+02	2026-04-05 22:00:00+02	2026-04-10 15:04:23.311836+02	\N
dbf21282-db3c-4bab-9927-29d44c9c0b76	11089deb-9b73-4c0b-815b-962bf1f4aaaa	2026-04-30 10:00:00+02	2026-04-30 22:00:00+02	2026-04-11 20:56:55.943369+02	\N
\.


--
-- TOC entry 5546 (class 0 OID 110556)
-- Dependencies: 268
-- Data for Name: teachers; Type: TABLE DATA; Schema: public; Owner: postgres
--

COPY public.teachers ("TeacherId") FROM stdin;
11089deb-9b73-4c0b-815b-962bf1f4aaaa
1b89d161-40eb-4e33-b9d7-358fb7f943eb
\.


--
-- TOC entry 5547 (class 0 OID 110562)
-- Dependencies: 269
-- Data for Name: test_module_answers; Type: TABLE DATA; Schema: public; Owner: postgres
--

COPY public.test_module_answers ("Id", "ModuleId", "Text", "IsCorrect", "CreatedAt", "UpdatedAt") FROM stdin;
\.


--
-- TOC entry 5548 (class 0 OID 110570)
-- Dependencies: 270
-- Data for Name: test_modules; Type: TABLE DATA; Schema: public; Owner: postgres
--

COPY public.test_modules ("Id", "TestId", "Type", "Task", "Description", "MaxPoints", "CreatedAt", "UpdatedAt") FROM stdin;
\.


--
-- TOC entry 5549 (class 0 OID 110581)
-- Dependencies: 271
-- Data for Name: tests; Type: TABLE DATA; Schema: public; Owner: postgres
--

COPY public.tests ("Id", "MaxTime", "CreatedAt", "UpdatedAt") FROM stdin;
\.


--
-- TOC entry 5550 (class 0 OID 110586)
-- Dependencies: 272
-- Data for Name: token_transactions; Type: TABLE DATA; Schema: public; Owner: postgres
--

COPY public.token_transactions ("Id", "TokenCount", "WallId", "EnrollmentId", "InvoiceId", "Type", "CreatedAt", "UpdatedAt") FROM stdin;
98fca9f1-b953-4617-8745-d54a83dfac9f	5	282d2a29-5d3a-4d7a-a034-8f763989a3ba	\N	da4a6c79-5dad-4516-9e29-02b0e2ec5e13	Purchase	2026-04-12 15:16:32.098086+02	\N
6e1daf4a-1556-4bea-9a20-65102bbbf7cd	3	282d2a29-5d3a-4d7a-a034-8f763989a3ba	\N	b0d5ae37-41cf-41d0-86ca-4f7310869a36	Purchase	2026-04-12 18:31:34.321127+02	\N
8c572de1-29f9-4623-b68a-96017677a21e	2	282d2a29-5d3a-4d7a-a034-8f763989a3ba	\N	\N	LessonSpent	2026-04-12 18:33:38.60024+02	\N
6bacf224-7509-4836-9c6e-509858be5de1	2	282d2a29-5d3a-4d7a-a034-8f763989a3ba	\N	\N	Refound	2026-04-12 18:46:42.06197+02	\N
\.


--
-- TOC entry 5551 (class 0 OID 110594)
-- Dependencies: 273
-- Data for Name: tutoring_wall_post_attachments; Type: TABLE DATA; Schema: public; Owner: postgres
--

COPY public.tutoring_wall_post_attachments ("WallPostId", "ContentId") FROM stdin;
\.


--
-- TOC entry 5552 (class 0 OID 110599)
-- Dependencies: 274
-- Data for Name: tutoring_wall_posts; Type: TABLE DATA; Schema: public; Owner: postgres
--

COPY public.tutoring_wall_posts ("Id", "WallId", "Text", "HandInId", "CreatedAt", "UpdatedAt") FROM stdin;
\.


--
-- TOC entry 5553 (class 0 OID 110607)
-- Dependencies: 275
-- Data for Name: tutoring_walls; Type: TABLE DATA; Schema: public; Owner: postgres
--

COPY public.tutoring_walls ("Id", "StudentId", "TeacherId", "CourseId", "Status", "TokenCount", "CreatedAt", "UpdatedAt") FROM stdin;
25346238-6b3b-477e-b800-ced0230ca2eb	629ae0aa-4498-4520-b0ec-b88495f3cd11	11089deb-9b73-4c0b-815b-962bf1f4aaaa	fdc2dafa-d88f-40d9-b204-10e39d027035	Pending	0	2026-04-12 10:12:30.39546+02	\N
282d2a29-5d3a-4d7a-a034-8f763989a3ba	da5211b8-381a-4f4f-a51e-a053765e5563	11089deb-9b73-4c0b-815b-962bf1f4aaaa	fdc2dafa-d88f-40d9-b204-10e39d027035	Active	8	2026-04-10 11:58:44.584734+02	2026-04-12 18:46:42.062023+02
\.


--
-- TOC entry 5554 (class 0 OID 110619)
-- Dependencies: 276
-- Data for Name: wall_post_comments; Type: TABLE DATA; Schema: public; Owner: postgres
--

COPY public.wall_post_comments ("Id", "SenderId", "WallId", "PostId", "Text", "CreatedAt", "UpdatedAt") FROM stdin;
\.


--
-- TOC entry 5560 (class 0 OID 0)
-- Dependencies: 220
-- Name: AspNetRoleClaims_Id_seq; Type: SEQUENCE SET; Schema: public; Owner: postgres
--

SELECT pg_catalog.setval('public."AspNetRoleClaims_Id_seq"', 1, false);


--
-- TOC entry 5561 (class 0 OID 0)
-- Dependencies: 223
-- Name: AspNetUserClaims_Id_seq; Type: SEQUENCE SET; Schema: public; Owner: postgres
--

SELECT pg_catalog.setval('public."AspNetUserClaims_Id_seq"', 1, false);


--
-- TOC entry 5562 (class 0 OID 0)
-- Dependencies: 231
-- Name: PreferenceGroups_Id_seq; Type: SEQUENCE SET; Schema: public; Owner: postgres
--

SELECT pg_catalog.setval('public."PreferenceGroups_Id_seq"', 1, false);


--
-- TOC entry 5563 (class 0 OID 0)
-- Dependencies: 233
-- Name: Preferences_Id_seq; Type: SEQUENCE SET; Schema: public; Owner: postgres
--

SELECT pg_catalog.setval('public."Preferences_Id_seq"', 1, false);


--
-- TOC entry 5564 (class 0 OID 0)
-- Dependencies: 235
-- Name: RefreshTokens_Id_seq; Type: SEQUENCE SET; Schema: public; Owner: postgres
--

SELECT pg_catalog.setval('public."RefreshTokens_Id_seq"', 107, true);


--
-- TOC entry 5077 (class 2606 OID 110631)
-- Name: AspNetRoleClaims PK_AspNetRoleClaims; Type: CONSTRAINT; Schema: public; Owner: postgres
--

ALTER TABLE ONLY public."AspNetRoleClaims"
    ADD CONSTRAINT "PK_AspNetRoleClaims" PRIMARY KEY ("Id");


--
-- TOC entry 5079 (class 2606 OID 110633)
-- Name: AspNetRoles PK_AspNetRoles; Type: CONSTRAINT; Schema: public; Owner: postgres
--

ALTER TABLE ONLY public."AspNetRoles"
    ADD CONSTRAINT "PK_AspNetRoles" PRIMARY KEY ("Id");


--
-- TOC entry 5083 (class 2606 OID 110635)
-- Name: AspNetUserClaims PK_AspNetUserClaims; Type: CONSTRAINT; Schema: public; Owner: postgres
--

ALTER TABLE ONLY public."AspNetUserClaims"
    ADD CONSTRAINT "PK_AspNetUserClaims" PRIMARY KEY ("Id");


--
-- TOC entry 5086 (class 2606 OID 110637)
-- Name: AspNetUserLogins PK_AspNetUserLogins; Type: CONSTRAINT; Schema: public; Owner: postgres
--

ALTER TABLE ONLY public."AspNetUserLogins"
    ADD CONSTRAINT "PK_AspNetUserLogins" PRIMARY KEY ("LoginProvider", "ProviderKey");


--
-- TOC entry 5089 (class 2606 OID 110639)
-- Name: AspNetUserRoles PK_AspNetUserRoles; Type: CONSTRAINT; Schema: public; Owner: postgres
--

ALTER TABLE ONLY public."AspNetUserRoles"
    ADD CONSTRAINT "PK_AspNetUserRoles" PRIMARY KEY ("UserId", "RoleId");


--
-- TOC entry 5091 (class 2606 OID 110641)
-- Name: AspNetUserTokens PK_AspNetUserTokens; Type: CONSTRAINT; Schema: public; Owner: postgres
--

ALTER TABLE ONLY public."AspNetUserTokens"
    ADD CONSTRAINT "PK_AspNetUserTokens" PRIMARY KEY ("UserId", "LoginProvider", "Name");


--
-- TOC entry 5095 (class 2606 OID 110643)
-- Name: AspNetUsers PK_AspNetUsers; Type: CONSTRAINT; Schema: public; Owner: postgres
--

ALTER TABLE ONLY public."AspNetUsers"
    ADD CONSTRAINT "PK_AspNetUsers" PRIMARY KEY ("Id");


--
-- TOC entry 5099 (class 2606 OID 110645)
-- Name: Cities PK_Cities; Type: CONSTRAINT; Schema: public; Owner: postgres
--

ALTER TABLE ONLY public."Cities"
    ADD CONSTRAINT "PK_Cities" PRIMARY KEY ("Id");


--
-- TOC entry 5101 (class 2606 OID 110647)
-- Name: Currencies PK_Currencies; Type: CONSTRAINT; Schema: public; Owner: postgres
--

ALTER TABLE ONLY public."Currencies"
    ADD CONSTRAINT "PK_Currencies" PRIMARY KEY ("Id");


--
-- TOC entry 5103 (class 2606 OID 110649)
-- Name: PreferenceGroups PK_PreferenceGroups; Type: CONSTRAINT; Schema: public; Owner: postgres
--

ALTER TABLE ONLY public."PreferenceGroups"
    ADD CONSTRAINT "PK_PreferenceGroups" PRIMARY KEY ("Id");


--
-- TOC entry 5106 (class 2606 OID 110651)
-- Name: Preferences PK_Preferences; Type: CONSTRAINT; Schema: public; Owner: postgres
--

ALTER TABLE ONLY public."Preferences"
    ADD CONSTRAINT "PK_Preferences" PRIMARY KEY ("Id");


--
-- TOC entry 5110 (class 2606 OID 110653)
-- Name: RefreshTokens PK_RefreshTokens; Type: CONSTRAINT; Schema: public; Owner: postgres
--

ALTER TABLE ONLY public."RefreshTokens"
    ADD CONSTRAINT "PK_RefreshTokens" PRIMARY KEY ("Id");


--
-- TOC entry 5113 (class 2606 OID 110655)
-- Name: UserPreferences PK_UserPreferences; Type: CONSTRAINT; Schema: public; Owner: postgres
--

ALTER TABLE ONLY public."UserPreferences"
    ADD CONSTRAINT "PK_UserPreferences" PRIMARY KEY ("UserId", "PreferenceId");


--
-- TOC entry 5115 (class 2606 OID 110657)
-- Name: __EFMigrationsHistory PK___EFMigrationsHistory; Type: CONSTRAINT; Schema: public; Owner: postgres
--

ALTER TABLE ONLY public."__EFMigrationsHistory"
    ADD CONSTRAINT "PK___EFMigrationsHistory" PRIMARY KEY ("MigrationId");


--
-- TOC entry 5119 (class 2606 OID 110659)
-- Name: chat_messages PK_chat_messages; Type: CONSTRAINT; Schema: public; Owner: postgres
--

ALTER TABLE ONLY public.chat_messages
    ADD CONSTRAINT "PK_chat_messages" PRIMARY KEY ("Id");


--
-- TOC entry 5123 (class 2606 OID 110661)
-- Name: chat_rooms PK_chat_rooms; Type: CONSTRAINT; Schema: public; Owner: postgres
--

ALTER TABLE ONLY public.chat_rooms
    ADD CONSTRAINT "PK_chat_rooms" PRIMARY KEY ("Id");


--
-- TOC entry 5126 (class 2606 OID 110663)
-- Name: community_messages PK_community_messages; Type: CONSTRAINT; Schema: public; Owner: postgres
--

ALTER TABLE ONLY public.community_messages
    ADD CONSTRAINT "PK_community_messages" PRIMARY KEY ("Id");


--
-- TOC entry 5130 (class 2606 OID 110665)
-- Name: community_threads PK_community_threads; Type: CONSTRAINT; Schema: public; Owner: postgres
--

ALTER TABLE ONLY public.community_threads
    ADD CONSTRAINT "PK_community_threads" PRIMARY KEY ("Id");


--
-- TOC entry 5135 (class 2606 OID 110667)
-- Name: content_items PK_content_items; Type: CONSTRAINT; Schema: public; Owner: postgres
--

ALTER TABLE ONLY public.content_items
    ADD CONSTRAINT "PK_content_items" PRIMARY KEY ("Id");


--
-- TOC entry 5138 (class 2606 OID 110669)
-- Name: course_domains PK_course_domains; Type: CONSTRAINT; Schema: public; Owner: postgres
--

ALTER TABLE ONLY public.course_domains
    ADD CONSTRAINT "PK_course_domains" PRIMARY KEY ("Id");


--
-- TOC entry 5144 (class 2606 OID 110671)
-- Name: course_feedbacks PK_course_feedbacks; Type: CONSTRAINT; Schema: public; Owner: postgres
--

ALTER TABLE ONLY public.course_feedbacks
    ADD CONSTRAINT "PK_course_feedbacks" PRIMARY KEY ("Id");


--
-- TOC entry 5147 (class 2606 OID 110673)
-- Name: course_levels PK_course_levels; Type: CONSTRAINT; Schema: public; Owner: postgres
--

ALTER TABLE ONLY public.course_levels
    ADD CONSTRAINT "PK_course_levels" PRIMARY KEY ("Id");


--
-- TOC entry 5150 (class 2606 OID 110675)
-- Name: course_tags PK_course_tags; Type: CONSTRAINT; Schema: public; Owner: postgres
--

ALTER TABLE ONLY public.course_tags
    ADD CONSTRAINT "PK_course_tags" PRIMARY KEY ("Id");


--
-- TOC entry 5154 (class 2606 OID 110677)
-- Name: course_to_places PK_course_to_places; Type: CONSTRAINT; Schema: public; Owner: postgres
--

ALTER TABLE ONLY public.course_to_places
    ADD CONSTRAINT "PK_course_to_places" PRIMARY KEY ("Id");


--
-- TOC entry 5162 (class 2606 OID 110679)
-- Name: courses_base PK_courses_base; Type: CONSTRAINT; Schema: public; Owner: postgres
--

ALTER TABLE ONLY public.courses_base
    ADD CONSTRAINT "PK_courses_base" PRIMARY KEY ("Id");


--
-- TOC entry 5165 (class 2606 OID 110681)
-- Name: courses_to_languages PK_courses_to_languages; Type: CONSTRAINT; Schema: public; Owner: postgres
--

ALTER TABLE ONLY public.courses_to_languages
    ADD CONSTRAINT "PK_courses_to_languages" PRIMARY KEY ("CourseId", "LanguageId");


--
-- TOC entry 5168 (class 2606 OID 110683)
-- Name: courses_to_tags PK_courses_to_tags; Type: CONSTRAINT; Schema: public; Owner: postgres
--

ALTER TABLE ONLY public.courses_to_tags
    ADD CONSTRAINT "PK_courses_to_tags" PRIMARY KEY ("CourseId", "TagId");


--
-- TOC entry 5175 (class 2606 OID 110685)
-- Name: events PK_events; Type: CONSTRAINT; Schema: public; Owner: postgres
--

ALTER TABLE ONLY public.events
    ADD CONSTRAINT "PK_events" PRIMARY KEY ("Id");


--
-- TOC entry 5178 (class 2606 OID 110687)
-- Name: folders PK_folders; Type: CONSTRAINT; Schema: public; Owner: postgres
--

ALTER TABLE ONLY public.folders
    ADD CONSTRAINT "PK_folders" PRIMARY KEY ("Id");


--
-- TOC entry 5182 (class 2606 OID 110689)
-- Name: hand_in_feedbacks PK_hand_in_feedbacks; Type: CONSTRAINT; Schema: public; Owner: postgres
--

ALTER TABLE ONLY public.hand_in_feedbacks
    ADD CONSTRAINT "PK_hand_in_feedbacks" PRIMARY KEY ("Id");


--
-- TOC entry 5185 (class 2606 OID 110691)
-- Name: hand_ins PK_hand_ins; Type: CONSTRAINT; Schema: public; Owner: postgres
--

ALTER TABLE ONLY public.hand_ins
    ADD CONSTRAINT "PK_hand_ins" PRIMARY KEY ("Id");


--
-- TOC entry 5192 (class 2606 OID 110693)
-- Name: invoices PK_invoices; Type: CONSTRAINT; Schema: public; Owner: postgres
--

ALTER TABLE ONLY public.invoices
    ADD CONSTRAINT "PK_invoices" PRIMARY KEY ("Id");


--
-- TOC entry 5195 (class 2606 OID 110695)
-- Name: languages PK_languages; Type: CONSTRAINT; Schema: public; Owner: postgres
--

ALTER TABLE ONLY public.languages
    ADD CONSTRAINT "PK_languages" PRIMARY KEY ("Id");


--
-- TOC entry 5198 (class 2606 OID 110697)
-- Name: learning_path_units PK_learning_path_units; Type: CONSTRAINT; Schema: public; Owner: postgres
--

ALTER TABLE ONLY public.learning_path_units
    ADD CONSTRAINT "PK_learning_path_units" PRIMARY KEY ("Id");


--
-- TOC entry 5202 (class 2606 OID 110699)
-- Name: lessons PK_lessons; Type: CONSTRAINT; Schema: public; Owner: postgres
--

ALTER TABLE ONLY public.lessons
    ADD CONSTRAINT "PK_lessons" PRIMARY KEY ("Id");


--
-- TOC entry 5205 (class 2606 OID 110701)
-- Name: lessons_to_contents PK_lessons_to_contents; Type: CONSTRAINT; Schema: public; Owner: postgres
--

ALTER TABLE ONLY public.lessons_to_contents
    ADD CONSTRAINT "PK_lessons_to_contents" PRIMARY KEY ("LessonId", "ContentId");


--
-- TOC entry 5209 (class 2606 OID 110703)
-- Name: notifications PK_notifications; Type: CONSTRAINT; Schema: public; Owner: postgres
--

ALTER TABLE ONLY public.notifications
    ADD CONSTRAINT "PK_notifications" PRIMARY KEY ("Id");


--
-- TOC entry 5213 (class 2606 OID 110705)
-- Name: path_enrollments PK_path_enrollments; Type: CONSTRAINT; Schema: public; Owner: postgres
--

ALTER TABLE ONLY public.path_enrollments
    ADD CONSTRAINT "PK_path_enrollments" PRIMARY KEY ("Id");


--
-- TOC entry 5216 (class 2606 OID 110707)
-- Name: physical_files PK_physical_files; Type: CONSTRAINT; Schema: public; Owner: postgres
--

ALTER TABLE ONLY public.physical_files
    ADD CONSTRAINT "PK_physical_files" PRIMARY KEY ("Id");


--
-- TOC entry 5219 (class 2606 OID 110709)
-- Name: qualifications PK_qualifications; Type: CONSTRAINT; Schema: public; Owner: postgres
--

ALTER TABLE ONLY public.qualifications
    ADD CONSTRAINT "PK_qualifications" PRIMARY KEY ("Id");


--
-- TOC entry 5221 (class 2606 OID 110711)
-- Name: students PK_students; Type: CONSTRAINT; Schema: public; Owner: postgres
--

ALTER TABLE ONLY public.students
    ADD CONSTRAINT "PK_students" PRIMARY KEY ("UserId");


--
-- TOC entry 5225 (class 2606 OID 110713)
-- Name: submission_attachments PK_submission_attachments; Type: CONSTRAINT; Schema: public; Owner: postgres
--

ALTER TABLE ONLY public.submission_attachments
    ADD CONSTRAINT "PK_submission_attachments" PRIMARY KEY ("Id");


--
-- TOC entry 5230 (class 2606 OID 110715)
-- Name: submissions PK_submissions; Type: CONSTRAINT; Schema: public; Owner: postgres
--

ALTER TABLE ONLY public.submissions
    ADD CONSTRAINT "PK_submissions" PRIMARY KEY ("Id");


--
-- TOC entry 5233 (class 2606 OID 110717)
-- Name: teacher_timeblocks PK_teacher_timeblocks; Type: CONSTRAINT; Schema: public; Owner: postgres
--

ALTER TABLE ONLY public.teacher_timeblocks
    ADD CONSTRAINT "PK_teacher_timeblocks" PRIMARY KEY ("Id");


--
-- TOC entry 5235 (class 2606 OID 110719)
-- Name: teachers PK_teachers; Type: CONSTRAINT; Schema: public; Owner: postgres
--

ALTER TABLE ONLY public.teachers
    ADD CONSTRAINT "PK_teachers" PRIMARY KEY ("TeacherId");


--
-- TOC entry 5238 (class 2606 OID 110721)
-- Name: test_module_answers PK_test_module_answers; Type: CONSTRAINT; Schema: public; Owner: postgres
--

ALTER TABLE ONLY public.test_module_answers
    ADD CONSTRAINT "PK_test_module_answers" PRIMARY KEY ("Id");


--
-- TOC entry 5241 (class 2606 OID 110723)
-- Name: test_modules PK_test_modules; Type: CONSTRAINT; Schema: public; Owner: postgres
--

ALTER TABLE ONLY public.test_modules
    ADD CONSTRAINT "PK_test_modules" PRIMARY KEY ("Id");


--
-- TOC entry 5243 (class 2606 OID 110725)
-- Name: tests PK_tests; Type: CONSTRAINT; Schema: public; Owner: postgres
--

ALTER TABLE ONLY public.tests
    ADD CONSTRAINT "PK_tests" PRIMARY KEY ("Id");


--
-- TOC entry 5248 (class 2606 OID 110727)
-- Name: token_transactions PK_token_transactions; Type: CONSTRAINT; Schema: public; Owner: postgres
--

ALTER TABLE ONLY public.token_transactions
    ADD CONSTRAINT "PK_token_transactions" PRIMARY KEY ("Id");


--
-- TOC entry 5251 (class 2606 OID 110729)
-- Name: tutoring_wall_post_attachments PK_tutoring_wall_post_attachments; Type: CONSTRAINT; Schema: public; Owner: postgres
--

ALTER TABLE ONLY public.tutoring_wall_post_attachments
    ADD CONSTRAINT "PK_tutoring_wall_post_attachments" PRIMARY KEY ("WallPostId", "ContentId");


--
-- TOC entry 5255 (class 2606 OID 110731)
-- Name: tutoring_wall_posts PK_tutoring_wall_posts; Type: CONSTRAINT; Schema: public; Owner: postgres
--

ALTER TABLE ONLY public.tutoring_wall_posts
    ADD CONSTRAINT "PK_tutoring_wall_posts" PRIMARY KEY ("Id");


--
-- TOC entry 5260 (class 2606 OID 110733)
-- Name: tutoring_walls PK_tutoring_walls; Type: CONSTRAINT; Schema: public; Owner: postgres
--

ALTER TABLE ONLY public.tutoring_walls
    ADD CONSTRAINT "PK_tutoring_walls" PRIMARY KEY ("Id");


--
-- TOC entry 5265 (class 2606 OID 110735)
-- Name: wall_post_comments PK_wall_post_comments; Type: CONSTRAINT; Schema: public; Owner: postgres
--

ALTER TABLE ONLY public.wall_post_comments
    ADD CONSTRAINT "PK_wall_post_comments" PRIMARY KEY ("Id");


--
-- TOC entry 5092 (class 1259 OID 110736)
-- Name: EmailIndex; Type: INDEX; Schema: public; Owner: postgres
--

CREATE INDEX "EmailIndex" ON public."AspNetUsers" USING btree ("NormalizedEmail");


--
-- TOC entry 5075 (class 1259 OID 110737)
-- Name: IX_AspNetRoleClaims_RoleId; Type: INDEX; Schema: public; Owner: postgres
--

CREATE INDEX "IX_AspNetRoleClaims_RoleId" ON public."AspNetRoleClaims" USING btree ("RoleId");


--
-- TOC entry 5081 (class 1259 OID 110738)
-- Name: IX_AspNetUserClaims_UserId; Type: INDEX; Schema: public; Owner: postgres
--

CREATE INDEX "IX_AspNetUserClaims_UserId" ON public."AspNetUserClaims" USING btree ("UserId");


--
-- TOC entry 5084 (class 1259 OID 110739)
-- Name: IX_AspNetUserLogins_UserId; Type: INDEX; Schema: public; Owner: postgres
--

CREATE INDEX "IX_AspNetUserLogins_UserId" ON public."AspNetUserLogins" USING btree ("UserId");


--
-- TOC entry 5087 (class 1259 OID 110740)
-- Name: IX_AspNetUserRoles_RoleId; Type: INDEX; Schema: public; Owner: postgres
--

CREATE INDEX "IX_AspNetUserRoles_RoleId" ON public."AspNetUserRoles" USING btree ("RoleId");


--
-- TOC entry 5093 (class 1259 OID 110741)
-- Name: IX_AspNetUsers_ProfilePictureId; Type: INDEX; Schema: public; Owner: postgres
--

CREATE INDEX "IX_AspNetUsers_ProfilePictureId" ON public."AspNetUsers" USING btree ("ProfilePictureId");


--
-- TOC entry 5097 (class 1259 OID 110742)
-- Name: IX_Cities_CityName_PostalCode; Type: INDEX; Schema: public; Owner: postgres
--

CREATE UNIQUE INDEX "IX_Cities_CityName_PostalCode" ON public."Cities" USING btree ("CityName", "PostalCode");


--
-- TOC entry 5169 (class 1259 OID 110743)
-- Name: IX_Events_OrganiserId_EndTime; Type: INDEX; Schema: public; Owner: postgres
--

CREATE INDEX "IX_Events_OrganiserId_EndTime" ON public.events USING btree ("OrganiserId", "EndTime");


--
-- TOC entry 5170 (class 1259 OID 110744)
-- Name: IX_Events_OrganiserId_StartTime; Type: INDEX; Schema: public; Owner: postgres
--

CREATE INDEX "IX_Events_OrganiserId_StartTime" ON public.events USING btree ("OrganiserId", "StartTime");


--
-- TOC entry 5104 (class 1259 OID 110745)
-- Name: IX_Preferences_PreferenceGroupId; Type: INDEX; Schema: public; Owner: postgres
--

CREATE INDEX "IX_Preferences_PreferenceGroupId" ON public."Preferences" USING btree ("PreferenceGroupId");


--
-- TOC entry 5107 (class 1259 OID 110746)
-- Name: IX_RefreshTokens_Token; Type: INDEX; Schema: public; Owner: postgres
--

CREATE UNIQUE INDEX "IX_RefreshTokens_Token" ON public."RefreshTokens" USING btree ("Token");


--
-- TOC entry 5108 (class 1259 OID 110747)
-- Name: IX_RefreshTokens_UserId; Type: INDEX; Schema: public; Owner: postgres
--

CREATE INDEX "IX_RefreshTokens_UserId" ON public."RefreshTokens" USING btree ("UserId");


--
-- TOC entry 5231 (class 1259 OID 110748)
-- Name: IX_TeacherTimeblocks_TeacherId_Start_End; Type: INDEX; Schema: public; Owner: postgres
--

CREATE INDEX "IX_TeacherTimeblocks_TeacherId_Start_End" ON public.teacher_timeblocks USING btree ("TeacherId", "Start", "End");


--
-- TOC entry 5111 (class 1259 OID 110749)
-- Name: IX_UserPreferences_PreferenceId; Type: INDEX; Schema: public; Owner: postgres
--

CREATE INDEX "IX_UserPreferences_PreferenceId" ON public."UserPreferences" USING btree ("PreferenceId");


--
-- TOC entry 5116 (class 1259 OID 110750)
-- Name: IX_chat_messages_ChatId; Type: INDEX; Schema: public; Owner: postgres
--

CREATE INDEX "IX_chat_messages_ChatId" ON public.chat_messages USING btree ("ChatId");


--
-- TOC entry 5117 (class 1259 OID 110751)
-- Name: IX_chat_messages_SenderId; Type: INDEX; Schema: public; Owner: postgres
--

CREATE INDEX "IX_chat_messages_SenderId" ON public.chat_messages USING btree ("SenderId");


--
-- TOC entry 5120 (class 1259 OID 110752)
-- Name: IX_chat_rooms_StudentId; Type: INDEX; Schema: public; Owner: postgres
--

CREATE INDEX "IX_chat_rooms_StudentId" ON public.chat_rooms USING btree ("StudentId");


--
-- TOC entry 5121 (class 1259 OID 110753)
-- Name: IX_chat_rooms_TeacherId; Type: INDEX; Schema: public; Owner: postgres
--

CREATE INDEX "IX_chat_rooms_TeacherId" ON public.chat_rooms USING btree ("TeacherId");


--
-- TOC entry 5124 (class 1259 OID 110754)
-- Name: IX_community_messages_ThreadId; Type: INDEX; Schema: public; Owner: postgres
--

CREATE INDEX "IX_community_messages_ThreadId" ON public.community_messages USING btree ("ThreadId");


--
-- TOC entry 5127 (class 1259 OID 110755)
-- Name: IX_community_threads_CourseId; Type: INDEX; Schema: public; Owner: postgres
--

CREATE UNIQUE INDEX "IX_community_threads_CourseId" ON public.community_threads USING btree ("CourseId");


--
-- TOC entry 5128 (class 1259 OID 110756)
-- Name: IX_community_threads_TeacherId; Type: INDEX; Schema: public; Owner: postgres
--

CREATE INDEX "IX_community_threads_TeacherId" ON public.community_threads USING btree ("TeacherId");


--
-- TOC entry 5131 (class 1259 OID 110757)
-- Name: IX_content_items_FileId; Type: INDEX; Schema: public; Owner: postgres
--

CREATE INDEX "IX_content_items_FileId" ON public.content_items USING btree ("FileId");


--
-- TOC entry 5132 (class 1259 OID 110758)
-- Name: IX_content_items_FolderId; Type: INDEX; Schema: public; Owner: postgres
--

CREATE INDEX "IX_content_items_FolderId" ON public.content_items USING btree ("FolderId");


--
-- TOC entry 5133 (class 1259 OID 110759)
-- Name: IX_content_items_TestId; Type: INDEX; Schema: public; Owner: postgres
--

CREATE INDEX "IX_content_items_TestId" ON public.content_items USING btree ("TestId");


--
-- TOC entry 5136 (class 1259 OID 110760)
-- Name: IX_course_domains_Name; Type: INDEX; Schema: public; Owner: postgres
--

CREATE UNIQUE INDEX "IX_course_domains_Name" ON public.course_domains USING btree ("Name");


--
-- TOC entry 5139 (class 1259 OID 110761)
-- Name: IX_course_feedbacks_CourseId; Type: INDEX; Schema: public; Owner: postgres
--

CREATE INDEX "IX_course_feedbacks_CourseId" ON public.course_feedbacks USING btree ("CourseId");


--
-- TOC entry 5140 (class 1259 OID 110762)
-- Name: IX_course_feedbacks_EnrollmentId; Type: INDEX; Schema: public; Owner: postgres
--

CREATE INDEX "IX_course_feedbacks_EnrollmentId" ON public.course_feedbacks USING btree ("EnrollmentId");


--
-- TOC entry 5141 (class 1259 OID 110763)
-- Name: IX_course_feedbacks_ReviewerId; Type: INDEX; Schema: public; Owner: postgres
--

CREATE INDEX "IX_course_feedbacks_ReviewerId" ON public.course_feedbacks USING btree ("ReviewerId");


--
-- TOC entry 5142 (class 1259 OID 110764)
-- Name: IX_course_feedbacks_WallId; Type: INDEX; Schema: public; Owner: postgres
--

CREATE INDEX "IX_course_feedbacks_WallId" ON public.course_feedbacks USING btree ("WallId");


--
-- TOC entry 5145 (class 1259 OID 110765)
-- Name: IX_course_levels_Name; Type: INDEX; Schema: public; Owner: postgres
--

CREATE UNIQUE INDEX "IX_course_levels_Name" ON public.course_levels USING btree ("Name");


--
-- TOC entry 5148 (class 1259 OID 110766)
-- Name: IX_course_tags_Name; Type: INDEX; Schema: public; Owner: postgres
--

CREATE UNIQUE INDEX "IX_course_tags_Name" ON public.course_tags USING btree ("Name");


--
-- TOC entry 5151 (class 1259 OID 110767)
-- Name: IX_course_to_places_CourseId; Type: INDEX; Schema: public; Owner: postgres
--

CREATE INDEX "IX_course_to_places_CourseId" ON public.course_to_places USING btree ("CourseId");


--
-- TOC entry 5152 (class 1259 OID 110768)
-- Name: IX_course_to_places_PlaceId; Type: INDEX; Schema: public; Owner: postgres
--

CREATE INDEX "IX_course_to_places_PlaceId" ON public.course_to_places USING btree ("PlaceId");


--
-- TOC entry 5155 (class 1259 OID 110769)
-- Name: IX_courses_base_BannerImageId; Type: INDEX; Schema: public; Owner: postgres
--

CREATE INDEX "IX_courses_base_BannerImageId" ON public.courses_base USING btree ("BannerImageId");


--
-- TOC entry 5156 (class 1259 OID 110770)
-- Name: IX_courses_base_CourseDomainId; Type: INDEX; Schema: public; Owner: postgres
--

CREATE INDEX "IX_courses_base_CourseDomainId" ON public.courses_base USING btree ("CourseDomainId");


--
-- TOC entry 5157 (class 1259 OID 110771)
-- Name: IX_courses_base_CourseLevelId; Type: INDEX; Schema: public; Owner: postgres
--

CREATE INDEX "IX_courses_base_CourseLevelId" ON public.courses_base USING btree ("CourseLevelId");


--
-- TOC entry 5158 (class 1259 OID 110772)
-- Name: IX_courses_base_IconImageId; Type: INDEX; Schema: public; Owner: postgres
--

CREATE INDEX "IX_courses_base_IconImageId" ON public.courses_base USING btree ("IconImageId");


--
-- TOC entry 5159 (class 1259 OID 110773)
-- Name: IX_courses_base_PriceCurrencyId; Type: INDEX; Schema: public; Owner: postgres
--

CREATE INDEX "IX_courses_base_PriceCurrencyId" ON public.courses_base USING btree ("PriceCurrencyId");


--
-- TOC entry 5160 (class 1259 OID 110774)
-- Name: IX_courses_base_TeacherId; Type: INDEX; Schema: public; Owner: postgres
--

CREATE INDEX "IX_courses_base_TeacherId" ON public.courses_base USING btree ("TeacherId");


--
-- TOC entry 5163 (class 1259 OID 110775)
-- Name: IX_courses_to_languages_LanguageId; Type: INDEX; Schema: public; Owner: postgres
--

CREATE INDEX "IX_courses_to_languages_LanguageId" ON public.courses_to_languages USING btree ("LanguageId");


--
-- TOC entry 5166 (class 1259 OID 110776)
-- Name: IX_courses_to_tags_TagId; Type: INDEX; Schema: public; Owner: postgres
--

CREATE INDEX "IX_courses_to_tags_TagId" ON public.courses_to_tags USING btree ("TagId");


--
-- TOC entry 5171 (class 1259 OID 110777)
-- Name: IX_events_CourseBaseId; Type: INDEX; Schema: public; Owner: postgres
--

CREATE INDEX "IX_events_CourseBaseId" ON public.events USING btree ("CourseBaseId");


--
-- TOC entry 5172 (class 1259 OID 110778)
-- Name: IX_events_PathEnrollmentId; Type: INDEX; Schema: public; Owner: postgres
--

CREATE INDEX "IX_events_PathEnrollmentId" ON public.events USING btree ("PathEnrollmentId");


--
-- TOC entry 5173 (class 1259 OID 110779)
-- Name: IX_events_TutoringWallId; Type: INDEX; Schema: public; Owner: postgres
--

CREATE INDEX "IX_events_TutoringWallId" ON public.events USING btree ("TutoringWallId");


--
-- TOC entry 5176 (class 1259 OID 110780)
-- Name: IX_folders_ParentFolderId; Type: INDEX; Schema: public; Owner: postgres
--

CREATE INDEX "IX_folders_ParentFolderId" ON public.folders USING btree ("ParentFolderId");


--
-- TOC entry 5179 (class 1259 OID 110781)
-- Name: IX_hand_in_feedbacks_SubmissionId; Type: INDEX; Schema: public; Owner: postgres
--

CREATE UNIQUE INDEX "IX_hand_in_feedbacks_SubmissionId" ON public.hand_in_feedbacks USING btree ("SubmissionId");


--
-- TOC entry 5180 (class 1259 OID 110782)
-- Name: IX_hand_in_feedbacks_TeacherId; Type: INDEX; Schema: public; Owner: postgres
--

CREATE INDEX "IX_hand_in_feedbacks_TeacherId" ON public.hand_in_feedbacks USING btree ("TeacherId");


--
-- TOC entry 5183 (class 1259 OID 110783)
-- Name: IX_hand_ins_WallId; Type: INDEX; Schema: public; Owner: postgres
--

CREATE INDEX "IX_hand_ins_WallId" ON public.hand_ins USING btree ("WallId");


--
-- TOC entry 5186 (class 1259 OID 110784)
-- Name: IX_invoices_CurrencyId; Type: INDEX; Schema: public; Owner: postgres
--

CREATE INDEX "IX_invoices_CurrencyId" ON public.invoices USING btree ("CurrencyId");


--
-- TOC entry 5187 (class 1259 OID 110785)
-- Name: IX_invoices_EnrollmentId; Type: INDEX; Schema: public; Owner: postgres
--

CREATE INDEX "IX_invoices_EnrollmentId" ON public.invoices USING btree ("EnrollmentId");


--
-- TOC entry 5188 (class 1259 OID 110786)
-- Name: IX_invoices_TeacherId; Type: INDEX; Schema: public; Owner: postgres
--

CREATE INDEX "IX_invoices_TeacherId" ON public.invoices USING btree ("TeacherId");


--
-- TOC entry 5189 (class 1259 OID 110787)
-- Name: IX_invoices_UserId; Type: INDEX; Schema: public; Owner: postgres
--

CREATE INDEX "IX_invoices_UserId" ON public.invoices USING btree ("UserId");


--
-- TOC entry 5190 (class 1259 OID 110788)
-- Name: IX_invoices_WallId; Type: INDEX; Schema: public; Owner: postgres
--

CREATE INDEX "IX_invoices_WallId" ON public.invoices USING btree ("WallId");


--
-- TOC entry 5193 (class 1259 OID 110789)
-- Name: IX_languages_Name; Type: INDEX; Schema: public; Owner: postgres
--

CREATE UNIQUE INDEX "IX_languages_Name" ON public.languages USING btree ("Name");


--
-- TOC entry 5196 (class 1259 OID 110790)
-- Name: IX_learning_path_units_CourseId; Type: INDEX; Schema: public; Owner: postgres
--

CREATE INDEX "IX_learning_path_units_CourseId" ON public.learning_path_units USING btree ("CourseId");


--
-- TOC entry 5199 (class 1259 OID 110791)
-- Name: IX_lessons_HandInId; Type: INDEX; Schema: public; Owner: postgres
--

CREATE INDEX "IX_lessons_HandInId" ON public.lessons USING btree ("HandInId");


--
-- TOC entry 5200 (class 1259 OID 110792)
-- Name: IX_lessons_UnitId; Type: INDEX; Schema: public; Owner: postgres
--

CREATE INDEX "IX_lessons_UnitId" ON public.lessons USING btree ("UnitId");


--
-- TOC entry 5203 (class 1259 OID 110793)
-- Name: IX_lessons_to_contents_ContentId; Type: INDEX; Schema: public; Owner: postgres
--

CREATE INDEX "IX_lessons_to_contents_ContentId" ON public.lessons_to_contents USING btree ("ContentId");


--
-- TOC entry 5206 (class 1259 OID 110794)
-- Name: IX_notifications_RecipientId; Type: INDEX; Schema: public; Owner: postgres
--

CREATE INDEX "IX_notifications_RecipientId" ON public.notifications USING btree ("RecipientId");


--
-- TOC entry 5207 (class 1259 OID 110795)
-- Name: IX_notifications_SenderId; Type: INDEX; Schema: public; Owner: postgres
--

CREATE INDEX "IX_notifications_SenderId" ON public.notifications USING btree ("SenderId");


--
-- TOC entry 5210 (class 1259 OID 110796)
-- Name: IX_path_enrollments_AttendantId; Type: INDEX; Schema: public; Owner: postgres
--

CREATE INDEX "IX_path_enrollments_AttendantId" ON public.path_enrollments USING btree ("AttendantId");


--
-- TOC entry 5211 (class 1259 OID 110797)
-- Name: IX_path_enrollments_CourseId; Type: INDEX; Schema: public; Owner: postgres
--

CREATE INDEX "IX_path_enrollments_CourseId" ON public.path_enrollments USING btree ("CourseId");


--
-- TOC entry 5214 (class 1259 OID 111239)
-- Name: IX_physical_files_OwnerId; Type: INDEX; Schema: public; Owner: postgres
--

CREATE INDEX "IX_physical_files_OwnerId" ON public.physical_files USING btree ("OwnerId");


--
-- TOC entry 5217 (class 1259 OID 110798)
-- Name: IX_qualifications_TeacherId; Type: INDEX; Schema: public; Owner: postgres
--

CREATE INDEX "IX_qualifications_TeacherId" ON public.qualifications USING btree ("TeacherId");


--
-- TOC entry 5222 (class 1259 OID 110799)
-- Name: IX_submission_attachments_ContentId; Type: INDEX; Schema: public; Owner: postgres
--

CREATE INDEX "IX_submission_attachments_ContentId" ON public.submission_attachments USING btree ("ContentId");


--
-- TOC entry 5223 (class 1259 OID 110800)
-- Name: IX_submission_attachments_SubmissionId; Type: INDEX; Schema: public; Owner: postgres
--

CREATE INDEX "IX_submission_attachments_SubmissionId" ON public.submission_attachments USING btree ("SubmissionId");


--
-- TOC entry 5226 (class 1259 OID 110801)
-- Name: IX_submissions_HandInId; Type: INDEX; Schema: public; Owner: postgres
--

CREATE INDEX "IX_submissions_HandInId" ON public.submissions USING btree ("HandInId");


--
-- TOC entry 5227 (class 1259 OID 110802)
-- Name: IX_submissions_SubmitterId; Type: INDEX; Schema: public; Owner: postgres
--

CREATE INDEX "IX_submissions_SubmitterId" ON public.submissions USING btree ("SubmitterId");


--
-- TOC entry 5228 (class 1259 OID 110803)
-- Name: IX_submissions_TeacherId; Type: INDEX; Schema: public; Owner: postgres
--

CREATE INDEX "IX_submissions_TeacherId" ON public.submissions USING btree ("TeacherId");


--
-- TOC entry 5236 (class 1259 OID 110804)
-- Name: IX_test_module_answers_ModuleId; Type: INDEX; Schema: public; Owner: postgres
--

CREATE INDEX "IX_test_module_answers_ModuleId" ON public.test_module_answers USING btree ("ModuleId");


--
-- TOC entry 5239 (class 1259 OID 110805)
-- Name: IX_test_modules_TestId; Type: INDEX; Schema: public; Owner: postgres
--

CREATE INDEX "IX_test_modules_TestId" ON public.test_modules USING btree ("TestId");


--
-- TOC entry 5244 (class 1259 OID 110806)
-- Name: IX_token_transactions_EnrollmentId; Type: INDEX; Schema: public; Owner: postgres
--

CREATE INDEX "IX_token_transactions_EnrollmentId" ON public.token_transactions USING btree ("EnrollmentId");


--
-- TOC entry 5245 (class 1259 OID 110807)
-- Name: IX_token_transactions_InvoiceId; Type: INDEX; Schema: public; Owner: postgres
--

CREATE UNIQUE INDEX "IX_token_transactions_InvoiceId" ON public.token_transactions USING btree ("InvoiceId");


--
-- TOC entry 5246 (class 1259 OID 110808)
-- Name: IX_token_transactions_WallId; Type: INDEX; Schema: public; Owner: postgres
--

CREATE INDEX "IX_token_transactions_WallId" ON public.token_transactions USING btree ("WallId");


--
-- TOC entry 5249 (class 1259 OID 110809)
-- Name: IX_tutoring_wall_post_attachments_ContentId; Type: INDEX; Schema: public; Owner: postgres
--

CREATE INDEX "IX_tutoring_wall_post_attachments_ContentId" ON public.tutoring_wall_post_attachments USING btree ("ContentId");


--
-- TOC entry 5252 (class 1259 OID 110810)
-- Name: IX_tutoring_wall_posts_HandInId; Type: INDEX; Schema: public; Owner: postgres
--

CREATE UNIQUE INDEX "IX_tutoring_wall_posts_HandInId" ON public.tutoring_wall_posts USING btree ("HandInId");


--
-- TOC entry 5253 (class 1259 OID 110811)
-- Name: IX_tutoring_wall_posts_WallId; Type: INDEX; Schema: public; Owner: postgres
--

CREATE INDEX "IX_tutoring_wall_posts_WallId" ON public.tutoring_wall_posts USING btree ("WallId");


--
-- TOC entry 5256 (class 1259 OID 110812)
-- Name: IX_tutoring_walls_CourseId; Type: INDEX; Schema: public; Owner: postgres
--

CREATE INDEX "IX_tutoring_walls_CourseId" ON public.tutoring_walls USING btree ("CourseId");


--
-- TOC entry 5257 (class 1259 OID 110813)
-- Name: IX_tutoring_walls_StudentId; Type: INDEX; Schema: public; Owner: postgres
--

CREATE INDEX "IX_tutoring_walls_StudentId" ON public.tutoring_walls USING btree ("StudentId");


--
-- TOC entry 5258 (class 1259 OID 110814)
-- Name: IX_tutoring_walls_TeacherId; Type: INDEX; Schema: public; Owner: postgres
--

CREATE INDEX "IX_tutoring_walls_TeacherId" ON public.tutoring_walls USING btree ("TeacherId");


--
-- TOC entry 5261 (class 1259 OID 110815)
-- Name: IX_wall_post_comments_PostId; Type: INDEX; Schema: public; Owner: postgres
--

CREATE INDEX "IX_wall_post_comments_PostId" ON public.wall_post_comments USING btree ("PostId");


--
-- TOC entry 5262 (class 1259 OID 110816)
-- Name: IX_wall_post_comments_SenderId; Type: INDEX; Schema: public; Owner: postgres
--

CREATE INDEX "IX_wall_post_comments_SenderId" ON public.wall_post_comments USING btree ("SenderId");


--
-- TOC entry 5263 (class 1259 OID 110817)
-- Name: IX_wall_post_comments_WallId; Type: INDEX; Schema: public; Owner: postgres
--

CREATE INDEX "IX_wall_post_comments_WallId" ON public.wall_post_comments USING btree ("WallId");


--
-- TOC entry 5080 (class 1259 OID 110818)
-- Name: RoleNameIndex; Type: INDEX; Schema: public; Owner: postgres
--

CREATE UNIQUE INDEX "RoleNameIndex" ON public."AspNetRoles" USING btree ("NormalizedName");


--
-- TOC entry 5096 (class 1259 OID 110819)
-- Name: UserNameIndex; Type: INDEX; Schema: public; Owner: postgres
--

CREATE UNIQUE INDEX "UserNameIndex" ON public."AspNetUsers" USING btree ("NormalizedUserName");


--
-- TOC entry 5266 (class 2606 OID 110820)
-- Name: AspNetRoleClaims FK_AspNetRoleClaims_AspNetRoles_RoleId; Type: FK CONSTRAINT; Schema: public; Owner: postgres
--

ALTER TABLE ONLY public."AspNetRoleClaims"
    ADD CONSTRAINT "FK_AspNetRoleClaims_AspNetRoles_RoleId" FOREIGN KEY ("RoleId") REFERENCES public."AspNetRoles"("Id") ON DELETE CASCADE;


--
-- TOC entry 5267 (class 2606 OID 110825)
-- Name: AspNetUserClaims FK_AspNetUserClaims_AspNetUsers_UserId; Type: FK CONSTRAINT; Schema: public; Owner: postgres
--

ALTER TABLE ONLY public."AspNetUserClaims"
    ADD CONSTRAINT "FK_AspNetUserClaims_AspNetUsers_UserId" FOREIGN KEY ("UserId") REFERENCES public."AspNetUsers"("Id") ON DELETE CASCADE;


--
-- TOC entry 5268 (class 2606 OID 110830)
-- Name: AspNetUserLogins FK_AspNetUserLogins_AspNetUsers_UserId; Type: FK CONSTRAINT; Schema: public; Owner: postgres
--

ALTER TABLE ONLY public."AspNetUserLogins"
    ADD CONSTRAINT "FK_AspNetUserLogins_AspNetUsers_UserId" FOREIGN KEY ("UserId") REFERENCES public."AspNetUsers"("Id") ON DELETE CASCADE;


--
-- TOC entry 5269 (class 2606 OID 110835)
-- Name: AspNetUserRoles FK_AspNetUserRoles_AspNetRoles_RoleId; Type: FK CONSTRAINT; Schema: public; Owner: postgres
--

ALTER TABLE ONLY public."AspNetUserRoles"
    ADD CONSTRAINT "FK_AspNetUserRoles_AspNetRoles_RoleId" FOREIGN KEY ("RoleId") REFERENCES public."AspNetRoles"("Id") ON DELETE CASCADE;


--
-- TOC entry 5270 (class 2606 OID 110840)
-- Name: AspNetUserRoles FK_AspNetUserRoles_AspNetUsers_UserId; Type: FK CONSTRAINT; Schema: public; Owner: postgres
--

ALTER TABLE ONLY public."AspNetUserRoles"
    ADD CONSTRAINT "FK_AspNetUserRoles_AspNetUsers_UserId" FOREIGN KEY ("UserId") REFERENCES public."AspNetUsers"("Id") ON DELETE CASCADE;


--
-- TOC entry 5271 (class 2606 OID 110845)
-- Name: AspNetUserTokens FK_AspNetUserTokens_AspNetUsers_UserId; Type: FK CONSTRAINT; Schema: public; Owner: postgres
--

ALTER TABLE ONLY public."AspNetUserTokens"
    ADD CONSTRAINT "FK_AspNetUserTokens_AspNetUsers_UserId" FOREIGN KEY ("UserId") REFERENCES public."AspNetUsers"("Id") ON DELETE CASCADE;


--
-- TOC entry 5272 (class 2606 OID 110850)
-- Name: AspNetUsers FK_AspNetUsers_physical_files_ProfilePictureId; Type: FK CONSTRAINT; Schema: public; Owner: postgres
--

ALTER TABLE ONLY public."AspNetUsers"
    ADD CONSTRAINT "FK_AspNetUsers_physical_files_ProfilePictureId" FOREIGN KEY ("ProfilePictureId") REFERENCES public.physical_files("Id");


--
-- TOC entry 5273 (class 2606 OID 110855)
-- Name: Preferences FK_Preferences_PreferenceGroups_PreferenceGroupId; Type: FK CONSTRAINT; Schema: public; Owner: postgres
--

ALTER TABLE ONLY public."Preferences"
    ADD CONSTRAINT "FK_Preferences_PreferenceGroups_PreferenceGroupId" FOREIGN KEY ("PreferenceGroupId") REFERENCES public."PreferenceGroups"("Id") ON DELETE CASCADE;


--
-- TOC entry 5274 (class 2606 OID 110860)
-- Name: RefreshTokens FK_RefreshTokens_AspNetUsers_UserId; Type: FK CONSTRAINT; Schema: public; Owner: postgres
--

ALTER TABLE ONLY public."RefreshTokens"
    ADD CONSTRAINT "FK_RefreshTokens_AspNetUsers_UserId" FOREIGN KEY ("UserId") REFERENCES public."AspNetUsers"("Id") ON DELETE CASCADE;


--
-- TOC entry 5275 (class 2606 OID 110865)
-- Name: UserPreferences FK_UserPreferences_AspNetUsers_UserId; Type: FK CONSTRAINT; Schema: public; Owner: postgres
--

ALTER TABLE ONLY public."UserPreferences"
    ADD CONSTRAINT "FK_UserPreferences_AspNetUsers_UserId" FOREIGN KEY ("UserId") REFERENCES public."AspNetUsers"("Id") ON DELETE CASCADE;


--
-- TOC entry 5276 (class 2606 OID 110870)
-- Name: UserPreferences FK_UserPreferences_Preferences_PreferenceId; Type: FK CONSTRAINT; Schema: public; Owner: postgres
--

ALTER TABLE ONLY public."UserPreferences"
    ADD CONSTRAINT "FK_UserPreferences_Preferences_PreferenceId" FOREIGN KEY ("PreferenceId") REFERENCES public."Preferences"("Id") ON DELETE CASCADE;


--
-- TOC entry 5277 (class 2606 OID 110875)
-- Name: chat_messages FK_chat_messages_AspNetUsers_SenderId; Type: FK CONSTRAINT; Schema: public; Owner: postgres
--

ALTER TABLE ONLY public.chat_messages
    ADD CONSTRAINT "FK_chat_messages_AspNetUsers_SenderId" FOREIGN KEY ("SenderId") REFERENCES public."AspNetUsers"("Id") ON DELETE CASCADE;


--
-- TOC entry 5278 (class 2606 OID 110880)
-- Name: chat_messages FK_chat_messages_chat_rooms_ChatId; Type: FK CONSTRAINT; Schema: public; Owner: postgres
--

ALTER TABLE ONLY public.chat_messages
    ADD CONSTRAINT "FK_chat_messages_chat_rooms_ChatId" FOREIGN KEY ("ChatId") REFERENCES public.chat_rooms("Id") ON DELETE CASCADE;


--
-- TOC entry 5279 (class 2606 OID 110885)
-- Name: chat_rooms FK_chat_rooms_students_StudentId; Type: FK CONSTRAINT; Schema: public; Owner: postgres
--

ALTER TABLE ONLY public.chat_rooms
    ADD CONSTRAINT "FK_chat_rooms_students_StudentId" FOREIGN KEY ("StudentId") REFERENCES public.students("UserId") ON DELETE SET NULL;


--
-- TOC entry 5280 (class 2606 OID 110890)
-- Name: chat_rooms FK_chat_rooms_teachers_TeacherId; Type: FK CONSTRAINT; Schema: public; Owner: postgres
--

ALTER TABLE ONLY public.chat_rooms
    ADD CONSTRAINT "FK_chat_rooms_teachers_TeacherId" FOREIGN KEY ("TeacherId") REFERENCES public.teachers("TeacherId") ON DELETE SET NULL;


--
-- TOC entry 5281 (class 2606 OID 110895)
-- Name: community_messages FK_community_messages_community_threads_ThreadId; Type: FK CONSTRAINT; Schema: public; Owner: postgres
--

ALTER TABLE ONLY public.community_messages
    ADD CONSTRAINT "FK_community_messages_community_threads_ThreadId" FOREIGN KEY ("ThreadId") REFERENCES public.community_threads("Id") ON DELETE CASCADE;


--
-- TOC entry 5282 (class 2606 OID 110900)
-- Name: community_threads FK_community_threads_courses_base_CourseId; Type: FK CONSTRAINT; Schema: public; Owner: postgres
--

ALTER TABLE ONLY public.community_threads
    ADD CONSTRAINT "FK_community_threads_courses_base_CourseId" FOREIGN KEY ("CourseId") REFERENCES public.courses_base("Id") ON DELETE CASCADE;


--
-- TOC entry 5283 (class 2606 OID 110905)
-- Name: community_threads FK_community_threads_teachers_TeacherId; Type: FK CONSTRAINT; Schema: public; Owner: postgres
--

ALTER TABLE ONLY public.community_threads
    ADD CONSTRAINT "FK_community_threads_teachers_TeacherId" FOREIGN KEY ("TeacherId") REFERENCES public.teachers("TeacherId") ON DELETE CASCADE;


--
-- TOC entry 5284 (class 2606 OID 110910)
-- Name: content_items FK_content_items_folders_FolderId; Type: FK CONSTRAINT; Schema: public; Owner: postgres
--

ALTER TABLE ONLY public.content_items
    ADD CONSTRAINT "FK_content_items_folders_FolderId" FOREIGN KEY ("FolderId") REFERENCES public.folders("Id") ON DELETE CASCADE;


--
-- TOC entry 5285 (class 2606 OID 110915)
-- Name: content_items FK_content_items_physical_files_FileId; Type: FK CONSTRAINT; Schema: public; Owner: postgres
--

ALTER TABLE ONLY public.content_items
    ADD CONSTRAINT "FK_content_items_physical_files_FileId" FOREIGN KEY ("FileId") REFERENCES public.physical_files("Id") ON DELETE SET NULL;


--
-- TOC entry 5286 (class 2606 OID 110920)
-- Name: content_items FK_content_items_tests_TestId; Type: FK CONSTRAINT; Schema: public; Owner: postgres
--

ALTER TABLE ONLY public.content_items
    ADD CONSTRAINT "FK_content_items_tests_TestId" FOREIGN KEY ("TestId") REFERENCES public.tests("Id") ON DELETE SET NULL;


--
-- TOC entry 5287 (class 2606 OID 110925)
-- Name: course_feedbacks FK_course_feedbacks_courses_base_CourseId; Type: FK CONSTRAINT; Schema: public; Owner: postgres
--

ALTER TABLE ONLY public.course_feedbacks
    ADD CONSTRAINT "FK_course_feedbacks_courses_base_CourseId" FOREIGN KEY ("CourseId") REFERENCES public.courses_base("Id") ON DELETE CASCADE;


--
-- TOC entry 5288 (class 2606 OID 110930)
-- Name: course_feedbacks FK_course_feedbacks_path_enrollments_EnrollmentId; Type: FK CONSTRAINT; Schema: public; Owner: postgres
--

ALTER TABLE ONLY public.course_feedbacks
    ADD CONSTRAINT "FK_course_feedbacks_path_enrollments_EnrollmentId" FOREIGN KEY ("EnrollmentId") REFERENCES public.path_enrollments("Id") ON DELETE SET NULL;


--
-- TOC entry 5289 (class 2606 OID 110935)
-- Name: course_feedbacks FK_course_feedbacks_students_ReviewerId; Type: FK CONSTRAINT; Schema: public; Owner: postgres
--

ALTER TABLE ONLY public.course_feedbacks
    ADD CONSTRAINT "FK_course_feedbacks_students_ReviewerId" FOREIGN KEY ("ReviewerId") REFERENCES public.students("UserId") ON DELETE CASCADE;


--
-- TOC entry 5290 (class 2606 OID 110940)
-- Name: course_feedbacks FK_course_feedbacks_tutoring_walls_WallId; Type: FK CONSTRAINT; Schema: public; Owner: postgres
--

ALTER TABLE ONLY public.course_feedbacks
    ADD CONSTRAINT "FK_course_feedbacks_tutoring_walls_WallId" FOREIGN KEY ("WallId") REFERENCES public.tutoring_walls("Id") ON DELETE SET NULL;


--
-- TOC entry 5291 (class 2606 OID 110945)
-- Name: course_to_places FK_course_to_places_Cities_PlaceId; Type: FK CONSTRAINT; Schema: public; Owner: postgres
--

ALTER TABLE ONLY public.course_to_places
    ADD CONSTRAINT "FK_course_to_places_Cities_PlaceId" FOREIGN KEY ("PlaceId") REFERENCES public."Cities"("Id") ON DELETE CASCADE;


--
-- TOC entry 5292 (class 2606 OID 110950)
-- Name: course_to_places FK_course_to_places_courses_base_CourseId; Type: FK CONSTRAINT; Schema: public; Owner: postgres
--

ALTER TABLE ONLY public.course_to_places
    ADD CONSTRAINT "FK_course_to_places_courses_base_CourseId" FOREIGN KEY ("CourseId") REFERENCES public.courses_base("Id") ON DELETE CASCADE;


--
-- TOC entry 5293 (class 2606 OID 110955)
-- Name: courses_base FK_courses_base_Currencies_PriceCurrencyId; Type: FK CONSTRAINT; Schema: public; Owner: postgres
--

ALTER TABLE ONLY public.courses_base
    ADD CONSTRAINT "FK_courses_base_Currencies_PriceCurrencyId" FOREIGN KEY ("PriceCurrencyId") REFERENCES public."Currencies"("Id") ON DELETE RESTRICT;


--
-- TOC entry 5294 (class 2606 OID 110960)
-- Name: courses_base FK_courses_base_course_domains_CourseDomainId; Type: FK CONSTRAINT; Schema: public; Owner: postgres
--

ALTER TABLE ONLY public.courses_base
    ADD CONSTRAINT "FK_courses_base_course_domains_CourseDomainId" FOREIGN KEY ("CourseDomainId") REFERENCES public.course_domains("Id") ON DELETE RESTRICT;


--
-- TOC entry 5295 (class 2606 OID 110965)
-- Name: courses_base FK_courses_base_course_levels_CourseLevelId; Type: FK CONSTRAINT; Schema: public; Owner: postgres
--

ALTER TABLE ONLY public.courses_base
    ADD CONSTRAINT "FK_courses_base_course_levels_CourseLevelId" FOREIGN KEY ("CourseLevelId") REFERENCES public.course_levels("Id") ON DELETE RESTRICT;


--
-- TOC entry 5296 (class 2606 OID 110970)
-- Name: courses_base FK_courses_base_physical_files_BannerImageId; Type: FK CONSTRAINT; Schema: public; Owner: postgres
--

ALTER TABLE ONLY public.courses_base
    ADD CONSTRAINT "FK_courses_base_physical_files_BannerImageId" FOREIGN KEY ("BannerImageId") REFERENCES public.physical_files("Id") ON DELETE SET NULL;


--
-- TOC entry 5297 (class 2606 OID 110975)
-- Name: courses_base FK_courses_base_physical_files_IconImageId; Type: FK CONSTRAINT; Schema: public; Owner: postgres
--

ALTER TABLE ONLY public.courses_base
    ADD CONSTRAINT "FK_courses_base_physical_files_IconImageId" FOREIGN KEY ("IconImageId") REFERENCES public.physical_files("Id") ON DELETE SET NULL;


--
-- TOC entry 5298 (class 2606 OID 110980)
-- Name: courses_base FK_courses_base_teachers_TeacherId; Type: FK CONSTRAINT; Schema: public; Owner: postgres
--

ALTER TABLE ONLY public.courses_base
    ADD CONSTRAINT "FK_courses_base_teachers_TeacherId" FOREIGN KEY ("TeacherId") REFERENCES public.teachers("TeacherId") ON DELETE RESTRICT;


--
-- TOC entry 5299 (class 2606 OID 110985)
-- Name: courses_to_languages FK_courses_to_languages_courses_base_CourseId; Type: FK CONSTRAINT; Schema: public; Owner: postgres
--

ALTER TABLE ONLY public.courses_to_languages
    ADD CONSTRAINT "FK_courses_to_languages_courses_base_CourseId" FOREIGN KEY ("CourseId") REFERENCES public.courses_base("Id") ON DELETE CASCADE;


--
-- TOC entry 5300 (class 2606 OID 110990)
-- Name: courses_to_languages FK_courses_to_languages_languages_LanguageId; Type: FK CONSTRAINT; Schema: public; Owner: postgres
--

ALTER TABLE ONLY public.courses_to_languages
    ADD CONSTRAINT "FK_courses_to_languages_languages_LanguageId" FOREIGN KEY ("LanguageId") REFERENCES public.languages("Id") ON DELETE SET NULL;


--
-- TOC entry 5301 (class 2606 OID 110995)
-- Name: courses_to_tags FK_courses_to_tags_course_tags_TagId; Type: FK CONSTRAINT; Schema: public; Owner: postgres
--

ALTER TABLE ONLY public.courses_to_tags
    ADD CONSTRAINT "FK_courses_to_tags_course_tags_TagId" FOREIGN KEY ("TagId") REFERENCES public.course_tags("Id") ON DELETE CASCADE;


--
-- TOC entry 5302 (class 2606 OID 111000)
-- Name: courses_to_tags FK_courses_to_tags_courses_base_CourseId; Type: FK CONSTRAINT; Schema: public; Owner: postgres
--

ALTER TABLE ONLY public.courses_to_tags
    ADD CONSTRAINT "FK_courses_to_tags_courses_base_CourseId" FOREIGN KEY ("CourseId") REFERENCES public.courses_base("Id") ON DELETE CASCADE;


--
-- TOC entry 5303 (class 2606 OID 111005)
-- Name: events FK_events_courses_base_CourseBaseId; Type: FK CONSTRAINT; Schema: public; Owner: postgres
--

ALTER TABLE ONLY public.events
    ADD CONSTRAINT "FK_events_courses_base_CourseBaseId" FOREIGN KEY ("CourseBaseId") REFERENCES public.courses_base("Id") ON DELETE SET NULL;


--
-- TOC entry 5304 (class 2606 OID 111010)
-- Name: events FK_events_path_enrollments_PathEnrollmentId; Type: FK CONSTRAINT; Schema: public; Owner: postgres
--

ALTER TABLE ONLY public.events
    ADD CONSTRAINT "FK_events_path_enrollments_PathEnrollmentId" FOREIGN KEY ("PathEnrollmentId") REFERENCES public.path_enrollments("Id") ON DELETE SET NULL;


--
-- TOC entry 5305 (class 2606 OID 111015)
-- Name: events FK_events_teachers_OrganiserId; Type: FK CONSTRAINT; Schema: public; Owner: postgres
--

ALTER TABLE ONLY public.events
    ADD CONSTRAINT "FK_events_teachers_OrganiserId" FOREIGN KEY ("OrganiserId") REFERENCES public.teachers("TeacherId") ON DELETE RESTRICT;


--
-- TOC entry 5306 (class 2606 OID 111020)
-- Name: events FK_events_tutoring_walls_TutoringWallId; Type: FK CONSTRAINT; Schema: public; Owner: postgres
--

ALTER TABLE ONLY public.events
    ADD CONSTRAINT "FK_events_tutoring_walls_TutoringWallId" FOREIGN KEY ("TutoringWallId") REFERENCES public.tutoring_walls("Id") ON DELETE SET NULL;


--
-- TOC entry 5307 (class 2606 OID 111025)
-- Name: folders FK_folders_folders_ParentFolderId; Type: FK CONSTRAINT; Schema: public; Owner: postgres
--

ALTER TABLE ONLY public.folders
    ADD CONSTRAINT "FK_folders_folders_ParentFolderId" FOREIGN KEY ("ParentFolderId") REFERENCES public.folders("Id") ON DELETE CASCADE;


--
-- TOC entry 5308 (class 2606 OID 111030)
-- Name: hand_in_feedbacks FK_hand_in_feedbacks_submissions_SubmissionId; Type: FK CONSTRAINT; Schema: public; Owner: postgres
--

ALTER TABLE ONLY public.hand_in_feedbacks
    ADD CONSTRAINT "FK_hand_in_feedbacks_submissions_SubmissionId" FOREIGN KEY ("SubmissionId") REFERENCES public.submissions("Id") ON DELETE CASCADE;


--
-- TOC entry 5309 (class 2606 OID 111035)
-- Name: hand_in_feedbacks FK_hand_in_feedbacks_teachers_TeacherId; Type: FK CONSTRAINT; Schema: public; Owner: postgres
--

ALTER TABLE ONLY public.hand_in_feedbacks
    ADD CONSTRAINT "FK_hand_in_feedbacks_teachers_TeacherId" FOREIGN KEY ("TeacherId") REFERENCES public.teachers("TeacherId");


--
-- TOC entry 5310 (class 2606 OID 111040)
-- Name: hand_ins FK_hand_ins_tutoring_walls_WallId; Type: FK CONSTRAINT; Schema: public; Owner: postgres
--

ALTER TABLE ONLY public.hand_ins
    ADD CONSTRAINT "FK_hand_ins_tutoring_walls_WallId" FOREIGN KEY ("WallId") REFERENCES public.tutoring_walls("Id") ON DELETE CASCADE;


--
-- TOC entry 5311 (class 2606 OID 111045)
-- Name: invoices FK_invoices_AspNetUsers_TeacherId; Type: FK CONSTRAINT; Schema: public; Owner: postgres
--

ALTER TABLE ONLY public.invoices
    ADD CONSTRAINT "FK_invoices_AspNetUsers_TeacherId" FOREIGN KEY ("TeacherId") REFERENCES public."AspNetUsers"("Id") ON DELETE RESTRICT;


--
-- TOC entry 5312 (class 2606 OID 111050)
-- Name: invoices FK_invoices_AspNetUsers_UserId; Type: FK CONSTRAINT; Schema: public; Owner: postgres
--

ALTER TABLE ONLY public.invoices
    ADD CONSTRAINT "FK_invoices_AspNetUsers_UserId" FOREIGN KEY ("UserId") REFERENCES public."AspNetUsers"("Id") ON DELETE RESTRICT;


--
-- TOC entry 5313 (class 2606 OID 111055)
-- Name: invoices FK_invoices_Currencies_CurrencyId; Type: FK CONSTRAINT; Schema: public; Owner: postgres
--

ALTER TABLE ONLY public.invoices
    ADD CONSTRAINT "FK_invoices_Currencies_CurrencyId" FOREIGN KEY ("CurrencyId") REFERENCES public."Currencies"("Id") ON DELETE RESTRICT;


--
-- TOC entry 5314 (class 2606 OID 111060)
-- Name: invoices FK_invoices_path_enrollments_EnrollmentId; Type: FK CONSTRAINT; Schema: public; Owner: postgres
--

ALTER TABLE ONLY public.invoices
    ADD CONSTRAINT "FK_invoices_path_enrollments_EnrollmentId" FOREIGN KEY ("EnrollmentId") REFERENCES public.path_enrollments("Id") ON DELETE RESTRICT;


--
-- TOC entry 5315 (class 2606 OID 111065)
-- Name: invoices FK_invoices_tutoring_walls_WallId; Type: FK CONSTRAINT; Schema: public; Owner: postgres
--

ALTER TABLE ONLY public.invoices
    ADD CONSTRAINT "FK_invoices_tutoring_walls_WallId" FOREIGN KEY ("WallId") REFERENCES public.tutoring_walls("Id") ON DELETE RESTRICT;


--
-- TOC entry 5316 (class 2606 OID 111070)
-- Name: learning_path_units FK_learning_path_units_courses_base_CourseId; Type: FK CONSTRAINT; Schema: public; Owner: postgres
--

ALTER TABLE ONLY public.learning_path_units
    ADD CONSTRAINT "FK_learning_path_units_courses_base_CourseId" FOREIGN KEY ("CourseId") REFERENCES public.courses_base("Id") ON DELETE CASCADE;


--
-- TOC entry 5317 (class 2606 OID 111075)
-- Name: lessons FK_lessons_hand_ins_HandInId; Type: FK CONSTRAINT; Schema: public; Owner: postgres
--

ALTER TABLE ONLY public.lessons
    ADD CONSTRAINT "FK_lessons_hand_ins_HandInId" FOREIGN KEY ("HandInId") REFERENCES public.hand_ins("Id") ON DELETE SET NULL;


--
-- TOC entry 5318 (class 2606 OID 111080)
-- Name: lessons FK_lessons_learning_path_units_UnitId; Type: FK CONSTRAINT; Schema: public; Owner: postgres
--

ALTER TABLE ONLY public.lessons
    ADD CONSTRAINT "FK_lessons_learning_path_units_UnitId" FOREIGN KEY ("UnitId") REFERENCES public.learning_path_units("Id") ON DELETE CASCADE;


--
-- TOC entry 5319 (class 2606 OID 111085)
-- Name: lessons_to_contents FK_lessons_to_contents_content_items_ContentId; Type: FK CONSTRAINT; Schema: public; Owner: postgres
--

ALTER TABLE ONLY public.lessons_to_contents
    ADD CONSTRAINT "FK_lessons_to_contents_content_items_ContentId" FOREIGN KEY ("ContentId") REFERENCES public.content_items("Id") ON DELETE CASCADE;


--
-- TOC entry 5320 (class 2606 OID 111090)
-- Name: lessons_to_contents FK_lessons_to_contents_lessons_LessonId; Type: FK CONSTRAINT; Schema: public; Owner: postgres
--

ALTER TABLE ONLY public.lessons_to_contents
    ADD CONSTRAINT "FK_lessons_to_contents_lessons_LessonId" FOREIGN KEY ("LessonId") REFERENCES public.lessons("Id") ON DELETE CASCADE;


--
-- TOC entry 5321 (class 2606 OID 111095)
-- Name: notifications FK_notifications_AspNetUsers_RecipientId; Type: FK CONSTRAINT; Schema: public; Owner: postgres
--

ALTER TABLE ONLY public.notifications
    ADD CONSTRAINT "FK_notifications_AspNetUsers_RecipientId" FOREIGN KEY ("RecipientId") REFERENCES public."AspNetUsers"("Id") ON DELETE CASCADE;


--
-- TOC entry 5322 (class 2606 OID 111100)
-- Name: notifications FK_notifications_AspNetUsers_SenderId; Type: FK CONSTRAINT; Schema: public; Owner: postgres
--

ALTER TABLE ONLY public.notifications
    ADD CONSTRAINT "FK_notifications_AspNetUsers_SenderId" FOREIGN KEY ("SenderId") REFERENCES public."AspNetUsers"("Id") ON DELETE SET NULL;


--
-- TOC entry 5323 (class 2606 OID 111105)
-- Name: path_enrollments FK_path_enrollments_courses_base_CourseId; Type: FK CONSTRAINT; Schema: public; Owner: postgres
--

ALTER TABLE ONLY public.path_enrollments
    ADD CONSTRAINT "FK_path_enrollments_courses_base_CourseId" FOREIGN KEY ("CourseId") REFERENCES public.courses_base("Id") ON DELETE RESTRICT;


--
-- TOC entry 5324 (class 2606 OID 111110)
-- Name: path_enrollments FK_path_enrollments_students_AttendantId; Type: FK CONSTRAINT; Schema: public; Owner: postgres
--

ALTER TABLE ONLY public.path_enrollments
    ADD CONSTRAINT "FK_path_enrollments_students_AttendantId" FOREIGN KEY ("AttendantId") REFERENCES public.students("UserId") ON DELETE RESTRICT;


--
-- TOC entry 5325 (class 2606 OID 111240)
-- Name: physical_files FK_physical_files_AspNetUsers_OwnerId; Type: FK CONSTRAINT; Schema: public; Owner: postgres
--

ALTER TABLE ONLY public.physical_files
    ADD CONSTRAINT "FK_physical_files_AspNetUsers_OwnerId" FOREIGN KEY ("OwnerId") REFERENCES public."AspNetUsers"("Id") ON DELETE CASCADE;


--
-- TOC entry 5326 (class 2606 OID 111115)
-- Name: qualifications FK_qualifications_teachers_TeacherId; Type: FK CONSTRAINT; Schema: public; Owner: postgres
--

ALTER TABLE ONLY public.qualifications
    ADD CONSTRAINT "FK_qualifications_teachers_TeacherId" FOREIGN KEY ("TeacherId") REFERENCES public.teachers("TeacherId") ON DELETE CASCADE;


--
-- TOC entry 5327 (class 2606 OID 111120)
-- Name: students FK_students_AspNetUsers_UserId; Type: FK CONSTRAINT; Schema: public; Owner: postgres
--

ALTER TABLE ONLY public.students
    ADD CONSTRAINT "FK_students_AspNetUsers_UserId" FOREIGN KEY ("UserId") REFERENCES public."AspNetUsers"("Id") ON DELETE CASCADE;


--
-- TOC entry 5328 (class 2606 OID 111125)
-- Name: submission_attachments FK_submission_attachments_content_items_ContentId; Type: FK CONSTRAINT; Schema: public; Owner: postgres
--

ALTER TABLE ONLY public.submission_attachments
    ADD CONSTRAINT "FK_submission_attachments_content_items_ContentId" FOREIGN KEY ("ContentId") REFERENCES public.content_items("Id") ON DELETE CASCADE;


--
-- TOC entry 5329 (class 2606 OID 111130)
-- Name: submission_attachments FK_submission_attachments_submissions_SubmissionId; Type: FK CONSTRAINT; Schema: public; Owner: postgres
--

ALTER TABLE ONLY public.submission_attachments
    ADD CONSTRAINT "FK_submission_attachments_submissions_SubmissionId" FOREIGN KEY ("SubmissionId") REFERENCES public.submissions("Id") ON DELETE CASCADE;


--
-- TOC entry 5330 (class 2606 OID 111135)
-- Name: submissions FK_submissions_hand_ins_HandInId; Type: FK CONSTRAINT; Schema: public; Owner: postgres
--

ALTER TABLE ONLY public.submissions
    ADD CONSTRAINT "FK_submissions_hand_ins_HandInId" FOREIGN KEY ("HandInId") REFERENCES public.hand_ins("Id") ON DELETE CASCADE;


--
-- TOC entry 5331 (class 2606 OID 111140)
-- Name: submissions FK_submissions_students_SubmitterId; Type: FK CONSTRAINT; Schema: public; Owner: postgres
--

ALTER TABLE ONLY public.submissions
    ADD CONSTRAINT "FK_submissions_students_SubmitterId" FOREIGN KEY ("SubmitterId") REFERENCES public.students("UserId") ON DELETE CASCADE;


--
-- TOC entry 5332 (class 2606 OID 111145)
-- Name: submissions FK_submissions_teachers_TeacherId; Type: FK CONSTRAINT; Schema: public; Owner: postgres
--

ALTER TABLE ONLY public.submissions
    ADD CONSTRAINT "FK_submissions_teachers_TeacherId" FOREIGN KEY ("TeacherId") REFERENCES public.teachers("TeacherId") ON DELETE CASCADE;


--
-- TOC entry 5333 (class 2606 OID 111150)
-- Name: teacher_timeblocks FK_teacher_timeblocks_teachers_TeacherId; Type: FK CONSTRAINT; Schema: public; Owner: postgres
--

ALTER TABLE ONLY public.teacher_timeblocks
    ADD CONSTRAINT "FK_teacher_timeblocks_teachers_TeacherId" FOREIGN KEY ("TeacherId") REFERENCES public.teachers("TeacherId") ON DELETE CASCADE;


--
-- TOC entry 5334 (class 2606 OID 111155)
-- Name: teachers FK_teachers_AspNetUsers_TeacherId; Type: FK CONSTRAINT; Schema: public; Owner: postgres
--

ALTER TABLE ONLY public.teachers
    ADD CONSTRAINT "FK_teachers_AspNetUsers_TeacherId" FOREIGN KEY ("TeacherId") REFERENCES public."AspNetUsers"("Id") ON DELETE CASCADE;


--
-- TOC entry 5335 (class 2606 OID 111160)
-- Name: test_module_answers FK_test_module_answers_test_modules_ModuleId; Type: FK CONSTRAINT; Schema: public; Owner: postgres
--

ALTER TABLE ONLY public.test_module_answers
    ADD CONSTRAINT "FK_test_module_answers_test_modules_ModuleId" FOREIGN KEY ("ModuleId") REFERENCES public.test_modules("Id") ON DELETE CASCADE;


--
-- TOC entry 5336 (class 2606 OID 111165)
-- Name: test_modules FK_test_modules_tests_TestId; Type: FK CONSTRAINT; Schema: public; Owner: postgres
--

ALTER TABLE ONLY public.test_modules
    ADD CONSTRAINT "FK_test_modules_tests_TestId" FOREIGN KEY ("TestId") REFERENCES public.tests("Id") ON DELETE CASCADE;


--
-- TOC entry 5337 (class 2606 OID 111170)
-- Name: token_transactions FK_token_transactions_invoices_InvoiceId; Type: FK CONSTRAINT; Schema: public; Owner: postgres
--

ALTER TABLE ONLY public.token_transactions
    ADD CONSTRAINT "FK_token_transactions_invoices_InvoiceId" FOREIGN KEY ("InvoiceId") REFERENCES public.invoices("Id") ON DELETE RESTRICT;


--
-- TOC entry 5338 (class 2606 OID 111175)
-- Name: token_transactions FK_token_transactions_path_enrollments_EnrollmentId; Type: FK CONSTRAINT; Schema: public; Owner: postgres
--

ALTER TABLE ONLY public.token_transactions
    ADD CONSTRAINT "FK_token_transactions_path_enrollments_EnrollmentId" FOREIGN KEY ("EnrollmentId") REFERENCES public.path_enrollments("Id") ON DELETE RESTRICT;


--
-- TOC entry 5339 (class 2606 OID 111180)
-- Name: token_transactions FK_token_transactions_tutoring_walls_WallId; Type: FK CONSTRAINT; Schema: public; Owner: postgres
--

ALTER TABLE ONLY public.token_transactions
    ADD CONSTRAINT "FK_token_transactions_tutoring_walls_WallId" FOREIGN KEY ("WallId") REFERENCES public.tutoring_walls("Id") ON DELETE RESTRICT;


--
-- TOC entry 5340 (class 2606 OID 111185)
-- Name: tutoring_wall_post_attachments FK_tutoring_wall_post_attachments_content_items_ContentId; Type: FK CONSTRAINT; Schema: public; Owner: postgres
--

ALTER TABLE ONLY public.tutoring_wall_post_attachments
    ADD CONSTRAINT "FK_tutoring_wall_post_attachments_content_items_ContentId" FOREIGN KEY ("ContentId") REFERENCES public.content_items("Id") ON DELETE CASCADE;


--
-- TOC entry 5341 (class 2606 OID 111190)
-- Name: tutoring_wall_post_attachments FK_tutoring_wall_post_attachments_tutoring_wall_posts_WallPost~; Type: FK CONSTRAINT; Schema: public; Owner: postgres
--

ALTER TABLE ONLY public.tutoring_wall_post_attachments
    ADD CONSTRAINT "FK_tutoring_wall_post_attachments_tutoring_wall_posts_WallPost~" FOREIGN KEY ("WallPostId") REFERENCES public.tutoring_wall_posts("Id") ON DELETE CASCADE;


--
-- TOC entry 5342 (class 2606 OID 111195)
-- Name: tutoring_wall_posts FK_tutoring_wall_posts_hand_ins_HandInId; Type: FK CONSTRAINT; Schema: public; Owner: postgres
--

ALTER TABLE ONLY public.tutoring_wall_posts
    ADD CONSTRAINT "FK_tutoring_wall_posts_hand_ins_HandInId" FOREIGN KEY ("HandInId") REFERENCES public.hand_ins("Id") ON DELETE RESTRICT;


--
-- TOC entry 5343 (class 2606 OID 111200)
-- Name: tutoring_wall_posts FK_tutoring_wall_posts_tutoring_walls_WallId; Type: FK CONSTRAINT; Schema: public; Owner: postgres
--

ALTER TABLE ONLY public.tutoring_wall_posts
    ADD CONSTRAINT "FK_tutoring_wall_posts_tutoring_walls_WallId" FOREIGN KEY ("WallId") REFERENCES public.tutoring_walls("Id") ON DELETE CASCADE;


--
-- TOC entry 5344 (class 2606 OID 111205)
-- Name: tutoring_walls FK_tutoring_walls_courses_base_CourseId; Type: FK CONSTRAINT; Schema: public; Owner: postgres
--

ALTER TABLE ONLY public.tutoring_walls
    ADD CONSTRAINT "FK_tutoring_walls_courses_base_CourseId" FOREIGN KEY ("CourseId") REFERENCES public.courses_base("Id") ON DELETE RESTRICT;


--
-- TOC entry 5345 (class 2606 OID 111210)
-- Name: tutoring_walls FK_tutoring_walls_students_StudentId; Type: FK CONSTRAINT; Schema: public; Owner: postgres
--

ALTER TABLE ONLY public.tutoring_walls
    ADD CONSTRAINT "FK_tutoring_walls_students_StudentId" FOREIGN KEY ("StudentId") REFERENCES public.students("UserId") ON DELETE CASCADE;


--
-- TOC entry 5346 (class 2606 OID 111215)
-- Name: tutoring_walls FK_tutoring_walls_teachers_TeacherId; Type: FK CONSTRAINT; Schema: public; Owner: postgres
--

ALTER TABLE ONLY public.tutoring_walls
    ADD CONSTRAINT "FK_tutoring_walls_teachers_TeacherId" FOREIGN KEY ("TeacherId") REFERENCES public.teachers("TeacherId") ON DELETE CASCADE;


--
-- TOC entry 5347 (class 2606 OID 111220)
-- Name: wall_post_comments FK_wall_post_comments_AspNetUsers_SenderId; Type: FK CONSTRAINT; Schema: public; Owner: postgres
--

ALTER TABLE ONLY public.wall_post_comments
    ADD CONSTRAINT "FK_wall_post_comments_AspNetUsers_SenderId" FOREIGN KEY ("SenderId") REFERENCES public."AspNetUsers"("Id") ON DELETE CASCADE;


--
-- TOC entry 5348 (class 2606 OID 111225)
-- Name: wall_post_comments FK_wall_post_comments_tutoring_wall_posts_PostId; Type: FK CONSTRAINT; Schema: public; Owner: postgres
--

ALTER TABLE ONLY public.wall_post_comments
    ADD CONSTRAINT "FK_wall_post_comments_tutoring_wall_posts_PostId" FOREIGN KEY ("PostId") REFERENCES public.tutoring_wall_posts("Id") ON DELETE CASCADE;


--
-- TOC entry 5349 (class 2606 OID 111230)
-- Name: wall_post_comments FK_wall_post_comments_tutoring_walls_WallId; Type: FK CONSTRAINT; Schema: public; Owner: postgres
--

ALTER TABLE ONLY public.wall_post_comments
    ADD CONSTRAINT "FK_wall_post_comments_tutoring_walls_WallId" FOREIGN KEY ("WallId") REFERENCES public.tutoring_walls("Id") ON DELETE CASCADE;


-- Completed on 2026-04-16 09:38:10

--
-- PostgreSQL database dump complete
--

\unrestrict gjp8bcwYRJKhLR0vq2zaUUvyKAMEW6OfTNXHev2JVBpL7TNOjiDCUseD2uWsNdA

