--
-- PostgreSQL database dump
--

\restrict 00euRbJNmXrC2sUo2fRiwZk1KzXudpQuPziHMeMwbKzxwnkqFFaLfujzyxnVoJW

-- Dumped from database version 18.3
-- Dumped by pg_dump version 18.2

-- Started on 2026-04-19 18:21:21

SET statement_timeout = 0;
SET lock_timeout = 0;
SET idle_in_transaction_session_timeout = 0;
SET transaction_timeout = 0;
SET client_encoding = 'UTF8';
SET standard_conforming_strings = on;
SELECT pg_catalog.set_config('search_path', '', false);
SET check_function_bodies = false;
SET xmloption = content;
SET client_min_messages = warning;
SET row_security = off;

SET default_tablespace = '';

SET default_table_access_method = heap;

--
-- TOC entry 219 (class 1259 OID 16385)
-- Name: AspNetRoleClaims; Type: TABLE; Schema: public; Owner: postgres
--

CREATE TABLE public."AspNetRoleClaims" (
    "Id" integer NOT NULL,
    "RoleId" text NOT NULL,
    "ClaimType" text,
    "ClaimValue" text
);


ALTER TABLE public."AspNetRoleClaims" OWNER TO postgres;

--
-- TOC entry 220 (class 1259 OID 16392)
-- Name: AspNetRoleClaims_Id_seq; Type: SEQUENCE; Schema: public; Owner: postgres
--

ALTER TABLE public."AspNetRoleClaims" ALTER COLUMN "Id" ADD GENERATED BY DEFAULT AS IDENTITY (
    SEQUENCE NAME public."AspNetRoleClaims_Id_seq"
    START WITH 1
    INCREMENT BY 1
    NO MINVALUE
    NO MAXVALUE
    CACHE 1
);


--
-- TOC entry 221 (class 1259 OID 16393)
-- Name: AspNetRoles; Type: TABLE; Schema: public; Owner: postgres
--

CREATE TABLE public."AspNetRoles" (
    "Id" text NOT NULL,
    "Name" character varying(256),
    "NormalizedName" character varying(256),
    "ConcurrencyStamp" text
);


ALTER TABLE public."AspNetRoles" OWNER TO postgres;

--
-- TOC entry 222 (class 1259 OID 16399)
-- Name: AspNetUserClaims; Type: TABLE; Schema: public; Owner: postgres
--

CREATE TABLE public."AspNetUserClaims" (
    "Id" integer NOT NULL,
    "UserId" text NOT NULL,
    "ClaimType" text,
    "ClaimValue" text
);


ALTER TABLE public."AspNetUserClaims" OWNER TO postgres;

--
-- TOC entry 223 (class 1259 OID 16406)
-- Name: AspNetUserClaims_Id_seq; Type: SEQUENCE; Schema: public; Owner: postgres
--

ALTER TABLE public."AspNetUserClaims" ALTER COLUMN "Id" ADD GENERATED BY DEFAULT AS IDENTITY (
    SEQUENCE NAME public."AspNetUserClaims_Id_seq"
    START WITH 1
    INCREMENT BY 1
    NO MINVALUE
    NO MAXVALUE
    CACHE 1
);


--
-- TOC entry 224 (class 1259 OID 16407)
-- Name: AspNetUserLogins; Type: TABLE; Schema: public; Owner: postgres
--

CREATE TABLE public."AspNetUserLogins" (
    "LoginProvider" text NOT NULL,
    "ProviderKey" text NOT NULL,
    "ProviderDisplayName" text,
    "UserId" text NOT NULL
);


ALTER TABLE public."AspNetUserLogins" OWNER TO postgres;

--
-- TOC entry 225 (class 1259 OID 16415)
-- Name: AspNetUserRoles; Type: TABLE; Schema: public; Owner: postgres
--

CREATE TABLE public."AspNetUserRoles" (
    "UserId" text NOT NULL,
    "RoleId" text NOT NULL
);


ALTER TABLE public."AspNetUserRoles" OWNER TO postgres;

--
-- TOC entry 226 (class 1259 OID 16422)
-- Name: AspNetUserTokens; Type: TABLE; Schema: public; Owner: postgres
--

CREATE TABLE public."AspNetUserTokens" (
    "UserId" text NOT NULL,
    "LoginProvider" text NOT NULL,
    "Name" text NOT NULL,
    "Value" text
);


ALTER TABLE public."AspNetUserTokens" OWNER TO postgres;

--
-- TOC entry 227 (class 1259 OID 16430)
-- Name: AspNetUsers; Type: TABLE; Schema: public; Owner: postgres
--

CREATE TABLE public."AspNetUsers" (
    "Id" text NOT NULL,
    "FullName" text NOT NULL,
    "DateOfBirth" timestamp with time zone NOT NULL,
    "Address" text NOT NULL,
    "City" text NOT NULL,
    "PostalCode" text NOT NULL,
    "ProfilePictureId" uuid,
    "Introduction" text,
    "Nickname" text,
    "UserName" character varying(256),
    "NormalizedUserName" character varying(256),
    "Email" character varying(256),
    "NormalizedEmail" character varying(256),
    "EmailConfirmed" boolean NOT NULL,
    "PasswordHash" text,
    "SecurityStamp" text,
    "ConcurrencyStamp" text,
    "PhoneNumber" text,
    "PhoneNumberConfirmed" boolean NOT NULL,
    "TwoFactorEnabled" boolean NOT NULL,
    "LockoutEnd" timestamp with time zone,
    "LockoutEnabled" boolean NOT NULL,
    "AccessFailedCount" integer NOT NULL
);


ALTER TABLE public."AspNetUsers" OWNER TO postgres;

--
-- TOC entry 228 (class 1259 OID 16446)
-- Name: Cities; Type: TABLE; Schema: public; Owner: postgres
--

CREATE TABLE public."Cities" (
    "Id" uuid NOT NULL,
    "CityName" text NOT NULL,
    "PostalCode" character(4) NOT NULL
);


ALTER TABLE public."Cities" OWNER TO postgres;

--
-- TOC entry 229 (class 1259 OID 16454)
-- Name: Currencies; Type: TABLE; Schema: public; Owner: postgres
--

CREATE TABLE public."Currencies" (
    "Id" uuid NOT NULL,
    "Name" text NOT NULL,
    "CurrencyCode" text NOT NULL,
    "CurrencySymbol" text NOT NULL
);


ALTER TABLE public."Currencies" OWNER TO postgres;

--
-- TOC entry 230 (class 1259 OID 16463)
-- Name: PreferenceGroups; Type: TABLE; Schema: public; Owner: postgres
--

CREATE TABLE public."PreferenceGroups" (
    "Id" integer NOT NULL,
    "Name" text NOT NULL
);


ALTER TABLE public."PreferenceGroups" OWNER TO postgres;

--
-- TOC entry 231 (class 1259 OID 16470)
-- Name: PreferenceGroups_Id_seq; Type: SEQUENCE; Schema: public; Owner: postgres
--

ALTER TABLE public."PreferenceGroups" ALTER COLUMN "Id" ADD GENERATED BY DEFAULT AS IDENTITY (
    SEQUENCE NAME public."PreferenceGroups_Id_seq"
    START WITH 1
    INCREMENT BY 1
    NO MINVALUE
    NO MAXVALUE
    CACHE 1
);


--
-- TOC entry 232 (class 1259 OID 16471)
-- Name: Preferences; Type: TABLE; Schema: public; Owner: postgres
--

CREATE TABLE public."Preferences" (
    "Id" integer NOT NULL,
    "Name" text NOT NULL,
    "PreferenceGroupId" integer NOT NULL
);


ALTER TABLE public."Preferences" OWNER TO postgres;

--
-- TOC entry 233 (class 1259 OID 16479)
-- Name: Preferences_Id_seq; Type: SEQUENCE; Schema: public; Owner: postgres
--

ALTER TABLE public."Preferences" ALTER COLUMN "Id" ADD GENERATED BY DEFAULT AS IDENTITY (
    SEQUENCE NAME public."Preferences_Id_seq"
    START WITH 1
    INCREMENT BY 1
    NO MINVALUE
    NO MAXVALUE
    CACHE 1
);


--
-- TOC entry 234 (class 1259 OID 16480)
-- Name: RefreshTokens; Type: TABLE; Schema: public; Owner: postgres
--

CREATE TABLE public."RefreshTokens" (
    "Id" integer NOT NULL,
    "Token" text NOT NULL,
    "UserId" text NOT NULL,
    "ExpiresAt" timestamp with time zone NOT NULL,
    "IsRevoked" boolean NOT NULL,
    "CreatedAt" timestamp with time zone NOT NULL
);


ALTER TABLE public."RefreshTokens" OWNER TO postgres;

--
-- TOC entry 235 (class 1259 OID 16491)
-- Name: RefreshTokens_Id_seq; Type: SEQUENCE; Schema: public; Owner: postgres
--

ALTER TABLE public."RefreshTokens" ALTER COLUMN "Id" ADD GENERATED BY DEFAULT AS IDENTITY (
    SEQUENCE NAME public."RefreshTokens_Id_seq"
    START WITH 1
    INCREMENT BY 1
    NO MINVALUE
    NO MAXVALUE
    CACHE 1
);


--
-- TOC entry 236 (class 1259 OID 16492)
-- Name: UserPreferences; Type: TABLE; Schema: public; Owner: postgres
--

CREATE TABLE public."UserPreferences" (
    "UserId" text NOT NULL,
    "PreferenceId" integer NOT NULL
);


ALTER TABLE public."UserPreferences" OWNER TO postgres;

--
-- TOC entry 237 (class 1259 OID 16499)
-- Name: __EFMigrationsHistory; Type: TABLE; Schema: public; Owner: postgres
--

CREATE TABLE public."__EFMigrationsHistory" (
    "MigrationId" character varying(150) NOT NULL,
    "ProductVersion" character varying(32) NOT NULL
);


ALTER TABLE public."__EFMigrationsHistory" OWNER TO postgres;

--
-- TOC entry 238 (class 1259 OID 16504)
-- Name: chat_messages; Type: TABLE; Schema: public; Owner: postgres
--

CREATE TABLE public.chat_messages (
    "Id" uuid NOT NULL,
    "SenderId" text NOT NULL,
    "Text" text NOT NULL,
    "ChatId" uuid NOT NULL,
    "CreatedAt" timestamp with time zone NOT NULL,
    "UpdatedAt" timestamp with time zone,
    "ReadAt" timestamp with time zone
);


ALTER TABLE public.chat_messages OWNER TO postgres;

--
-- TOC entry 239 (class 1259 OID 16514)
-- Name: chat_rooms; Type: TABLE; Schema: public; Owner: postgres
--

CREATE TABLE public.chat_rooms (
    "Id" uuid NOT NULL,
    "StudentId" text,
    "TeacherId" text,
    "CreatedAt" timestamp with time zone NOT NULL,
    "UpdatedAt" timestamp with time zone
);


ALTER TABLE public.chat_rooms OWNER TO postgres;

--
-- TOC entry 240 (class 1259 OID 16521)
-- Name: community_messages; Type: TABLE; Schema: public; Owner: postgres
--

CREATE TABLE public.community_messages (
    "Id" uuid NOT NULL,
    "SenderId" text NOT NULL,
    "Text" text NOT NULL,
    "ThreadId" uuid NOT NULL,
    "CreatedAt" timestamp with time zone NOT NULL,
    "UpdatedAt" timestamp with time zone
);


ALTER TABLE public.community_messages OWNER TO postgres;

--
-- TOC entry 241 (class 1259 OID 16531)
-- Name: community_threads; Type: TABLE; Schema: public; Owner: postgres
--

CREATE TABLE public.community_threads (
    "Id" uuid NOT NULL,
    "CourseId" uuid NOT NULL,
    "TeacherId" text NOT NULL,
    "CreatedAt" timestamp with time zone NOT NULL,
    "UpdatedAt" timestamp with time zone
);


ALTER TABLE public.community_threads OWNER TO postgres;

--
-- TOC entry 242 (class 1259 OID 16540)
-- Name: content_items; Type: TABLE; Schema: public; Owner: postgres
--

CREATE TABLE public.content_items (
    "Id" uuid NOT NULL,
    "DisplayedName" character varying(255) NOT NULL,
    "FolderId" uuid NOT NULL,
    "Type" character varying(50) NOT NULL,
    "Description" text,
    "FileId" uuid,
    "TestId" uuid,
    "CreatedAt" timestamp with time zone NOT NULL,
    "UpdatedAt" timestamp with time zone,
    CONSTRAINT "CK_ContentItem_SingleContext" CHECK ((((("FileId" IS NOT NULL))::integer + (("TestId" IS NOT NULL))::integer) = 1))
);


ALTER TABLE public.content_items OWNER TO postgres;

--
-- TOC entry 243 (class 1259 OID 16551)
-- Name: course_domains; Type: TABLE; Schema: public; Owner: postgres
--

CREATE TABLE public.course_domains (
    "Id" uuid NOT NULL,
    "Name" character varying(100) NOT NULL,
    "CreatedAt" timestamp with time zone NOT NULL,
    "UpdatedAt" timestamp with time zone
);


ALTER TABLE public.course_domains OWNER TO postgres;

--
-- TOC entry 244 (class 1259 OID 16557)
-- Name: course_feedbacks; Type: TABLE; Schema: public; Owner: postgres
--

CREATE TABLE public.course_feedbacks (
    "Id" uuid NOT NULL,
    "CourseId" uuid NOT NULL,
    "ReviewerId" text NOT NULL,
    "Recommended" boolean NOT NULL,
    "Text" text NOT NULL,
    "WallId" uuid,
    "EnrollmentId" uuid,
    "ReviewScore" integer NOT NULL,
    "CreatedAt" timestamp with time zone NOT NULL,
    "UpdatedAt" timestamp with time zone,
    CONSTRAINT "CK_CourseReviews_SingleContext" CHECK ((("WallId" IS NOT NULL) OR ("EnrollmentId" IS NOT NULL)))
);


ALTER TABLE public.course_feedbacks OWNER TO postgres;

--
-- TOC entry 245 (class 1259 OID 16570)
-- Name: course_levels; Type: TABLE; Schema: public; Owner: postgres
--

CREATE TABLE public.course_levels (
    "Id" uuid NOT NULL,
    "Name" character varying(100) NOT NULL,
    "CreatedAt" timestamp with time zone NOT NULL,
    "UpdatedAt" timestamp with time zone
);


ALTER TABLE public.course_levels OWNER TO postgres;

--
-- TOC entry 246 (class 1259 OID 16576)
-- Name: course_tags; Type: TABLE; Schema: public; Owner: postgres
--

CREATE TABLE public.course_tags (
    "Id" uuid NOT NULL,
    "Name" character varying(100) NOT NULL,
    "CreatedAt" timestamp with time zone NOT NULL,
    "UpdatedAt" timestamp with time zone
);


ALTER TABLE public.course_tags OWNER TO postgres;

--
-- TOC entry 247 (class 1259 OID 16582)
-- Name: course_to_places; Type: TABLE; Schema: public; Owner: postgres
--

CREATE TABLE public.course_to_places (
    "Id" uuid NOT NULL,
    "CourseId" uuid NOT NULL,
    "PlaceId" uuid,
    "Online" boolean NOT NULL,
    "CreatedAt" timestamp with time zone NOT NULL,
    "UpdatedAt" timestamp with time zone
);


ALTER TABLE public.course_to_places OWNER TO postgres;

--
-- TOC entry 248 (class 1259 OID 16589)
-- Name: courses_base; Type: TABLE; Schema: public; Owner: postgres
--

CREATE TABLE public.courses_base (
    "Id" uuid NOT NULL,
    "TeacherId" text NOT NULL,
    "CourseName" character varying(200) NOT NULL,
    "Description" text NOT NULL,
    "TokenMinuteValue" integer NOT NULL,
    "Type" character varying(50) NOT NULL,
    "CourseDomainId" uuid NOT NULL,
    "CourseLevelId" uuid NOT NULL,
    "Price" numeric(18,2) NOT NULL,
    "FirstConsultationFree" boolean NOT NULL,
    "PriceCurrencyId" uuid NOT NULL,
    "Status" character varying(50) NOT NULL,
    "IconImageId" uuid,
    "BannerImageId" uuid,
    "CreatedAt" timestamp with time zone NOT NULL,
    "UpdatedAt" timestamp with time zone
);


ALTER TABLE public.courses_base OWNER TO postgres;

--
-- TOC entry 249 (class 1259 OID 16607)
-- Name: courses_to_languages; Type: TABLE; Schema: public; Owner: postgres
--

CREATE TABLE public.courses_to_languages (
    "CourseId" uuid NOT NULL,
    "LanguageId" uuid NOT NULL
);


ALTER TABLE public.courses_to_languages OWNER TO postgres;

--
-- TOC entry 250 (class 1259 OID 16612)
-- Name: courses_to_tags; Type: TABLE; Schema: public; Owner: postgres
--

CREATE TABLE public.courses_to_tags (
    "TagId" uuid NOT NULL,
    "CourseId" uuid NOT NULL
);


ALTER TABLE public.courses_to_tags OWNER TO postgres;

--
-- TOC entry 251 (class 1259 OID 16617)
-- Name: events; Type: TABLE; Schema: public; Owner: postgres
--

CREATE TABLE public.events (
    "Id" uuid NOT NULL,
    "OrganiserId" text NOT NULL,
    "Type" character varying(50) NOT NULL,
    "StartTime" timestamp with time zone NOT NULL,
    "EndTime" timestamp with time zone NOT NULL,
    "CourseBaseId" uuid NOT NULL,
    "TutoringWallId" uuid,
    "PathEnrollmentId" uuid,
    "Title" character varying(100),
    "Description" text,
    "CreatedAt" timestamp with time zone NOT NULL,
    "UpdatedAt" timestamp with time zone,
    CONSTRAINT "CK_Events_SingleContext" CHECK ((("CourseBaseId" IS NOT NULL) AND ((("PathEnrollmentId" IS NOT NULL) AND ("TutoringWallId" IS NULL)) OR (("TutoringWallId" IS NOT NULL) AND ("PathEnrollmentId" IS NULL)) OR (("PathEnrollmentId" IS NULL) AND ("TutoringWallId" IS NULL)))))
);


ALTER TABLE public.events OWNER TO postgres;

--
-- TOC entry 252 (class 1259 OID 16630)
-- Name: folders; Type: TABLE; Schema: public; Owner: postgres
--

CREATE TABLE public.folders (
    "Id" uuid NOT NULL,
    "Name" character varying(200) NOT NULL,
    "ParentFolderId" uuid,
    "OwnerId" character varying(450) NOT NULL,
    "CreatedAt" timestamp with time zone NOT NULL,
    "UpdatedAt" timestamp with time zone
);


ALTER TABLE public.folders OWNER TO postgres;

--
-- TOC entry 253 (class 1259 OID 16639)
-- Name: hand_in_feedbacks; Type: TABLE; Schema: public; Owner: postgres
--

CREATE TABLE public.hand_in_feedbacks (
    "Id" uuid NOT NULL,
    "Text" text,
    "Grade" integer,
    "Points" integer,
    "SubmissionId" uuid NOT NULL,
    "GraderId" text NOT NULL,
    "TeacherId" text,
    "CreatedAt" timestamp with time zone NOT NULL,
    "UpdatedAt" timestamp with time zone
);


ALTER TABLE public.hand_in_feedbacks OWNER TO postgres;

--
-- TOC entry 254 (class 1259 OID 16648)
-- Name: hand_ins; Type: TABLE; Schema: public; Owner: postgres
--

CREATE TABLE public.hand_ins (
    "Id" uuid NOT NULL,
    "Title" text NOT NULL,
    "DueDate" timestamp with time zone,
    "Type" character varying(50) NOT NULL,
    "MaxPoints" integer,
    "WallId" uuid NOT NULL,
    "CreatedAt" timestamp with time zone NOT NULL,
    "UpdatedAt" timestamp with time zone
);


ALTER TABLE public.hand_ins OWNER TO postgres;

--
-- TOC entry 255 (class 1259 OID 16658)
-- Name: invoices; Type: TABLE; Schema: public; Owner: postgres
--

CREATE TABLE public.invoices (
    "Id" uuid NOT NULL,
    "TokenCount" integer NOT NULL,
    "WallId" uuid,
    "EnrollmentId" uuid,
    "Status" character varying(50) NOT NULL,
    "PaidPrice" numeric(18,2) NOT NULL,
    "CurrencyId" uuid NOT NULL,
    "UserId" text NOT NULL,
    "CreatedAt" timestamp with time zone NOT NULL,
    "UpdatedAt" timestamp with time zone,
    "TeacherId" text DEFAULT ''::text NOT NULL,
    CONSTRAINT "CK_Invoices_SingleContext" CHECK ((((("WallId" IS NOT NULL))::integer + (("EnrollmentId" IS NOT NULL))::integer) = 1))
);


ALTER TABLE public.invoices OWNER TO postgres;

--
-- TOC entry 256 (class 1259 OID 16673)
-- Name: languages; Type: TABLE; Schema: public; Owner: postgres
--

CREATE TABLE public.languages (
    "Id" uuid NOT NULL,
    "Name" character varying(100) NOT NULL,
    "CreatedAt" timestamp with time zone NOT NULL,
    "UpdatedAt" timestamp with time zone
);


ALTER TABLE public.languages OWNER TO postgres;

--
-- TOC entry 257 (class 1259 OID 16679)
-- Name: learning_path_units; Type: TABLE; Schema: public; Owner: postgres
--

CREATE TABLE public.learning_path_units (
    "Id" uuid NOT NULL,
    "CourseId" uuid NOT NULL,
    "Name" character varying(200) NOT NULL,
    "Description" text NOT NULL,
    "CreatedAt" timestamp with time zone NOT NULL,
    "UpdatedAt" timestamp with time zone
);


ALTER TABLE public.learning_path_units OWNER TO postgres;

--
-- TOC entry 258 (class 1259 OID 16689)
-- Name: lessons; Type: TABLE; Schema: public; Owner: postgres
--

CREATE TABLE public.lessons (
    "Id" uuid NOT NULL,
    "UnitId" uuid NOT NULL,
    "Title" character varying(200) NOT NULL,
    "Description" text NOT NULL,
    "HandInId" uuid,
    "CreatedAt" timestamp with time zone NOT NULL,
    "UpdatedAt" timestamp with time zone
);


ALTER TABLE public.lessons OWNER TO postgres;

--
-- TOC entry 259 (class 1259 OID 16699)
-- Name: lessons_to_contents; Type: TABLE; Schema: public; Owner: postgres
--

CREATE TABLE public.lessons_to_contents (
    "LessonId" uuid NOT NULL,
    "ContentId" uuid NOT NULL
);


ALTER TABLE public.lessons_to_contents OWNER TO postgres;

--
-- TOC entry 260 (class 1259 OID 16704)
-- Name: notifications; Type: TABLE; Schema: public; Owner: postgres
--

CREATE TABLE public.notifications (
    "Id" uuid NOT NULL,
    "RecipientId" text NOT NULL,
    "SenderId" text,
    "Message" character varying(500),
    "Type" character varying(50) NOT NULL,
    "ReferenceId" uuid NOT NULL,
    "ReferenceText" text,
    "IsRead" boolean NOT NULL,
    "ReadAt" timestamp with time zone,
    "CreatedAt" timestamp with time zone NOT NULL,
    "UpdatedAt" timestamp with time zone
);


ALTER TABLE public.notifications OWNER TO postgres;

--
-- TOC entry 261 (class 1259 OID 16715)
-- Name: path_enrollments; Type: TABLE; Schema: public; Owner: postgres
--

CREATE TABLE public.path_enrollments (
    "Id" uuid NOT NULL,
    "CourseId" uuid NOT NULL,
    "AttendantId" text NOT NULL,
    "LastLessonId" uuid,
    "Status" character varying(50) NOT NULL,
    "TokenCount" integer NOT NULL,
    "CreatedAt" timestamp with time zone NOT NULL,
    "UpdatedAt" timestamp with time zone
);


ALTER TABLE public.path_enrollments OWNER TO postgres;

--
-- TOC entry 262 (class 1259 OID 16726)
-- Name: physical_files; Type: TABLE; Schema: public; Owner: postgres
--

CREATE TABLE public.physical_files (
    "Id" uuid NOT NULL,
    "StoragePath" text NOT NULL,
    "FileName" text NOT NULL,
    "MimeType" character varying(100) NOT NULL,
    "Size" numeric NOT NULL,
    "CreatedAt" timestamp with time zone NOT NULL,
    "UpdatedAt" timestamp with time zone,
    "OwnerId" text DEFAULT ''::text NOT NULL
);


ALTER TABLE public.physical_files OWNER TO postgres;

--
-- TOC entry 263 (class 1259 OID 16739)
-- Name: qualifications; Type: TABLE; Schema: public; Owner: postgres
--

CREATE TABLE public.qualifications (
    "Id" uuid NOT NULL,
    "TeacherId" text NOT NULL,
    "FileId" uuid NOT NULL,
    "Approved" boolean NOT NULL,
    "QualificationType" character varying(255) NOT NULL,
    "CreatedAt" timestamp with time zone NOT NULL,
    "UpdatedAt" timestamp with time zone
);


ALTER TABLE public.qualifications OWNER TO postgres;

--
-- TOC entry 264 (class 1259 OID 16750)
-- Name: students; Type: TABLE; Schema: public; Owner: postgres
--

CREATE TABLE public.students (
    "UserId" text NOT NULL
);


ALTER TABLE public.students OWNER TO postgres;

--
-- TOC entry 265 (class 1259 OID 16756)
-- Name: submission_attachments; Type: TABLE; Schema: public; Owner: postgres
--

CREATE TABLE public.submission_attachments (
    "Id" uuid NOT NULL,
    "SubmissionId" uuid NOT NULL,
    "ContentId" uuid NOT NULL,
    "CreatedAt" timestamp with time zone NOT NULL,
    "UpdatedAt" timestamp with time zone
);


ALTER TABLE public.submission_attachments OWNER TO postgres;

--
-- TOC entry 266 (class 1259 OID 16763)
-- Name: submissions; Type: TABLE; Schema: public; Owner: postgres
--

CREATE TABLE public.submissions (
    "Id" uuid NOT NULL,
    "Text" text,
    "HandInId" uuid NOT NULL,
    "SubmitterId" text NOT NULL,
    "TeacherId" text,
    "CreatedAt" timestamp with time zone NOT NULL,
    "UpdatedAt" timestamp with time zone
);


ALTER TABLE public.submissions OWNER TO postgres;

--
-- TOC entry 267 (class 1259 OID 16772)
-- Name: teacher_timeblocks; Type: TABLE; Schema: public; Owner: postgres
--

CREATE TABLE public.teacher_timeblocks (
    "Id" uuid NOT NULL,
    "TeacherId" text NOT NULL,
    "Start" timestamp with time zone NOT NULL,
    "End" timestamp with time zone NOT NULL,
    "CreatedAt" timestamp with time zone NOT NULL,
    "UpdatedAt" timestamp with time zone
);


ALTER TABLE public.teacher_timeblocks OWNER TO postgres;

--
-- TOC entry 268 (class 1259 OID 16782)
-- Name: teachers; Type: TABLE; Schema: public; Owner: postgres
--

CREATE TABLE public.teachers (
    "TeacherId" text NOT NULL
);


ALTER TABLE public.teachers OWNER TO postgres;

--
-- TOC entry 269 (class 1259 OID 16788)
-- Name: test_module_answers; Type: TABLE; Schema: public; Owner: postgres
--

CREATE TABLE public.test_module_answers (
    "Id" uuid NOT NULL,
    "ModuleId" uuid NOT NULL,
    "Text" character varying(255) NOT NULL,
    "IsCorrect" boolean NOT NULL,
    "CreatedAt" timestamp with time zone NOT NULL,
    "UpdatedAt" timestamp with time zone
);


ALTER TABLE public.test_module_answers OWNER TO postgres;

--
-- TOC entry 270 (class 1259 OID 16796)
-- Name: test_modules; Type: TABLE; Schema: public; Owner: postgres
--

CREATE TABLE public.test_modules (
    "Id" uuid NOT NULL,
    "TestId" uuid NOT NULL,
    "Type" character varying(50) NOT NULL,
    "Task" character varying(255) NOT NULL,
    "Description" character varying(500) NOT NULL,
    "MaxPoints" integer,
    "CreatedAt" timestamp with time zone NOT NULL,
    "UpdatedAt" timestamp with time zone
);


ALTER TABLE public.test_modules OWNER TO postgres;

--
-- TOC entry 271 (class 1259 OID 16807)
-- Name: tests; Type: TABLE; Schema: public; Owner: postgres
--

CREATE TABLE public.tests (
    "Id" uuid NOT NULL,
    "MaxTime" time without time zone,
    "CreatedAt" timestamp with time zone NOT NULL,
    "UpdatedAt" timestamp with time zone
);


ALTER TABLE public.tests OWNER TO postgres;

--
-- TOC entry 272 (class 1259 OID 16812)
-- Name: token_transactions; Type: TABLE; Schema: public; Owner: postgres
--

CREATE TABLE public.token_transactions (
    "Id" uuid NOT NULL,
    "TokenCount" integer NOT NULL,
    "WallId" uuid,
    "EnrollmentId" uuid,
    "InvoiceId" uuid,
    "Type" character varying(50) NOT NULL,
    "CreatedAt" timestamp with time zone NOT NULL,
    "UpdatedAt" timestamp with time zone,
    CONSTRAINT "CK_TokenTransaction_SingleContext" CHECK ((((("WallId" IS NOT NULL))::integer + (("EnrollmentId" IS NOT NULL))::integer) = 1))
);


ALTER TABLE public.token_transactions OWNER TO postgres;

--
-- TOC entry 273 (class 1259 OID 16820)
-- Name: tutoring_wall_post_attachments; Type: TABLE; Schema: public; Owner: postgres
--

CREATE TABLE public.tutoring_wall_post_attachments (
    "WallPostId" uuid NOT NULL,
    "ContentId" uuid NOT NULL
);


ALTER TABLE public.tutoring_wall_post_attachments OWNER TO postgres;

--
-- TOC entry 274 (class 1259 OID 16825)
-- Name: tutoring_wall_posts; Type: TABLE; Schema: public; Owner: postgres
--

CREATE TABLE public.tutoring_wall_posts (
    "Id" uuid NOT NULL,
    "WallId" uuid NOT NULL,
    "Text" text,
    "HandInId" uuid,
    "CreatedAt" timestamp with time zone NOT NULL,
    "UpdatedAt" timestamp with time zone
);


ALTER TABLE public.tutoring_wall_posts OWNER TO postgres;

--
-- TOC entry 275 (class 1259 OID 16833)
-- Name: tutoring_walls; Type: TABLE; Schema: public; Owner: postgres
--

CREATE TABLE public.tutoring_walls (
    "Id" uuid NOT NULL,
    "StudentId" text NOT NULL,
    "TeacherId" text NOT NULL,
    "CourseId" uuid NOT NULL,
    "Status" character varying(50) NOT NULL,
    "TokenCount" integer NOT NULL,
    "CreatedAt" timestamp with time zone NOT NULL,
    "UpdatedAt" timestamp with time zone
);


ALTER TABLE public.tutoring_walls OWNER TO postgres;

--
-- TOC entry 276 (class 1259 OID 16845)
-- Name: wall_post_comments; Type: TABLE; Schema: public; Owner: postgres
--

CREATE TABLE public.wall_post_comments (
    "Id" uuid NOT NULL,
    "SenderId" text NOT NULL,
    "WallId" uuid NOT NULL,
    "PostId" uuid NOT NULL,
    "Text" text NOT NULL,
    "CreatedAt" timestamp with time zone NOT NULL,
    "UpdatedAt" timestamp with time zone
);


ALTER TABLE public.wall_post_comments OWNER TO postgres;

--
-- TOC entry 3927 (class 0 OID 16385)
-- Dependencies: 219
-- Data for Name: AspNetRoleClaims; Type: TABLE DATA; Schema: public; Owner: postgres
--

COPY public."AspNetRoleClaims" ("Id", "RoleId", "ClaimType", "ClaimValue") FROM stdin;
\.


--
-- TOC entry 3929 (class 0 OID 16393)
-- Dependencies: 221
-- Data for Name: AspNetRoles; Type: TABLE DATA; Schema: public; Owner: postgres
--

COPY public."AspNetRoles" ("Id", "Name", "NormalizedName", "ConcurrencyStamp") FROM stdin;
224a1e3f-3c1f-4d5d-ab25-123498cb5b5d	Admin	ADMIN	2b09a9da-41dd-44d0-bb78-63865f91b498
f2c35801-ea37-403e-8909-1db40a6362dd	Teacher	TEACHER	e5943742-5651-45e6-b430-f38b8e854dee
6fec7e4c-28ec-43dd-8c6f-cca55e1f0b4a	Student	STUDENT	7e90aa71-31e7-4f90-99b5-71ee1af08f53
fb62ced3-7cb2-45f6-a074-ec0d86248c61	Parent	PARENT	0a418429-422d-431a-b830-ac6a6d833337
\.


--
-- TOC entry 3930 (class 0 OID 16399)
-- Dependencies: 222
-- Data for Name: AspNetUserClaims; Type: TABLE DATA; Schema: public; Owner: postgres
--

COPY public."AspNetUserClaims" ("Id", "UserId", "ClaimType", "ClaimValue") FROM stdin;
\.


--
-- TOC entry 3932 (class 0 OID 16407)
-- Dependencies: 224
-- Data for Name: AspNetUserLogins; Type: TABLE DATA; Schema: public; Owner: postgres
--

COPY public."AspNetUserLogins" ("LoginProvider", "ProviderKey", "ProviderDisplayName", "UserId") FROM stdin;
\.


--
-- TOC entry 3933 (class 0 OID 16415)
-- Dependencies: 225
-- Data for Name: AspNetUserRoles; Type: TABLE DATA; Schema: public; Owner: postgres
--

COPY public."AspNetUserRoles" ("UserId", "RoleId") FROM stdin;
c468dcd4-0f76-4822-b1a9-2b292bd87c6d	f2c35801-ea37-403e-8909-1db40a6362dd
5555eb8a-adf1-4e71-ac63-32ea4d361b4d	f2c35801-ea37-403e-8909-1db40a6362dd
cba8dab4-e004-4aa5-80c9-ee453c09b27f	f2c35801-ea37-403e-8909-1db40a6362dd
3a2ab996-cde0-44ab-8643-fc73a63c0be8	6fec7e4c-28ec-43dd-8c6f-cca55e1f0b4a
de8fd83c-b12b-4293-8e97-8db15db104ff	6fec7e4c-28ec-43dd-8c6f-cca55e1f0b4a
3506e2a4-cf65-4c49-bb2e-ed2ad28260f5	6fec7e4c-28ec-43dd-8c6f-cca55e1f0b4a
\.


--
-- TOC entry 3934 (class 0 OID 16422)
-- Dependencies: 226
-- Data for Name: AspNetUserTokens; Type: TABLE DATA; Schema: public; Owner: postgres
--

COPY public."AspNetUserTokens" ("UserId", "LoginProvider", "Name", "Value") FROM stdin;
\.


--
-- TOC entry 3935 (class 0 OID 16430)
-- Dependencies: 227
-- Data for Name: AspNetUsers; Type: TABLE DATA; Schema: public; Owner: postgres
--

COPY public."AspNetUsers" ("Id", "FullName", "DateOfBirth", "Address", "City", "PostalCode", "ProfilePictureId", "Introduction", "Nickname", "UserName", "NormalizedUserName", "Email", "NormalizedEmail", "EmailConfirmed", "PasswordHash", "SecurityStamp", "ConcurrencyStamp", "PhoneNumber", "PhoneNumberConfirmed", "TwoFactorEnabled", "LockoutEnd", "LockoutEnabled", "AccessFailedCount") FROM stdin;
c468dcd4-0f76-4822-b1a9-2b292bd87c6d	Dr. Kovács János	1985-04-18 22:00:00+00	Vasút u. 22	Vásárosnamény	4800	5ac42f40-1f49-4111-b310-7cc76cd2511d	Matematika és informatika tanár, szeretnék segíteni a diákoknak a logikai gondolkodás fejlesztésében.	\N	janos.kovacs@szkola.hu	JANOS.KOVACS@SZKOLA.HU	janos.kovacs@szkola.hu	JANOS.KOVACS@SZKOLA.HU	f	AQAAAAIAAYagAAAAEJ0o/CowsDQ7YuZaUaKQbkn6WeWtbnYb581QR+xofm8EyznlinjgXwDDH3QE3Ho7yg==	75EAIAKY32VXO5UDU62BNMUHJNEYCUPO	7a805b29-b3b7-479c-bb9a-4f86254061cf	\N	f	f	\N	t	0
5555eb8a-adf1-4e71-ac63-32ea4d361b4d	Bertalan Zsófia	1995-04-18 22:00:00+00	Dűlő utca 3.	Piliscsév	2519	b68e4de4-2f59-4240-ab85-c63b80ed873b	Bertalan Zsófia	\N	zsofia.bertalan@szkola.hu	ZSOFIA.BERTALAN@SZKOLA.HU	zsofia.bertalan@szkola.hu	ZSOFIA.BERTALAN@SZKOLA.HU	f	AQAAAAIAAYagAAAAEMFoWHE8Be5QbvHlejvlqdCfAeTtV3q+T6HsiVxmYFcoKaacZNlYlv+KHZj/fWh5mA==	HAKQXWJW7AUS3STS2OFL3B27LFDTUTPC	dd1265d8-3526-463d-8bd4-94e1c7c961e8	\N	f	f	\N	t	0
cba8dab4-e004-4aa5-80c9-ee453c09b27f	Varga László	1986-04-18 22:00:00+00	Kispacsirta utca 11.	Újsolt	6321	f3460f66-84bd-49a0-8b77-2f03fb1a001a	Biológia és kémia tanár, szeretné segíteni a tudományos gondolkodás fejlesztésében.	\N	laszlo.varga@szkola.hu	LASZLO.VARGA@SZKOLA.HU	laszlo.varga@szkola.hu	LASZLO.VARGA@SZKOLA.HU	f	AQAAAAIAAYagAAAAELdXRIjKFl93QcyxMOFp1WHCIfzwCIkJceL8oQNkYeGk9fUZpcVDp9bQfudGXhG5Bw==	COIRNR5WHVVMOTPWOHX5POAN7L3ZB4YX	e99b8600-7a42-465b-9aa5-05a8741b5cc1	\N	f	f	\N	t	0
3a2ab996-cde0-44ab-8643-fc73a63c0be8	Lázár Ádám	2006-04-18 22:00:00+00	Kishalacska utca 11.	Kisdombegyház	5837	0c70f7ab-d735-46c0-99ff-fa56cde7ba78	8. osztályos, szeretne tanulni matematikát és informatikát.	Ádi	adam.lazar@szkola.hu	ADAM.LAZAR@SZKOLA.HU	adam.lazar@szkola.hu	ADAM.LAZAR@SZKOLA.HU	f	AQAAAAIAAYagAAAAEAnSEW/2wWmVq8M9yUcxpmIrRBPC8pDnnZeX/MI1B9OuTV0fWloUpU90bYQap+cZ5Q==	5ESB6PRSRTW7FSP77YJIOUHWPTSDVZKG	84723c4b-8865-461f-9f4e-fccd7c23d05b	\N	f	f	\N	t	0
de8fd83c-b12b-4293-8e97-8db15db104ff	Varga Máté	2012-04-18 22:00:00+00	Vasút u. 52.	Harkány	7815	8a5a4c4d-cf79-46c0-aaa1-5e5e8521cc17	9. osztályos, érdeklődik a biológia terén.	Máté	mate.varga@szkola.hu	MATE.VARGA@SZKOLA.HU	mate.varga@szkola.hu	MATE.VARGA@SZKOLA.HU	f	AQAAAAIAAYagAAAAEEBcG33C32kR8N67e8C+U1e2NgoUYqQU22cYzZcfub2//ZDoVHxxgVieRJw9RmnAVA==	NDEGYNXHWMVIFBPMQIZFZBIUZBA2UCPK	b3e12710-69d3-46b6-8d79-80f24e72d293	\N	f	f	\N	t	0
3506e2a4-cf65-4c49-bb2e-ed2ad28260f5	Kovács Lilla	2004-04-18 22:00:00+00	Kishalacska utca 13.	Pitvaros	6914	f9347be8-8335-41ab-964e-82fe0f5ef98d	7. osztályos, szeretné tanulni angol nyelvet.	Lilla	lilla.kovacs@szkola.hu	LILLA.KOVACS@SZKOLA.HU	lilla.kovacs@szkola.hu	LILLA.KOVACS@SZKOLA.HU	f	AQAAAAIAAYagAAAAEHtQsRxoBVwLG5anngbBtt5zJVfD1d7qwLRHLqXx4b3vWgJoeat2s/mBw193j3c0lw==	VD7KSJPLYM4HDJJUIWESPSBE6DYBMMPF	558f4816-2381-4a54-bbc2-e5056c7fca6e	\N	f	f	\N	t	0
\.


--
-- TOC entry 3936 (class 0 OID 16446)
-- Dependencies: 228
-- Data for Name: Cities; Type: TABLE DATA; Schema: public; Owner: postgres
--

COPY public."Cities" ("Id", "CityName", "PostalCode") FROM stdin;
ae8c646f-51f3-43b0-8c9a-f06356323ef9	Aba	8127
a32c243e-785a-413a-bc54-3e93d83fe219	Abádszalók	5241
2d587d06-ea98-4d3d-b3b9-227a77176344	Abaliget	7678
3e446772-496d-41bd-ba05-5ed65d96535d	Abasár	3261
5c3d5e4d-db47-4765-baa5-3740742be7f8	Abaújalpár	3882
f93d320f-2c3e-47b5-9dfa-19943f47b0fb	Abaújkér	3882
0f8282b7-90dc-4e6d-8a73-3e41b36daa57	Abaújlak	3815
81aa15a8-f051-4581-80d9-340541f1bc0b	Abaújszántó	3881
23c251a2-d20a-44a4-ba21-8c5a46c6c6e4	Abaújszolnok	3809
1bcb8c59-dc72-4a97-ad98-a5b2b2121fa0	Abaújvár	3898
457113ba-7bbb-4b8f-8b4c-ab5ea82406d0	Abda	9151
f4fba230-4da0-4b86-b8d9-15ac6e2ee0ba	Abod	3753
4fdc11f8-e66f-4904-8141-1a6f6ccc02d7	Abony	2740
d8ec08ef-a082-44de-a3aa-4536767bc550	Ábrahámhegy	8256
20c85707-7bd9-40c7-94de-b85ea5da8a22	Ács	2941
e2b00b3b-c9c7-4fcc-bc74-41bc1e3b9d1d	Acsa	2683
69fc27aa-b1bb-486a-9c53-119690747c1a	Acsád	9746
7821ae3b-db57-4624-aa88-281cdb7f23ef	Acsalag	9168
abb083bb-1e52-4197-957f-572c248846f1	Ácsteszér	2887
4f1a9c2c-889b-42e0-ad53-e6b9a4549b7b	Adács	3292
85a3e44b-f204-429a-95a2-f05481c7cdf7	Ádánd	8653
edb0b24b-d561-4992-8353-c378ece07535	Adásztevel	8561
c596f59e-7137-486e-a50b-6d1dda46a22f	Adony	2457
5b95e20b-39de-4090-bc6e-c18bbe455f00	Adorjánháza	8497
1001da9f-e577-41a9-9507-74897984c372	Adorjás	7841
3e728cc0-58f1-4e13-86b1-fcb1d46374cf	Ág	7381
5e6e5f3b-dd05-45d0-af41-82332573b087	Ágasegyháza	6076
a3efdab6-7113-44d7-a7be-fc654862364e	Ágfalva	9423
27d87c47-40f8-4213-9291-774c13f34bce	Aggtelek	3759
5b6ce132-3995-44bc-9b84-aa06cd398044	Agyagosszergény	9441
c8b317b7-0008-4033-bdc5-9854a476d091	Ajak	4524
1318e550-1d45-4154-9fdf-1df654a4d5eb	Ajka	8448
02b6ff3a-bb1b-48d3-91bf-2ecdc1af73c7	Ajka	8400
476e9cba-cb23-475c-8298-b3e5ffd37467	Ajka	8447
b7b6184d-5127-4b61-8664-b440549e0dee	Ajka	8451
bba217e0-6213-4ef0-b6c2-8ff51d91cb1c	Aka	2862
2fd4a23f-695f-4389-b1da-8bce968301bc	Akasztó	6221
6652de33-a81f-42a3-96c5-e9eda40f01c8	Alacska	3779
429817b7-963c-400a-8647-b56fb2a6837e	Alap	7011
8eb33334-a473-4f4e-96c6-62d33eaa7f77	Alattyán	5142
f3506f7e-f321-4407-aeb4-a0b82a29862c	Albertirsa	2730
aa8ff90d-e853-4de4-8ed5-dc37cdee5350	Alcsútdoboz	8087
aa45ee5f-94db-4b81-a641-6cd842111ccc	Aldebrő	3353
0d8be874-31df-483e-a409-79d763107142	Algyő	6750
dc328fd8-c16f-4f17-924e-3c92f2d9015d	Alibánfa	8921
554cea1f-d006-47e0-b8e3-96c75576289a	Almamellék	7934
454244be-ffca-400f-baec-cc1a6b3b9a84	Almásfüzitő	2931
6d6ca16f-7429-416f-b5ba-e2a62d18c96f	Almásháza	8935
44d5e118-c61c-4921-8d1d-226e3907f55e	Almáskamarás	5747
1935e681-1984-4eb4-84d6-de0ca57bd11b	Almáskeresztúr	7932
402d28f1-a832-4ee6-b1e3-65098e340f99	Álmosd	4285
2ff6cf15-de6a-4940-afc1-ee9cd126f27b	Alsóberecki	3985
7c5145bb-1c9e-452f-8002-d5fe9b0a61ae	Alsóbogát	7443
1819e480-7c74-4cc8-9ca6-56cb61445fb3	Alsódobsza	3717
3a117756-649b-4a99-8df7-d930d28362e3	Alsógagy	3837
0f1682ea-cb94-4187-a1e8-053c50953971	Alsómocsolád	7345
520d0877-2f15-4615-abb1-4e2798898a19	Alsónána	7147
89f28fb3-4a59-46cb-8e9d-cf494117b20c	Alsónémedi	2351
5d52c553-944f-41fc-bea7-27c6ed466b1b	Alsónemesapáti	8924
8da61f21-fb32-4bf8-a9b8-5103712250bd	Alsónyék	7148
0b7890c3-72fd-4c1a-a1b2-518a1517bf19	Alsóörs	8226
ecb0ae5f-e22e-4d31-a1ef-d2923a64b98f	Alsópáhok	8394
dc33fd98-e3e1-42b8-867b-5c2102e5b5a2	Alsópetény	2617
91135aa6-0c1f-4eda-8ac5-daac8dd3f930	Alsórajk	8767
8c20bd2a-56c3-45a2-a19d-623a76c5a24d	Alsóregmec	3989
90403f83-3151-445c-94f4-55695b31d0f4	Alsószenterzsébet	8973
d81b1303-ba5d-4c8d-bc0f-933c36cbc435	Alsószentiván	7012
8be844a9-a47a-4a66-8bb9-9f029925f1a8	Alsószentmárton	7826
8e966518-de5c-46f2-8ccf-7d97bdb7a46a	Alsószölnök	9983
0e85c28d-9677-4b46-8e46-0fe4a148dc41	Alsószuha	3726
a74d9d19-944e-4142-a2d7-aeb470274894	Alsótelekes	3735
643bfafb-9cb1-47a5-97c6-cb16cdc5798c	Alsótold	3069
76f6d215-015a-4cdf-97cd-530d0edae5cb	Alsóújlak	9842
67d2167b-1b87-47c8-bd3e-43f91fa3af53	Alsóvadász	3811
039d765a-5974-4844-bd3c-060e27faf9bb	Alsózsolca	3571
f3c79b01-9f9b-4578-9e59-c07f834be349	Ambrózfalva	6916
56ba9f9b-5349-4e17-aae5-6712c94dd16e	Anarcs	4546
0753c1f1-bad0-46b9-8264-d84ed695e4f1	Andocs	8675
9eb3223c-6eb8-49dc-8d0f-06a2c0cbae8b	Andornaktálya	3399
ea8c3d0e-08c3-4adc-94d2-a556f8f49397	Andrásfa	9811
6a7edb6c-bcb2-4dcb-8f6f-8c261677df6c	Annavölgy	2529
9022bed9-48ad-4a33-83d6-475e61d62d20	Apácatorna	8477
fec81b76-8622-4cc2-95dc-25db9a0678fc	Apagy	4553
2ecfe4b1-6a50-4a02-812d-476fbc47c638	Apaj	2345
bd90f7d3-5dd5-4a73-b805-28884e1a281a	Aparhant	7186
82b7937c-fd2a-41c1-af53-2ac0c5c9c8c6	Apátfalva	6931
abe30492-db67-4242-bffd-e33714afdfe9	Apátistvánfalva	9982
3c222596-acd0-45f1-980d-0f391043ebea	Apátvarasd	7720
a40b6794-193d-4ccc-8302-c66737d4b159	Apc	3032
0df7e83b-db6f-4d6c-becf-4df047da8a43	Áporka	2338
9c0dfab0-dcf1-40b1-a06d-b7dc644a60e1	Apostag	6088
bc1ceb56-70ce-4507-bd9b-faa37c3c957a	Aranyosapáti	4634
d467fcef-cfaa-4c0a-8b5d-5d93e366ac17	Aranyosgadány	7671
ae8e3e17-12e8-4b5f-94ee-edf88f8ba311	Arka	3885
adc6f104-dc33-4de7-a132-ca6070b10373	Arló	3663
7d345be2-73c2-4c49-bec3-bd150ad19523	Arnót	3713
4c4d76a7-f4d5-4a43-8ecc-1b593c7084d3	Ároktő	3467
287ebc50-94e9-4c0d-9bce-b01d783d25bb	Árpádhalom	6623
2c3c5044-bc94-4148-b9d8-f70c846e8485	Árpás	9132
17ad4596-ef6c-48a5-ac3d-af2894383955	Ártánd	4115
6f5ae1b1-533c-440c-960b-ecefd0bff06f	Ásotthalom	6783
9452dcd3-ca85-4434-a810-f3391a558081	Ásványráró	9177
b3b390f1-0b8a-463d-a0d4-4a23b66746b9	Aszaló	3841
c5ce94f0-6e93-4aa6-8512-0ede126071f4	Ászár	2881
8bde5649-e873-4b7d-bb1b-60ec34cbc069	Aszód	2170
99337f32-9f73-45ab-a30e-497d2c91708d	Aszófő	8241
5e5a17ec-905a-473f-8ce4-2bc9046c3c62	Áta	7763
08bc0c40-727b-440f-b65f-a93de5557c84	Átány	3371
e147cb52-50b9-467a-88e7-be950969e926	Atkár	3213
955a449d-5cb4-4d6b-81a3-f477771b7522	Attala	7252
1ca7baf1-cc6d-4c6f-b29f-9fa5b70516ac	Babarc	7757
5cd9d10e-32ad-437a-9682-695a98a75268	Babarcszőlős	7814
1cce7400-d869-487c-a98b-195b433cc2d9	Babócsa	7584
a5da869f-1b56-4197-adff-e83adff97d8a	Bábolna	2943
b437cb5b-44f5-4283-8b04-fe29794acac7	Bábonymegyer	8658
0d5da2f9-879e-4dcd-b170-71b534d7b0f0	Babosdöbréte	8983
bd92a270-9be9-4b4b-aee1-71a239f369dc	Babót	9351
a8e800ac-d896-4656-86a9-384012eee559	Bácsalmás	6430
84f0b168-1a08-4b3c-ac3d-425be844aa93	Bácsbokod	6453
5a599f7c-e95b-4b42-b05d-1ee285cf694c	Bácsborsód	6454
754f9fea-5f7e-48c6-820c-3ade21c9ded6	Bácsszentgyörgy	6511
9c365d38-fde6-4d1b-9671-a0a342afc9ec	Bácsszőlős	6425
d61ab870-3f51-493c-9e35-bc1f8357fd98	Badacsonytomaj	8257
3bcdc18b-2cf7-4f9f-b1d0-57161c5ae40c	Badacsonytomaj	8258
765ca254-5fe1-4696-a042-e7ffaeb82b65	Badacsonytomaj	8261
ac9a2070-65d3-4c5a-8ba0-bbf2a4b38d14	Badacsonytördemic	8263
aa03887f-e389-4766-b4b7-9bd8a9d89948	Bag	2191
9bc70c66-c345-4f7d-a4da-117f4e7b32db	Bagamér	4286
2415b97b-3de4-4147-9424-4cbe2c90c633	Baglad	8977
3fc9abc6-f889-4fab-a21c-be3c11665335	Bagod	8992
1d1383f9-ac63-4cf8-8d10-d4fe6452483a	Bágyogszovát	9145
d72a6b5e-34c5-46c6-82ed-216b9919c7c2	Baj	2836
a7382d9e-98da-4af6-9f77-8c59dda7c8f1	Baja	6500
33043084-32db-45bc-a02b-4be826c50d1c	Baja	6503
1f1fa4d9-5cd2-4f27-a9cc-3d221234dc05	Bajánsenye	9944
f7279b46-03ee-48e6-80e6-2fbbdbee0d01	Bajna	2525
dd2ebc42-1aa7-4e81-8e06-c81d8fff89b5	Bajót	2533
4d488a7c-0005-4d7e-835f-ddb44086c0da	Bak	8945
9cd444c3-ba3d-4771-abbe-df0d149a13df	Bakháza	7585
49582156-730d-49fc-81c9-021c857c1168	Bakóca	7393
26cf9317-6bbb-4ce9-8bd2-044c0305ccda	Bakonszeg	4164
fa9432c9-8f49-4f80-981e-727dc6f06475	Bakonya	7675
ea29c871-61a8-46af-acbc-21000c8de053	Bakonybánk	2885
a4ae7d1f-fe32-402b-ba6e-a6c06259b602	Bakonybél	8427
1e24d9f2-8035-46fe-b9eb-1e397f0cf2a9	Bakonycsernye	8056
cf9d5e9d-7db8-4b9d-bd46-ce008f512350	Bakonygyirót	8433
0f85e9b7-7d47-4a43-b5c2-925bf7e1c0fa	Bakonyjákó	8581
03ec2197-04bb-46d0-892d-0a5db7f0de2a	Bakonykoppány	8571
bb84a384-1aa4-47e6-b882-bf355ea7545c	Bakonykúti	8046
d5f14d0b-83ad-48e0-b0a6-a4bb5669861d	Bakonynána	8422
a440aa88-0860-41eb-b308-4e88ac5ecab1	Bakonyoszlop	8418
f287e05a-07ea-43cb-81be-089f4d569726	Bakonypéterd	9088
888fa731-97e9-4e72-8af4-1f92ac0b6cb9	Bakonypölöske	8457
f70dc55b-a6ba-4ca7-a24d-8701b1d07935	Bakonyság	8557
3848ec00-5763-4edc-bd4c-4bf9d363810c	Bakonysárkány	2861
e1b8e5b4-6dff-4d3f-ae3b-4bc0b3ce3eba	Bakonyszentiván	8557
7b03648f-f4ca-4bb7-8cb1-fb36f28a65a1	Bakonyszentkirály	8430
88a3fbdf-aa19-4bd6-904c-d8069adaebc1	Bakonyszentlászló	8431
3acce023-aa44-4e64-8530-142243111c61	Bakonyszombathely	2884
cd46d25f-4dfd-4b17-a775-31b890d3a853	Bakonyszücs	8572
ae7d1910-645a-485a-b90d-5720c7c08fdd	Bakonytamási	8555
52f05769-910e-4092-b61d-7d99e8b9d8ec	Baks	6768
fd1fb9cb-1de9-4a24-a500-6632ff4dc1ca	Baksa	7834
e1ae0f25-7766-4542-8d31-ea0316c4330d	Baktakék	3836
f5e01aea-d046-4edc-89b8-0b7e78b8c782	Baktalórántháza	4561
b5dc09cd-19da-440f-b8c0-418edcbfe092	Baktüttös	8946
6c35f7af-5264-48ff-aec1-4f93cd9777de	Balajt	3780
dcfe3bd3-ca80-4c8e-a1d0-d9a4afb0c920	Balassagyarmat	2660
a572eea9-1823-485f-baad-e999184ee628	Balástya	6764
5d6cfbd3-48f0-4c7d-beed-ce7aab5ab017	Balaton	3347
7b5cb567-5d8f-45ad-8ae1-a23045f324e1	Balatonakali	8243
86d12884-8319-4535-a678-ef9b3f217aac	Balatonakarattya	8172
7231f598-6f2d-4c2b-a03f-2b4778a09296	Balatonalmádi	8220
ac52c0c6-3267-4770-b8bf-9257c361645d	Balatonberény	8649
1199e4c0-49ba-45cd-b5be-e060350111ea	Balatonboglár	8630
d85c82f6-cb8a-4d10-9d23-766b23b10ccb	Balatonboglár	8691
3c6e44ae-9b00-4062-91de-f7ef4f510d1a	Balatoncsicsó	8272
e7b872c3-d5fc-4d1b-bff1-eb08876c7c7f	Balatonederics	8312
781d6708-65b6-45d3-90cc-baf0f6542368	Balatonendréd	8613
ffe1f661-8e64-4211-a3b3-01d1559b7b1b	Balatonfenyves	8646
10c9672f-1538-4d1c-8088-e87c746d4aa9	Balatonfőkajár	8164
55882565-e123-4857-b0c9-e9778158873e	Balatonföldvár	8623
39f6a479-c061-4b4f-83aa-c23932ee27ad	Balatonfüred	8230
d0b66e49-abd7-4d53-b07d-d92a0615ddf3	Balatonfűzfő	8175
971046ee-c1d7-42e0-8a84-3418368999b8	Balatonfűzfő	8184
a40f1a6f-a6f4-4dd3-a825-c41355dbd074	Balatongyörök	8313
90c6eed3-3eaa-4a60-834d-fde4aeb6776f	Balatonhenye	8275
7aab058b-029e-439f-9203-9bb7fd0ca315	Balatonkenese	8174
fd6377c1-d9b4-4173-a3ed-3baae0db0309	Balatonkeresztúr	8648
2fed4f9c-ec31-4ddd-a178-dfa117b94cf2	Balatonlelle	8638
7b8c6578-5218-4caf-a5ab-535cc07789e4	Balatonmagyaród	8753
905a7843-538d-4856-9fff-50aca901a865	Balatonmáriafürdő	8647
65a9303e-cd72-48ff-9c96-bb79c049460e	Balatonőszöd	8637
ca79a75f-8283-4737-b0e6-3003dd28aadc	Balatonrendes	8255
9d1acbfb-d185-4020-b518-5d576f55cbeb	Balatonszabadi	8651
d0997945-82dd-4df0-a471-57e8b093dcbe	Balatonszárszó	8624
a3be1e07-9f13-4fbd-b65e-7d70fe4d4924	Balatonszemes	8636
a8a27a73-c2a1-46df-bb21-8f95021d037c	Balatonszentgyörgy	8710
56d91e74-c407-45fc-9696-c2c1de960c4d	Balatonszepezd	8252
5359b162-ed16-4467-88c4-cf36f8f377fa	Balatonszőlős	8233
45b722f5-f65b-4087-b568-c45585ac4adc	Balatonudvari	8242
423e3e39-bf26-479d-bcfd-31cb6ef89c18	Balatonújlak	8712
45c9bd5e-adcf-435a-9846-69ac387d7251	Balatonvilágos	8171
86ae4b05-c9de-44a5-91f2-936f1a4c99a7	Balinka	8054
1a64bf3d-7f4e-45bd-88ff-9c0148b1b95c	Balinka	8055
264b6ce5-e869-4009-8b9e-cbf73e4d9182	Balkány	4233
fe9316bf-79b9-4d8e-93f1-fd5201b5955a	Ballószög	6035
ebebbebb-1ed0-4f9e-a320-af0376d97929	Balmazújváros	4060
3e6aa624-bd65-4176-a03f-6b3419ddb933	Balogunyom	9771
7618119d-eb20-450b-af96-ad0f5a351b76	Balotaszállás	6412
b812b078-2c6e-43de-bd2e-52f8eb32797b	Balsa	4468
d9e88dae-50e0-4980-a608-a6e36d70320e	Bálványos	8614
c4f7c429-f1a8-4ff7-bda5-4daac1fcd65d	Bana	2944
0972370a-ebdd-4f10-b334-7df9a57a9e83	Bánd	8443
c9b0818e-317f-429e-8081-4f84120dc10c	Bánfa	7914
aade1de0-ba42-41f2-864c-e5766dde0688	Bánhorváti	3642
5101ac06-58db-44fb-9de3-0c60016ad5af	Bánk	2653
07aa1e95-6643-4017-852e-1ad16413359c	Bánokszentgyörgy	8891
24552cf1-2b40-4642-9d95-872cea8e2c18	Bánréve	3654
a11a727d-1c74-4d82-8660-77752b4ac6b0	Bár	7711
5887b694-23ac-4068-9a52-617c9734c502	Barabás	4937
9a52545e-53c3-4984-b80d-12fe86ac09d9	Baracs	2426
5b5a3e69-b9fd-40d1-be01-e9deb1aa89c7	Baracs	2427
780a4b88-cf74-45f5-9281-bea3f83a6f9a	Baracska	2471
7e849738-73c3-47bd-803e-3915dc0d84f5	Báránd	4161
c4205828-18cb-4bfb-a6d6-808faff3de61	Baranyahídvég	7841
0c426224-3aaa-43a5-bfd7-2421fe3e78a8	Baranyajenő	7384
e4beda47-7de9-48bb-89fa-bbc6c3ae5947	Baranyaszentgyörgy	7383
d8c04ea4-91e9-4503-9d13-7690d053a7b8	Barbacs	9169
d718a21a-6d46-4d76-9011-b5e11edce9eb	Barcs	7570
cb4ea606-1eef-4b2a-8527-321acddbcbb7	Barcs	7557
f2c39898-9b01-43d8-9d8b-694565f5e8d0	Bárdudvarnok	7478
5eaaf6d9-02c0-4ddc-9ed8-dbcf6d27bd21	Barlahida	8948
404df646-f116-4751-9343-7466dd3763d7	Bárna	3126
54ea2106-7b9d-4ac2-bd28-74a5052a26e7	Barnag	8291
54d203fb-f88b-4009-8c1b-457a4988256d	Bársonyos	2883
5ef87f76-bf1d-4145-9143-0b05e3a28a78	Basal	7923
9d937a64-0de2-48f0-b267-ed731e036ea7	Baskó	3881
cd0c0cdb-ee50-493f-8056-c79c8ee03c87	Báta	7149
6a48cae2-3a5f-407e-90d4-2c3afbf9dcf2	Bátaapáti	7164
52480cce-f321-4a15-8fe3-be1ff8f13dcf	Bátaszék	7140
905f0b01-d14e-41d9-bdb7-1e9e9d808f5e	Baté	7258
2ed0af03-75e3-430b-9523-4ee36436acac	Bátmonostor	6528
adcf8bc1-afe7-4d29-a19d-857b49720c28	Bátonyterenye	3078
ca50eb8f-04d1-4d5c-95a8-72edf92e34d4	Bátonyterenye	3070
6c923a4a-19ab-49c3-a48a-fdb608c00048	Bátor	3336
86805d78-4205-4619-b39b-78ee049ecabe	Bátorliget	4343
8604226c-a478-41ee-8cb9-6bf878864803	Battonya	5830
ff08e127-b995-4bef-8a01-8f4c56f4ad8c	Bátya	6351
5709b347-c46e-4071-aecc-422993e77458	Batyk	8797
3c705842-2a11-4da0-886b-c1bf3a2dc36b	Bázakerettye	8887
ac7a8fe1-1560-4ed8-918d-d67efd658390	Bazsi	8352
e7b8d583-8048-460f-a969-72ec07181fb0	Béb	8565
4a77fdc9-921a-4f1b-aa74-a6230aa5d5be	Becsehely	8866
d9feea66-7f5a-46ba-92cf-2e00cfcf7cff	Becske	2693
2a618a7f-c3ba-487b-8dc6-c3e9a58cb842	Becskeháza	3768
e8a84762-909d-4437-aedd-f226b589d084	Becsvölgye	8985
b3c41287-ae5a-4990-a947-e59fa79cd3fc	Bedegkér	8666
a33ad9cc-de59-42dc-8506-e685a635b2d3	Bedő	4128
9346cb57-8f47-4314-88e2-9f4b4e6479b2	Bejcgyertyános	9683
5f61fc7b-2af2-4253-ab62-eaefae96d2ff	Békás	8515
80d89c5d-e6ec-462a-addb-1e93ccff684f	Bekecs	3903
72d0f2e8-03af-4644-befe-351835175a80	Békés	5630
804fd4bf-cfc9-4931-8edf-24b61ae4febe	Békéscsaba	5671
9ae9fe2c-1ca9-4058-97a3-63a2939d49c4	Békéscsaba	5600
b163513b-14d6-4046-91a6-2954b582f91e	Békéscsaba	5623
60c81bd5-9e84-4ba0-833e-bcb8f3bc0ec8	Békéssámson	5946
99a1d8cb-16ca-4303-a323-846d887f0074	Békésszentandrás	5561
aa9f95d4-7605-4620-b466-1cf27b358451	Bekölce	3343
f203a95d-a3de-45da-9479-b57b750800eb	Bélapátfalva	3346
f084524c-7016-4acd-b9d2-77f39565e397	Bélavár	7589
858d359a-d6ae-4876-88b8-3a9f1178ec98	Belecska	7061
f77b09eb-2b73-4e79-815c-a938c5152f52	Beled	9343
76b66096-4098-4cc5-a454-a66cba7839bf	Beleg	7543
3a9bb64a-71f3-42f2-aa8d-e4710c14b9b4	Belezna	8855
5be38cc5-2f1a-4249-8680-fb4eaa51f429	Bélmegyer	5643
4a1ee20c-dbef-48bd-84bc-d70dd384d729	Beloiannisz	2455
f5bc354c-45ed-4f7e-bac4-7b12747fe7d6	Belsősárd	8978
2a4a407a-6e8b-44a5-aa88-af8a8694e0a3	Belvárdgyula	7747
4e5ab9cf-d848-4278-9998-37b5c864f949	Benk	4643
3fbdd027-006f-434b-b8a6-caa8489837e6	Bénye	2216
f9f742e4-4b8d-472b-ac68-ad4c77ffa779	Bér	3045
4915a245-73f4-4af8-89af-da3ec138a42f	Bérbaltavár	9831
e3d4f69f-28a3-4267-8182-f08da4ff9785	Bercel	2687
67a4e948-fe8f-483e-91f8-cd0d9f6a382c	Beregdaróc	4934
04e87f3f-9fa8-4382-a8fa-d58f5eaa36ee	Beregsurány	4933
4ca04543-dca1-4ffe-8c00-4b1ba19b455e	Berekböszörmény	4116
48e04709-89a9-4f03-9516-1d9456d6a978	Berekfürdő	5309
81a9e056-95f7-48c2-a56e-d4aa422dd76b	Beremend	7827
7fe4d85d-a078-4f8e-b983-8da9ecaf9906	Berente	3704
7c49c84a-8aa3-4468-ab88-1954dfb4b036	Beret	3834
4c1c4cc1-6c97-43c4-a005-72d836d7c11f	Berettyóújfalu	4100
f3a458f7-7bd6-4883-8f46-b6daf0d66c0c	Berhida	8182
81664bd5-1525-42a1-bd61-cf0a12b570e4	Berhida	8181
fb88d001-0987-4d88-b982-98c7f903fb68	Berkenye	2641
1d3c5e12-1d08-4a91-b79a-e44b460553e9	Berkesd	7664
dca29c42-5f66-49b6-b7c7-052735d9deba	Berkesz	4521
3af2456b-5794-4ebc-aacf-7b98f92ca2d5	Bernecebaráti	2639
d00f6654-3623-45f0-b31f-fc2f73081ce6	Berzék	3575
3ece6a1c-db3b-4a9b-8902-227ed1ae745b	Berzence	7516
88c19c40-959e-4228-9892-f4eb03008f88	Besence	7838
3d6cd86b-7e6e-47dc-9e94-3dc119a03b4d	Besenyőd	4557
2a9f6ce9-4555-479a-95fb-ca9b103188dd	Besenyőtelek	3373
5c04a8e7-23dd-408b-ab1c-3e74795cba8e	Besenyszög	5071
51aa0119-276a-446a-aba7-5fe67c583373	Besnyő	2456
cfe26ccf-b543-47b0-b5e8-52152b0ee29d	Beszterec	4488
d1bd4d9b-c447-4898-a5ff-101ec3495327	Bezedek	7782
d7c4fc1c-1075-4d1a-8e49-ecd21162ee01	Bezenye	9223
84d5ff40-eff6-4c02-9e44-967213534583	Bezeréd	8934
7dabf40d-19b8-4257-a014-ee4d849206c6	Bezi	9162
6841f4c9-94e3-4a7c-8a89-5dce3a467f0f	Biatorbágy	2051
d54ae411-9a98-4bd6-9200-6a4add75041b	Bicsérd	7671
43451762-ab7b-48df-a81d-8e1f3ba63d0f	Bicske	2060
6f876ad9-d9b0-498e-84a9-82e9b60f48b2	Bihardancsháza	4175
3b2b2989-367d-4331-8222-8a8cc68d776d	Biharkeresztes	4110
db207861-7aba-450b-a9b5-a073972efe63	Biharnagybajom	4172
49c79695-31a1-4cf8-a048-7ec900c24dd3	Bihartorda	4174
e9a80a62-b59a-40ec-b69a-44f0c2eaba0c	Biharugra	5538
28a8528c-d8fa-4153-84fe-c3a75398d3ef	Bikács	7043
40071d93-5a24-4420-93e2-133c25a45245	Bikal	7346
f835cf29-4ab0-454d-85b9-af78b6b010ae	Biri	4235
9938c9ad-db00-4a1a-8c8c-0f5bc9e4e7be	Birján	7747
c839cb16-ca2b-4da3-aaa7-241d0ffcb3fe	Bisse	7811
f749fbd8-a2f2-40ae-b2d2-3b8050f6863d	Boba	9542
7a6ec66c-d3bd-45ad-b03b-d797c55345f3	Bocfölde	8943
0e6b3469-27e2-4ca1-8ce8-7151a1ab307d	Boconád	3368
7ed3b56b-7125-4351-934c-7aa30e15b4c1	Bócsa	6235
bbe4a2f3-88e9-464b-92e7-9ac2fbbf1a55	Bocska	8776
12257ee4-2ca4-414f-adb5-1d933675a987	Bocskaikert	4241
79f88ef8-ce05-4358-b01c-7c720a0d4701	Boda	7672
3a4eb04d-42b0-434d-b42f-d7000ddcde8c	Bodajk	8053
ede47de8-adf7-44e9-b6d2-0ef766f6391d	Bodmér	8080
c21b0f9f-0dfd-4c70-90d6-8f1d9831269d	Bodolyabér	7394
95cfc226-9d3e-49da-809e-022a2fe5df5a	Bodonhely	9134
2c1ac1e9-4ad5-42a0-abbc-0050833f6ee2	Bodony	3243
ee29dbe1-9d48-4a0e-a31f-00f348d4e4f7	Bodorfa	8471
2c188055-21b7-4724-96e3-889f60eedc50	Bodrog	7439
3bee69ee-791a-4eae-b7c3-2fd23ecb2422	Bodroghalom	3987
c79911d8-c0e0-4acb-8664-19b9345b2ead	Bodrogkeresztúr	3916
81c930f6-084b-4694-85d6-da694c632933	Bodrogkisfalud	3917
d49438f6-9083-4af6-93ef-08c2ce451efe	Bodrogolaszi	3943
57dc547f-bf27-43a1-9155-7b76debc8bd8	Bódvalenke	3768
63694797-9bea-4bd8-a54c-cca342210807	Bódvarákó	3764
0c9c8548-f5f1-4cb3-8f83-525347f9e56f	Bódvaszilas	3763
3ca2de87-d3c6-40c9-a8bb-e4dc3101ed78	Bogács	3412
4a7b1804-3d6e-4a6e-93c4-481efb7fe2a5	Bogád	7742
b2a429ce-a188-4db4-ba4c-9e8a2cd9fb69	Bogádmindszent	7836
13619930-2a9f-4c25-bda3-f82e07840614	Bogdása	7966
80b191f4-9525-4581-9c89-be9d58a1781e	Bogyiszló	7132
87d9aa2e-3baf-4c53-9aa0-5928b33a81af	Bogyoszló	9324
404186ba-1864-4329-b1e1-61acd391292b	Bojt	4114
39f6f037-cdbf-4afd-91aa-b9134448bddb	Bókaháza	8741
5a6cf119-9e45-4879-b81b-13639913e101	Bokod	2855
18464a94-bf5b-4eb6-b20f-7bf3334d6b4a	Bokor	3066
a56c25bf-eb36-4198-ba62-0a79d1664311	Boldog	3016
b3999d2b-8e9c-462f-a9b8-5591e54f98ec	Boldogasszonyfa	7937
1f8b3bc3-8e2e-42ce-b304-79076a1c0cbf	Boldogkőújfalu	3884
be321eba-08bc-4729-82f8-6f64b15b1853	Boldogkőváralja	3885
4ff8713b-7fb9-46f1-b396-49c58592ac82	Boldva	3794
ecd8bdcc-6c77-499b-b1ab-a63e95254222	Bolhás	7517
b2a7cd48-06b0-492a-993b-3e2b78622f7a	Bolhó	7586
f52c7f13-f416-4cab-a774-c965e2ae761b	Bóly	7754
78402a4f-1aa0-4428-b346-e0f814f69779	Boncodfölde	8992
ceffd843-f569-43d8-a81f-6eaafc25e65d	Bonyhád	7150
b70f8dd5-4e8e-460c-a67d-19eb2369d06f	Bonyhád	7187
5ceb7496-5145-4641-8f79-53d85c022a58	Bonyhádvarasd	7158
5a418080-d6c7-4df2-add7-9d05ead0ba08	Bonnya	7281
1ce0f726-90a2-494e-9325-2d694d056f5c	Bordány	6795
70406409-1835-4a8a-87b0-5538595186b0	Borgáta	9554
bb78cda3-539b-4ff3-ae37-5db463027cab	Borjád	7756
891c631e-843f-4749-b6bc-bca4c66d48f7	Borota	6445
4876b2e7-eb37-4087-a29f-e7fa39171561	Borsfa	8885
4a4bcaec-54ce-4249-a284-92ade5a28155	Borsodbóta	3658
41068509-4eab-4e1e-9521-b00adf3c68ac	Borsodgeszt	3426
da93009f-999f-4702-af41-874a0e54d7be	Borsodivánka	3462
a8a6b4bd-84fc-41dc-b604-4738575d759f	Borsodnádasd	3671
654e0146-9718-4e74-8b4c-2e88d08eb818	Borsodnádasd	3672
1ca81061-773a-4ab3-8a2e-f768c3deaa47	Borsodszentgyörgy	3623
fdc3a15c-c487-42e9-a402-b3b2081d4fb8	Borsodszirák	3796
4e20aa91-5e7b-42a7-832b-0a01950951bd	Borsosberény	2644
2b52981b-8e1a-49f5-b25b-7afc10349613	Borszörcsök	8479
759377c0-7b22-4533-934c-0ddc6edb5872	Borzavár	8428
384f19f4-c440-42ff-a735-078fa647983f	Bosta	7811
98ae7e8a-371d-45b8-a77c-adc77597260a	Botpalád	4955
cb4b68d5-2d6a-4c74-b294-1255448e8bdb	Botykapeterd	7900
381b728e-5fa0-4cfd-9498-83acab512ef9	Bozzai	9752
6053c0ab-1aa1-46e2-b00e-ed1c72a12952	Bozsok	9727
a2e18ade-d2c8-4a57-8026-8f77a880764b	Bózsva	3994
7250c3b2-9942-4b6a-a605-06b2036da07a	Bő	9625
15d7b558-e7df-4817-b0f4-f3e6c17a7ba2	Bőcs	3574
5630abd9-e04b-47a1-aec7-107b0fc5255e	Böde	8991
9807b8e1-71d0-4288-a478-242c0a5af34b	Bödeháza	8969
c95be4c5-d948-4156-8dc5-d3bec140b50c	Bögöt	9612
896ced2f-5e80-4d5a-81e8-9a1752d2a548	Bögöte	9675
e9f4532a-15b1-439f-8ea7-6d47d95836a7	Böhönye	8719
63c0fffa-3a7b-4280-857d-d152cb6a962e	Bököny	4231
e0a11d47-cc73-476d-af5e-ed4ad419168b	Bölcske	7025
8dd60867-acab-4feb-a69b-d6c2eda29927	Bőny	9073
b0d3cf14-4ea4-44a3-825b-86e9140fd409	Börcs	9152
f61c8a1a-eb25-4f25-acba-af3ad4ffde1f	Börzönce	8772
be2c6433-ff00-4233-9fce-f2fc15abbcc5	Bősárkány	9167
753c86ef-8cdd-4539-8bcb-13aeba2f95b2	Bőszénfa	7475
19128793-27ca-4111-a70c-8d484620619c	Bucsa	5527
06964096-5fec-4c75-8c03-57c12629a322	Bucsu	9792
97f7465b-43a3-4f1a-bb34-b8fa0362ef6f	Búcsúszentlászló	8925
ebc646d8-94ad-407f-82af-9bbb8e1875f1	Bucsuta	8893
b2483be8-c843-4e55-88d6-e32c591645f2	Budajenő	2093
796c797b-fd92-4df8-98f2-01010892e73c	Budakalász	2011
b8d6c02a-278a-450e-a4cf-3c0781e6f9bc	Budakeszi	2092
78b0eae1-3832-48b5-b448-9b71a4ce0c8f	Budaörs	2040
9519028c-062c-45c3-96d1-ae9ee894ae2a	Budapest	1015
299c54e1-cd27-491d-a24b-87a5d1c2b9fd	Budapest	1016
f4c833f5-aa07-44c3-babc-b123e377a432	Budapest	1011
1596285c-a37c-4a7f-8763-4760f00c4c16	Budapest	1014
8932b1d7-c6df-416e-a6f4-d47f4b2ff905	Budapest	1012
fd989808-5542-41fe-a74e-32ec96690ad5	Budapest	1013
6c37479e-d94e-4ac9-9414-609d136cb894	Budapest	1022
9258706d-9055-4004-8b68-062f2be2f528	Budapest	1025
872352b1-d550-4cc3-9bff-33260faca8dd	Budapest	1023
4c1e705a-fb29-422f-9598-d97e4bdaf931	Budapest	1027
9ff91311-9985-4e90-99a3-5cefcf186270	Budapest	1026
6abc8792-0adc-41bb-a8e4-6872dc961eb6	Budapest	1028
6ea2a267-46ba-4fe8-a541-046672b95b8d	Budapest	1024
89bb48d6-499f-4e64-a9e7-a4245fddb110	Budapest	1021
27e1d5d4-84e1-42b9-b61c-84c59de23ea8	Budapest	1029
93924f82-34a9-40be-b401-1916808d999d	Budapest	1032
c289a772-a0ce-4898-b1e1-bb827284d998	Budapest	1039
8c453a34-3353-4fc8-8dd9-a20146d69de1	Budapest	1036
bda16404-f9af-4178-bcf3-1f0d08311b80	Budapest	1031
17d9d2ef-3f89-4ff3-937c-5f44da8d0248	Budapest	1038
93eb2f75-9f0e-47c3-8a22-fec9a1217c50	Budapest	1033
9596878d-d16b-4054-b607-650a1378fe9e	Budapest	1034
d42f8768-d3a8-40ae-b9f8-222f21fecb73	Budapest	1035
2fcae028-bdeb-4acc-9e6a-06ddcf417a2c	Budapest	1037
91ef770f-674b-4f6e-9f98-9b992e09ad24	Budapest	1047
8b02c7da-88d9-44aa-848e-700ceecc7482	Budapest	1044
2b627e91-22a2-4a5b-9b74-3d52eae75f71	Budapest	1043
32ccb6b1-6c96-4955-99cc-4250f59bb138	Budapest	1042
1614fc72-2fb2-4fcf-9475-c354bc1a3841	Budapest	1041
c09a1ee2-1b8c-4d5b-9bd2-fab6cc2e7076	Budapest	1045
f7caa52d-3829-4ff9-85b5-c22675292581	Budapest	1046
f5207a8b-0e07-4ed3-a9b0-cc0f39d54b55	Budapest	1048
ab38524c-c1b3-45a9-950c-512e5a02d044	Budapest	1054
94ead28a-a1c9-49d3-b33f-dc4eafe61d85	Budapest	1055
f00c3fa8-9e44-4c79-bc3e-27a4ce8d4b29	Budapest	1053
5ee81056-ab21-4c51-87eb-3c9ca3629d52	Budapest	1056
d5e8b0f6-4738-4d83-8de3-62f165b9e5fd	Budapest	1052
43177614-f88d-47fd-8cfa-96f966c45fbb	Budapest	1051
ac3c4eea-2a9d-4ebb-8644-eb4a4e747622	Budapest	1063
a880a61f-5255-4e6c-88ae-4d74a8e82df4	Budapest	1064
8b94a819-b18e-4aed-a0df-57dcdb3fcc52	Budapest	1065
d1da6787-24c0-4208-b8c4-ec1e5efdb68b	Budapest	1067
07d4fcfc-8c6b-415a-8ed6-2e62cf143d6c	Budapest	1061
0799889a-b45c-4149-9977-9796b82f387d	Budapest	1062
bbabd00a-007a-44e9-bd59-1b279ddb5f73	Budapest	1066
099c22b3-6f80-44f8-a5d5-bb02bfcd74b0	Budapest	1068
422206dc-ccb0-4ff0-8c23-0054f381d0fa	Budapest	1073
9c3295e8-032b-472a-88fc-d6a6c52dae81	Budapest	1071
522c1125-44df-476a-879c-be7848bec507	Budapest	1074
b0bb4586-293b-4882-8b60-9def41658920	Budapest	1078
af552d69-53d3-453a-b685-aea03ebef0aa	Budapest	1072
ee00c1a7-db12-4d47-b1e7-250450f9be6c	Budapest	1076
3450562c-b965-4fb2-989c-05e0493542e3	Budapest	1075
b48711d8-1707-450c-a453-92a1155eb3bb	Budapest	1077
587af784-f7e4-49a5-84bf-303a9a8ac536	Budapest	1085
1d14172a-a2c2-4f33-b445-e10557a34a52	Budapest	1081
26e3e726-43b4-4d79-953e-d6d37465663b	Budapest	1086
588f4738-b3c3-485f-b59f-acc49b9abdff	Budapest	1088
43ccb084-a341-4302-b9c0-b8f8d92a164f	Budapest	1089
02396b53-b3c1-412f-9aa9-852e0873f878	Budapest	1083
bad7db2a-8bdc-49c4-9bdf-ab77a8cd448d	Budapest	1084
477f033d-2a39-4c3f-8951-3820a59c9017	Budapest	1082
f253d0a2-91bd-45f5-b7ca-449d5683c211	Budapest	1087
1b4699ef-39f9-4b1f-a8fe-02067236788a	Budapest	1097
08b44e44-5c56-4e40-b15b-3470ca909cc4	Budapest	1094
6a38f7cb-a893-4d9e-8890-094b11860156	Budapest	1091
71c28656-fd6b-4a61-a285-e49a0343c29d	Budapest	1095
ccbb3e40-3dfc-4d22-89f4-e2ea7462acd2	Budapest	1093
060b52b0-67bc-42c4-a56e-0bc2483f6eab	Budapest	1092
dd60b0c5-6857-4ff6-aef8-fe753adc2589	Budapest	1098
ccbb8477-b36c-4167-b3a7-db47245b58ff	Budapest	1096
a619d132-2519-4f53-9cdf-5365c05c19f8	Budapest	1107
65b38afe-acaa-44ca-9ab2-e2ac32f08c9f	Budapest	1106
68e76cb5-f642-4c4e-9be9-c2ca47f75b4e	Budapest	1104
39be6308-cb63-4ed9-be4f-b5cc469888f8	Budapest	1102
a21d0d37-e57a-4e9b-a7b2-6660f7fd6949	Budapest	1103
efcab7c6-96ba-462d-8e9b-d1499e85d173	Budapest	1108
f148cb6e-75de-41e3-97f6-644212230e3a	Budapest	1105
a2cd01db-a164-4087-b844-5a0d221b6681	Budapest	1101
ab479675-784d-4891-873f-7001c8a48657	Budapest	1117
ff0cb35a-52fb-46c3-ac07-36fa903ed79f	Budapest	1119
3a9bd340-d1e3-4309-a95c-cc0372ebb73a	Budapest	1116
eb848777-2ff3-4908-9651-4c1428dbda5e	Budapest	1111
202f6692-2c48-4815-994a-ee6711462e6f	Budapest	1114
2ba1a52c-842d-4c01-ae5e-729ddf8b55bb	Budapest	1112
a0aa5dbd-2a1c-4b3e-8488-2551bb918f0e	Budapest	1118
3cfade3b-5e76-4fc0-b401-7426e53d6588	Budapest	1115
23858ad6-5849-4cba-bca8-729b27a0baf6	Budapest	1113
a3c12cef-9a87-41c0-99b7-4bdeb3434403	Budapest	1122
218f0296-6eb7-41c6-ba52-9c6e0a1f1cf4	Budapest	1126
189c38b4-86a5-4e61-a9a4-efb18442f262	Budapest	1124
ae3c6f9d-e577-46ab-88dc-e33233d94cd1	Budapest	1121
7b54be02-2521-4969-b515-a43783a75f2f	Budapest	1123
57fff0eb-aba9-40c1-a010-2e9187183faf	Budapest	1125
a785db91-268f-4b9e-aa57-3d38af685d0d	Budapest	1135
4ccc4c7f-f570-495b-b0d2-257723eb2454	Budapest	1131
3767a33e-5fdf-499b-81dd-0d97bff5481a	Budapest	1139
60b6f64a-2215-45f6-8bdd-98aea930f4b7	Budapest	1133
e3dec810-0466-4cfc-9c24-65f9e0ca1b87	Budapest	1134
2871ae71-e74a-42c9-9297-b1b56828d9d1	Budapest	1007
2ae332fd-9615-456d-bc80-dd78b4bd0f9f	Budapest	1132
87f0016d-8f35-4bf7-95bf-b5936972e922	Budapest	1136
cbac34cd-23ea-4e96-8e82-99feba48f3ab	Budapest	1137
e77c4684-855b-4820-9926-86066025ed41	Budapest	1138
a365b34e-9965-459e-9c44-d626e876dd99	Budapest	1142
1826f00f-4fef-492e-b907-c8bd889a0edb	Budapest	1141
c31ccc66-82c8-4749-895c-2d771fba3dc0	Budapest	1147
e6b347ad-b17a-41ec-b425-9698d6d39731	Budapest	1145
176f763d-a995-4292-84fb-66cd74f8884f	Budapest	1149
406341b7-d94a-4101-8211-4f8746e73ea8	Budapest	1148
27e3b96c-2767-4383-96b3-8c765e2a13fd	Budapest	1146
99f8beda-26b8-4060-862c-fc5f1d7590d7	Budapest	1143
17b499a6-9689-4c16-b206-d1220fcd8e58	Budapest	1144
c6989b3e-d14e-4939-90eb-925802e85e5c	Budapest	1153
4b6222d9-a619-4ef4-944c-c166f86d1060	Budapest	1157
fe03ac66-59fa-42a9-bd0d-d7c9cc751b38	Budapest	1151
e67101eb-322f-4454-a0ea-d09f5e97a5f6	Budapest	1152
0035dd2e-ef8e-4cfd-9fa7-3371a31f0e39	Budapest	1154
c6174234-2d77-440d-97dd-a4520eebd853	Budapest	1155
687bdb70-cb8e-42c9-acff-79e5065d971f	Budapest	1156
06425b06-5ba5-4be0-8a73-40a6d4e771fd	Budapest	1158
8a7f8b73-197a-4899-83f9-9fabc961870b	Budapest	1162
4576942a-f7b0-4110-be34-64f0d8415bec	Budapest	1165
24b5b176-bde2-40e4-a154-0bba7f268ffe	Budapest	1161
149fa5b7-20a6-48cc-b5e2-50ba0ad4e736	Budapest	1164
daab053c-168a-4251-8ce6-0efaee37afc8	Budapest	1163
1380be74-6f7d-44f3-ab64-508e17357c9e	Budapest	1174
15a45524-1dd0-413d-aa9c-e665c86a3a5b	Budapest	1173
e2331b0f-7f0f-40c4-8e33-478945c99707	Budapest	1172
a833738d-8f60-4636-b1d5-af3dd419f543	Budapest	1171
7efd775f-8c6b-4944-813b-93d4f4cf8f5f	Budapest	1183
2b541b68-28d4-4156-8e87-0e2cce18e2b5	Budapest	1182
744f9506-23c0-42df-8544-cb7ea752c8c6	Budapest	1185
43b6c67a-2da8-41a7-ad39-18bf2cb1ed6b	Budapest	1184
97854891-085a-45f1-9196-80411742a81f	Budapest	1186
148f7be3-9940-41f1-8c8c-82bfa2878110	Budapest	1188
d28c3356-b8ee-4ad9-bcc2-ad7fa700eaa1	Budapest	1181
08cf96ce-ea54-4f9f-bef8-4390f67bf16e	Budapest	1192
bbd82a2d-57ae-4ec7-8a95-5b82565d865c	Budapest	1193
d57f4588-4f68-4c1e-a649-24810b2567e8	Budapest	1191
2051e872-be0f-4537-ada7-b88526024ed5	Budapest	1196
4b6cdead-b614-439a-b1fa-6ed91d947d69	Budapest	1195
a1b49713-38e7-4827-b664-52d2ada01bbd	Budapest	1194
cdb34a1d-fe4d-47a8-9856-ca0c0beb2e9b	Budapest	1205
c223bfa1-ecf4-4801-bf74-bee4c53f3692	Budapest	1202
d67da680-3a6a-42df-9d94-ee3d5169dc4d	Budapest	1203
db56a87b-e042-4bf8-b6e2-f75d45ea017c	Budapest	1201
167be6cb-bd56-4da6-a24e-892ded9b80d7	Budapest	1204
739b21fa-9cf9-4f84-95df-068ca599dc4f	Budapest	1215
085fbb9e-a7b8-49eb-bd07-fcefd482933a	Budapest	1213
7611e1e1-b386-4ef2-a12f-eff447fe53fe	Budapest	1212
26cead7a-fc38-44be-a65c-25ec0d60e3f9	Budapest	1214
ec7cce29-fe9c-438e-84d6-8db95f363e35	Budapest	1211
e3f2609f-c123-4d87-a700-23477ade5f7a	Budapest	1222
18624f57-68ac-462e-9088-438de0b80451	Budapest	1221
b2636e44-28b8-4266-aaac-2c898960f020	Budapest	1225
4b4b9e71-c963-45ec-83c0-83cb48e22a06	Budapest	1223
a96de019-fcaf-4046-ba21-0d66b074e63e	Budapest	1224
a740c61d-5403-4f18-831c-3b5c8e74cfbb	Budapest	1238
94cbbb74-8329-4f57-9e9f-3285e8897db8	Budapest	1239
93b5a080-2591-42c8-a260-8773f36a39d9	Budapest	1237
54686c84-416a-4f22-9149-b53978deec29	Bugac	6114
14c92197-a594-494e-b3ed-89cbd48cefb4	Bugacpusztaháza	6114
a61623bd-f476-435a-bd1c-3f524619a3cd	Bugyi	2347
006d77d0-6d87-4a23-892a-f1338a1fa26c	Buj	4483
57a3f3d6-17d6-4ac6-bbfb-cedadb7e8bba	Buják	3047
8700c12d-4e5e-4ffb-aff4-9522e4ec7af8	Buzsák	8695
20d0631f-a820-4d91-a2d8-0069b60f4fcd	Bük	9740
7812b915-aaf4-4c90-a7f2-071ac2c521bc	Bük	9737
ee851e9c-805e-447b-9d36-6bfdef0e72f9	Bükkábrány	3422
5cfa46de-2e58-4ee4-8edd-649129bd050b	Bükkaranyos	3554
e62bc982-9a2a-478c-95b0-7c08d01fddc6	Bükkmogyorósd	3648
2692d8df-d263-41db-8a71-b95aad548069	Bükkösd	7682
cccfabe3-699b-48f3-bf60-6efb73b2f9cd	Bükkszék	3335
28d61cb9-0e69-488b-a8b1-f6f68b767e09	Bükkszenterzsébet	3257
8855b5f7-9f84-4a8e-84b6-97179eb52bd6	Bükkszentkereszt	3557
82b02917-d644-48b1-b7be-56d50f3971ea	Bükkszentmárton	3346
4e045f90-2d82-47e9-bb2a-caf7b09eb8d4	Bükkzsérc	3414
7cf439b8-ad3c-42be-99f8-ab2e2abcba81	Bürüs	7973
dcbc4740-efc1-4683-892b-da75be4832b9	Büssü	7273
677982e0-948f-47a8-834e-c678c5f7a94b	Büttös	3821
9187d18e-cbc5-4359-921b-031d20f2e7fd	Cák	9725
d84983c5-de93-4804-a968-705f73aef19d	Cakóháza	9165
b3b7c9df-50aa-4092-a297-3e5dfec981ca	Cece	7013
90b07cc5-28c8-4df1-b01d-17d0e259a95c	Cégénydányád	4732
35065831-b34a-47d4-b53e-0e5b3a47fb5a	Cegléd	2700
fdcc54ad-e049-4dd1-9107-c377adf990b6	Cegléd	2738
06a0c623-a3e6-4866-bf58-de8b0370c7f8	Ceglédbercel	2737
20fc4332-f461-428c-8ac4-a9a28d8383d6	Celldömölk	9500
ea04a9a9-5fd3-4787-9930-12e665c130e9	Celldömölk	9541
5cd2b662-55b7-433b-8888-b5959264ef73	Cered	3123
e4feddca-eee2-4906-a38b-1070f717dbf3	Chernelházadamonya	9624
4a8f98a5-5726-4783-bcc7-593c0cbd10ef	Cibakháza	5462
b4a9e641-8ae0-426e-b2a2-ae73629497e3	Cigánd	3973
7f67b312-c7ac-45d2-b791-a898022a9c48	Cikó	7161
344db7f7-00f2-4d30-a1c9-2a07753c6c6a	Cirák	9364
69f24fa8-705d-477f-bb07-7940b9563f25	Cún	7843
254d2805-2efd-4b04-8ed0-ceb070f8f57e	Csabacsűd	5551
213df6c7-003e-4d36-9447-4b74fa11c9fa	Csabaszabadi	5609
9fc3a920-5939-4363-bc3e-66dd23946b21	Csabdi	2064
a012d022-41ae-4a0a-bcd8-0dd8fff7f6e6	Csabrendek	8474
d998289d-0718-4760-a1ef-15f40d4a2682	Csáfordjánosfa	9375
952d49de-9049-4a7e-85c9-af64d65cb436	Csaholc	4967
c385a238-dfd4-4a50-8eec-c05ead68a775	Csajág	8163
5c51bab1-4067-4539-a4ce-e30627dc145c	Csákány	8735
8df5e7cd-acd4-41c7-b4cd-428459799fe2	Csákánydoroszló	9919
10b6645c-8d34-4546-a6d6-5cd17c93cbe5	Csákberény	8073
9ad8dfd4-6140-4edf-85ca-f86be22e6eac	Csákvár	8083
cb0d3798-313d-4888-a879-5fe82c47ff17	Csanádalberti	6915
fc8dd5b4-83b8-474f-8660-cc2852f90d3c	Csanádapáca	5662
17bf8cb9-2b1f-4507-bd50-1a6dff8163ad	Csanádpalota	6913
14046450-d74a-4b25-ad0f-96555da0291f	Csánig	9654
583fc1d8-5636-4504-9b92-a76134b2c590	Csány	3015
16f7fb0d-deba-448f-866f-50e6c5e2af5c	Csányoszró	7964
efbc8685-e9ab-40dd-86a1-31ff1ac98075	Csanytelek	6647
fba55064-e0a7-43c7-964e-2804e82888b9	Csapi	8756
8c314fb3-df2e-4527-8cf9-ed9998443adf	Csapod	9372
3b6fef6c-7668-4f61-adeb-57b0c8c983f2	Csárdaszállás	5621
a23d439a-bb4e-435e-b9be-4768ba91d972	Csarnóta	7811
fed5a738-6e9e-41fb-a4a3-58608aaa4787	Csaroda	4844
1419bb2e-a857-4d42-b1c4-d37a96436e6d	Császár	2858
13326fa4-3206-40e1-ba4c-c4d64121d3c6	Császártöltés	6239
5138ea0b-fa33-4383-951d-d4227a7e5e81	Császló	4973
ebb0af7e-7add-4cec-ba6a-b035d268ea4d	Csátalja	6523
2db2185b-5578-4cbf-88e2-535e540b888d	Csatár	8943
b712d375-e82a-4af6-a16c-b489e13fdb2f	Csataszög	5064
b869eaa5-9c44-4a08-a6fc-1b035720e77f	Csatka	2888
6cfe99b2-8316-4127-a2e9-a952670fd2fb	Csávoly	6448
18a200d3-7df6-4fd5-9dd1-6b9c1dd4d47c	Csebény	7935
782b83ba-ba78-44ed-baa4-4032a07b6d4c	Csécse	3052
8d6eb31a-b3a8-471d-aefb-08fc9176f422	Csegöld	4742
b59070ad-a380-41cf-83de-0a49ccd5a537	Csehbánya	8445
38e66d2c-cc32-4407-9806-647b7029eddc	Csehi	9833
e69299e4-3701-4fd1-a31e-0ce25e8e16a2	Csehimindszent	9834
6fe196fb-90b5-4f1d-8f8e-2ecf0d9b07ce	Csém	2949
829e8b51-6527-4679-91b1-9f0a7f236c3c	Csemő	2713
df842b1e-2c4f-4185-a055-ad58f4bb56ac	Csempeszkopács	9764
d64c253c-83c9-4361-b0c3-6f3d2ed4591e	Csengele	6765
873db906-b6f3-429f-99f9-068e3ecba4a0	Csenger	4765
639a8448-3ef7-4b0f-a470-50048c29aa38	Csengersima	4743
3b255733-3f8a-4261-aa8e-e5c3a3a33099	Csengerújfalu	4764
4f405b80-5fc2-4ed6-807e-05b3adcf2035	Csengőd	6222
2b1b0b5f-e4f7-4202-abe9-1723236a399f	Csénye	9611
3a9ac143-5cba-49f0-ab64-ba1489a90006	Csenyéte	3837
430297b6-3e06-447d-a78e-d1e8f706146f	Csép	2946
49c42d8e-68fd-4868-9d12-ef0df9f13708	Csépa	5475
0b6e4d05-0907-4877-90dd-058409980ada	Csepreg	9735
da1896b5-3e50-450c-96f7-643026aa6df5	Csér	9375
ef5db140-c1b3-4144-b36e-108ce6dee19b	Cserdi	7683
999ce802-75bb-4b4c-beba-0e79de5c1d9e	Cserénfa	7472
7022433a-3a61-4966-926a-47706bee166b	Cserépfalu	3413
7db15b8b-6c64-45a9-b89e-42e82c095337	Cserépváralja	3417
67f2fd91-1fb1-49f0-a879-2ee0b8a1137f	Cserháthaláp	2694
019f1eac-0601-451b-8147-8aa1309c18ea	Cserhátsurány	2676
12b49f47-1b37-42ba-90ff-e563fd4b17e1	Cserhátszentiván	3066
698fc27e-89e9-43ef-b174-5a89e82f4fb5	Cserkeszőlő	5465
82d13133-9de0-49f6-a0d7-4a0a44a35606	Cserkút	7673
6f2c3dd9-f4da-432f-8e2c-b2c9b6bc1dea	Csernely	3648
7e96a2bf-b553-4408-84fb-50f344e015a3	Cserszegtomaj	8372
2866db39-488c-4a27-86ec-50e04c9e332f	Csertalakos	8951
c431a697-4f9c-4174-b1cc-adf43ddbd8fc	Csertő	7900
c11aa14b-a93b-4ef7-ac68-cf3e632838d5	Csesznek	8419
7bc0a0f1-5a40-46b6-a1f2-d4761c7a28eb	Csesztreg	8973
4d05467c-3e4b-4a80-aec4-2f5fbe879a28	Csesztve	2678
d9e9e8d4-a494-4b9b-b51d-04ba40437ff5	Csetény	8417
4ec61e05-8f3b-4593-9b67-489eef7967b8	Csévharaszt	2212
03cae6d1-4ab0-4db0-8049-b28af2938acb	Csibrák	7225
95ad4420-b287-4bbb-9ce7-2644c56aef46	Csikéria	6424
7c8261c2-39bc-43a2-9400-bf2b85a08266	Csikóstőttős	7341
bd2dfcd9-a9c8-4289-836e-efe9af5a3303	Csikvánd	9127
0438fdeb-2ee1-4b45-8319-567054b4c686	Csincse	3442
2a41ee0f-4ffa-4618-b9d9-b095876302d7	Csipkerek	9836
7f750976-190e-4b87-a3f2-bba1c0d250f5	Csitár	2673
00c7e725-374e-45e6-a67f-c89cc8d45131	Csobád	3848
bb077c58-3c48-423f-8b64-c89792e04300	Csobaj	3927
3c1b3e43-a594-49e9-98bd-f0c9a03eba40	Csobánka	2014
b49919b9-3d91-470e-a544-f22f0c3565c9	Csókakő	8074
d507bcd5-1079-4ab8-af4d-4be163bff6c0	Csokonyavisonta	7555
30f1d63c-e1ae-4bbc-8cff-f9067187e0f6	Csokvaomány	3647
2f605485-6da1-47d0-b2f2-1dbf2abb7a3f	Csolnok	2521
d5028e77-fe4f-4565-8915-9c718d7e0c16	Csólyospálos	6135
3bce7074-0ffe-4c7a-bf54-91e3f5274899	Csoma	7253
195390f6-88da-40c3-8f74-728fffeaa71c	Csomád	2161
00fdb102-8346-41a2-81db-553607d361d3	Csombárd	7432
5aa3bf31-23bf-473a-9d98-1ed7d8d1671a	Csongrád	6648
ca6cbf64-aaf4-4611-869a-6c32a1785b18	Csongrád	6640
175517f5-c6c1-4ced-a7be-83baaecbcaa3	Csonkahegyhát	8918
f4e45710-254e-4b0f-9d65-f1b5d6f3ad03	Csonkamindszent	7940
b69f8c52-de06-4cd7-902d-9e8a830c122e	Csopak	8229
8a2e91a3-1076-45fb-a399-381e22c36f89	Csór	8041
f4f36cfe-305c-435b-9999-da152485004a	Csorna	9168
4ea0c660-7968-491b-ad5a-6acfa2598183	Csorna	9300
39cd6b7c-9b10-4990-8ef6-7a20433c6768	Csorvás	5920
3c23f106-df9c-4ef5-b1de-41e3c16efb71	Csót	8558
4a4ce74f-a954-4050-8658-98b95d278bde	Csöde	8999
130080fe-9361-41a8-922e-a11677b4a4bf	Csögle	8495
93ef0ba2-822c-4ef6-a8b2-d4faf77a36d0	Csökmő	4145
ab94cdc3-044e-4ad8-9442-2745c351e3fd	Csököly	7526
bd227caa-07ff-4337-bda7-dd09d9ec86cf	Csömend	8700
45ec56b8-f9cd-40bb-a4b6-99708d55bcea	Csömödér	8957
ef1265a8-ea66-423a-99b8-2054131d77bf	Csömör	2141
a0a50e5d-32c0-47ce-8dc6-5fb1c398b163	Csönge	9513
8b80344b-3254-4324-a73b-4d834c3f7b12	Csörnyeföld	8873
e1c9f0f5-febf-4656-8fdc-58d0df829e6a	Csörög	2135
49bad268-5e0b-4751-ab73-1ae441d1c467	Csörötnek	9962
487124e1-3d35-467b-82ea-0f5dae8c5518	Csősz	8122
22716d2c-1353-4176-b9d8-33beabd342a8	Csővár	2615
128bd45f-4f95-4d19-ac2a-2e5cb2ceb467	Csurgó	8840
d8c9b58f-563a-4b7a-bc23-a36dcd022c6d	Csurgónagymarton	8840
8bd11cda-9438-4bc7-ba01-15b08be9d69a	Dabas	2370
2f5e7c1f-f93e-4eb8-8b09-04305d19beb2	Dabas	2371
cef1c388-86df-4068-823a-1973bba059ef	Dabas	2373
c35780fb-4530-488e-a4c8-56f1ad9c4fe6	Dabronc	8345
8eebd5fd-ae26-4a6c-978b-37fc75213ddc	Dabrony	8485
8a7c4473-8a4e-4e85-9101-8b20112fc918	Dad	2854
871d823b-f624-4b64-8176-2597cf460ef1	Dág	2522
2b795021-10a2-4dae-bc1b-4dbe6913c099	Dáka	8592
1a2bfdef-2172-4804-85cf-8f2838819631	Dalmand	7211
53d4f51c-bfac-48ff-ae79-8268946b3410	Damak	3780
4413a53a-5c97-41f8-a5b3-b2a5daa42a47	Dámóc	3978
bdc4a4aa-4e88-4975-a0c9-2285804f54f2	Dánszentmiklós	2735
2942ef21-ab6c-482f-9380-eefcd7ded84c	Dány	2118
e34671df-f212-4681-8dfd-6c7f2873a7fc	Daraboshegy	9917
dbb97867-11fb-4b2f-8280-3663b17455dd	Darány	7988
501c3532-1cc8-46ab-851d-363ec152bff0	Darnó	4737
fc821fbe-cd6b-4e94-a7a6-435008aa8494	Darnózseli	9232
2acb35ba-8179-40c5-8c29-c5292be39033	Daruszentmiklós	2423
8a9395eb-e96b-47b1-8f3f-a31e39c5f7dc	Darvas	4144
b7029b98-3142-49f3-b75a-481f72fc3cd9	Dávod	6524
d7ddde47-5697-4fc8-b557-edc6082d1357	Debercsény	2694
9d7b54f6-4747-4390-9f9b-4e9c15ae1612	Debrecen	4042
c7154792-3a58-4195-b37a-2f1b66d04b12	Debrecen	4033
97d92ef4-383d-4825-a347-759fd00b8f47	Debrecen	4027
9db83243-2013-4468-9da1-4c0f434f752d	Debrecen	4028
bf4d8cbc-7400-41f5-8624-d733e9298ae6	Debrecen	4030
14f94aaa-82a7-4cf7-b92b-a1ca4b233e3a	Debrecen	4000
033451c9-0ea1-4dd1-9596-9eba97cfe334	Debrecen	4029
e9a677cd-ac29-49c1-bb1f-ccfb0f911e6c	Debrecen	4225
f5a3ef4f-1b29-4b5b-9407-ee3125f29465	Debrecen	4025
f17c0452-91c2-4b56-813c-6a3a312295df	Debrecen	4026
f55d509f-5128-4294-a039-02c78537c8df	Debrecen	4063
d8c4d735-ad1a-4093-8317-325d5227349d	Debrecen	4034
1f409868-929a-4d07-b700-a8a1af1a17a3	Debrecen	4079
802c3cfc-dfdb-4ee2-bdbb-b1f546c13ac1	Debrecen	4078
63f3aa5f-4b47-46ae-bd61-de0892829df7	Debrecen	4032
ffedc9c5-54d1-4b8c-b3b2-6b14a0f963e0	Debrecen	4031
f7222366-2f72-4f76-8132-a6530f239c23	Debrecen	4024
3810ab4f-4f2d-4f3b-8f62-fa967156c8ec	Debrecen	4002
e5d5b558-95a2-45d1-b3a5-9c8aedf0b1fd	Debréte	3825
594df5f8-8441-49b6-8ccb-82b45f8f8c71	Decs	7144
2a4b0f1b-c375-406e-8b38-5a598eb57f47	Dédestapolcsány	3643
a31d528f-acc7-4aea-868c-8742e48ebb83	Dég	8135
7d94be86-186b-473d-8c2c-1dc09d8aa9e7	Dejtár	2649
86fc6544-3b68-4843-b245-53440c257def	Délegyháza	2337
f1a44ccd-d0d7-41f0-9a90-e604005d5366	Demecser	4516
b7636137-745c-4880-9638-8cbd03aa68aa	Demjén	3395
02b22aa2-6e79-4ea0-95e8-810a8bdc4603	Dencsháza	7915
bc4d2f43-ed74-4eca-9fd6-e8e4820817e3	Dénesfa	9365
5c9a2d03-5bc3-40c4-9a79-8cc1c6bbf59a	Derecske	4130
af88378d-6a92-42f1-bfd3-bb296594aa42	Derekegyház	6621
24565cd9-c734-4732-93a3-486374920382	Deszk	6772
c207e703-07f7-4dfa-89ee-47bc20fee862	Detek	3834
223061dd-ad99-4c02-8a5a-008268bbe1bc	Detk	3275
05afd499-8b4e-4dd6-bf0f-4d73c9f7ad14	Dévaványa	5510
1b590b46-865e-4489-8df4-bc4a667111ca	Devecser	8460
ef3d2d77-cf8f-4eed-b2b6-b29895c701c2	Dinnyeberki	7683
d6608eae-d903-47b7-ad38-0af243e756b4	Diósberény	7072
c1bd6db7-d7f9-4e23-b137-89c77c26c9bb	Diósd	2049
a0f5720b-dc67-4bbe-beb9-fb6cbe289ebb	Diósjenő	2643
6badc194-e8f8-4a13-aec9-49f765ea3dec	Dióskál	8764
3c354552-9d5c-4caa-8b5b-0cca9ce0db00	Diósviszló	7817
dae9ce80-b7ee-4981-a266-1471f198409b	Doba	8482
9b9c2df6-0c81-437b-9766-a05570cacbd6	Doboz	5624
6ff9b5dd-3518-47dd-872d-4e62ba8c19f2	Dobri	8874
2796315d-6d9e-4c9e-9212-8591cd8594ad	Dobronhegy	8989
2f6ab875-2dc0-4cef-a1a1-d08f4684f952	Dóc	6766
df2d7f04-28dd-4f4d-a7b3-b8832ebe7589	Domaháza	3627
d584981c-1fe0-4ac9-bc81-60f6fa91837b	Domaszék	6781
d897ff03-7e43-44c5-abe1-ae31d7b091d2	Dombegyház	5836
46ac99c4-d14a-4635-93bf-afa3d830dde9	Dombiratos	5745
4bd239e0-22bd-4f14-a3be-228787b2627f	Dombóvár	7200
14b9a3d9-217a-4341-892b-5bb142537396	Dombrád	4492
f3d101df-ef35-436c-b6dd-2c03c55aad07	Domony	2182
addfb824-2995-4668-80c3-474feb0bcfbf	Domoszló	3263
33f19b7c-98b5-4f83-b24f-437d4cfb0e28	Dormánd	3374
338927e1-2daf-48c4-bb68-014f8a72ec72	Dorog	2510
7487fec3-cfa7-4132-b7b9-12f97bc06e79	Dorogháza	3153
dd4f4c43-5937-40fd-94d9-c9fed53ec4f8	Dozmat	9791
082f81b5-a680-4df5-9a23-34c98e93268a	Döbörhegy	9914
d44f94a1-f921-4f48-98d3-08bcbac46279	Döbröce	8357
4cb9e1ed-7339-4f48-a9e6-2b6b4e0a34bc	Döbrököz	7228
c386068b-484d-4a3c-a4e4-5a534d485243	Döbrönte	8597
7e539252-743a-4d5f-ac6d-ebb50c78738b	Döge	4495
673f8303-6667-48e1-bd3c-e56f85d1ce94	Dömös	2027
3c9ca5c0-0708-4f0b-8914-c30bc99de54c	Dömsöd	2344
3278c878-67fa-435c-9a70-bd85a53ae1ee	Dör	9147
61c69b8c-e364-4ae6-8c5d-a34d13c2a18f	Dörgicse	8244
c32d50c9-050d-482c-ab17-23bea30c6adf	Döröske	9913
7871df86-7ad3-42a4-af2b-89db2d263044	Dötk	8799
2c0d5bb6-3583-46d9-a932-29c0720d0f64	Dövény	3721
f5f44594-7bee-4381-b50b-2be57c29c512	Drágszél	6342
e7b29812-8713-4737-91c4-42aa020b77aa	Drávacsehi	7849
1e46cc4e-77d3-4be7-ac78-0a346b35ec8b	Drávacsepely	7846
b6f3bbdc-7254-4c69-8407-928f1719a691	Drávafok	7967
a45ea78a-dcdd-427f-92f2-63ed0a847284	Drávagárdony	7977
62b0b8eb-2048-4187-bf05-995b225d5b07	Drávaiványi	7960
d46bcd68-1ae7-427e-b130-53574d98613d	Drávakeresztúr	7967
2748aa3f-fd14-4a6e-ba86-70e5702bbc25	Drávapalkonya	7850
b15bd17a-4b56-4fb4-903e-cb08a9e1f3ef	Drávapiski	7843
62e5aa4c-ccef-4838-b66c-6c20dca73d58	Drávaszabolcs	7851
4271144a-1afa-4fe8-8995-5e82ff82f062	Drávaszerdahely	7847
37f7fe75-c3b9-4416-a752-8fc7ef583847	Drávasztára	7960
7f08ef9c-6b2f-449c-88f3-80ae1906198f	Drávatamási	7979
9840a3cb-9713-4ce7-adce-cee56729dada	Drégelypalánk	2646
9e508dd7-1793-4091-bf9f-0d5d828888fe	Dubicsány	3635
20fb1a61-9965-4fe4-bf1e-8b12cc8d8c6d	Dudar	8416
e531d1ba-816d-4caa-9902-70a70886caa4	Duka	9556
1a0ed753-a362-47db-b5d6-b626cebe50df	Dunaalmás	2545
33de9257-226a-49ab-8084-7766a98c5ace	Dunabogdány	2023
afd472ae-ca56-4d8c-b92a-06b195a5275a	Dunaegyháza	6323
ee43747d-14a0-4f9f-9d64-ec4c777e3b03	Dunafalva	6513
e1d3b1cc-74bc-47bc-86ed-4175a6df7bdb	Dunaföldvár	7020
1ffe11a3-07f6-40c1-aa3d-305302931fb9	Dunaharaszti	2330
cf7daf12-4b61-4500-b92d-17b0a63ec866	Dunakeszi	2120
6d2253bc-340b-47f2-b615-f5a9f953a777	Dunakiliti	9225
491f7cdd-48ca-4459-b950-e729b9508b88	Dunapataj	6328
41936e6f-9c79-49fa-aaa2-d24fb0e38167	Dunaremete	9235
32c21c29-f856-49a8-afa4-39ed08f818e0	Dunaszeg	9174
40205ea7-8d4f-48a3-984e-8a31e68c9854	Dunaszekcső	7712
1ab99a4b-2187-436f-a4aa-64657d6a1ab3	Dunaszentbenedek	6333
e199abc9-3174-472d-913e-7d560548b66e	Dunaszentgyörgy	7135
cc58ff77-2a37-4e60-bf15-b37149ee3a0e	Dunaszentmiklós	2897
97d2dbd6-7447-4393-9634-6040a381539e	Dunaszentpál	9175
2d228da3-a285-4849-88ea-4601ecc916f6	Dunasziget	9226
d00abe78-d817-40df-a1fc-ac3d223c1ed9	Dunatetétlen	6325
8af6032f-128e-48fe-807a-223dacd6b90f	Dunaújváros	2400
4b84cfcb-c8da-4eb6-b1ec-db07ef860a0a	Dunaújváros	2407
dd995e91-f75a-4f07-8395-15b4159788b2	Dunavarsány	2336
27115bfe-014a-4334-b075-6203b8210118	Dunavecse	6087
fdab8c1a-000c-4622-ac29-8ab2f577e5ab	Dusnok	6353
fb0fdca4-36b8-4b87-9fb0-4207ed304a04	Dúzs	7224
03aa8f5a-c011-4d4a-b84a-47ba689acd3a	Ebergőc	9451
daf6ecde-659e-4bea-98c8-7d574ffd2887	Ebes	4211
ff8c8ee5-2d53-4463-b56a-b0973b64f96f	Écs	9083
6734b61c-2598-47f3-ba33-f6b654cf9788	Ecséd	3013
c3821d81-7b73-48c2-b6b3-56e0799596f2	Ecseg	3053
3731c769-7edd-452c-a2ab-bbf465cbfbe4	Ecsegfalva	5515
00f1abeb-0ed4-4897-9bf9-71cfca2ff00a	Ecseny	7457
7c4e0d28-7be0-4c53-b13a-572e93f8da48	Ecser	2233
5a422515-fd5b-471e-a175-e9890ff1e68b	Edde	7443
c247a063-9444-450f-b1cc-cb69d5bd53ca	Edelény	3783
91f13059-bc27-47e7-9ba8-09dc1037a596	Edelény	3780
866783f4-d4f3-4dbf-8ebb-5af33d2eae10	Edve	9343
8007ea14-b785-479d-8044-26511d151a11	Eger	3300
bb9c6721-030b-4688-8e90-a935f9174f5e	Egerág	7763
473b6fe1-a528-45af-9342-7331b5e52281	Egeralja	8497
df183761-dd95-43f8-81f6-452aab128f2c	Egeraracsa	8765
6898f881-1104-4363-82cd-1b73b722e79f	Egerbakta	3321
8443f264-b4a1-4bcd-9e73-d537ec8abaf8	Egerbocs	3337
14cdaf6b-7b1e-4b78-9e6e-b592ed62a6ba	Egercsehi	3341
686481c2-a307-4eb2-9330-d055062aa221	Egerfarmos	3379
ef54311d-24ed-460c-86f6-9fc60e78365e	Egerlövő	3461
50e987b2-f56b-4d42-b80f-a3135942e171	Egerszalók	3394
3eec0cda-db4c-4f5c-90c9-df2bfdf2e76d	Egerszólát	3328
2b2c3284-b29b-476b-a3f6-578f35c8dcc6	Égerszög	3757
fe164553-8c4f-4351-b80c-664af970b96a	Egervár	8913
fe7603a0-38e1-402f-8458-6d2450cc3686	Egervölgy	9684
656f8ced-ac3f-4942-bb76-ec9d34bc22d0	Egyed	9314
18c3f59b-cc14-40cd-8400-cb0553506daf	Egyek	4069
fe258c75-ac6a-4a00-b6e8-a194939f8a4a	Egyek	4067
8e3b8cec-9385-4d12-afe8-87da1dfd650b	Egyházasdengeleg	3043
aa445e1e-9e20-43e6-b808-db4c96624966	Egyházasfalu	9473
db783a73-d04e-4b83-8497-9391895d66c5	Egyházasgerge	3185
2699a27e-7d78-47b7-80bf-da7d1c6e6fc8	Egyházasharaszti	7824
c3e4b23b-dcb6-480e-9d7d-c09be784ca07	Egyházashetye	9554
380468f7-122e-4f3e-b3bf-939a7fd05a99	Egyházashollós	9781
4452cb90-87a9-4396-a382-5206445232f5	Egyházaskesző	8523
59e3ae26-b1d6-4cab-82b4-bc2efb2d4786	Egyházaskozár	7347
1bbbf87e-201f-4c85-8093-eebf6f60c03a	Egyházasrádóc	9783
13be1169-bf0e-4262-be8e-f763e1c1c933	Elek	5742
cee4dee9-7f5c-4651-b42c-da4f2385ae6d	Ellend	7744
03b3374d-bcd5-447f-b2dd-d666def50db9	Előszállás	2424
cf1134b1-911b-446b-b20f-45c4579477d1	Emőd	3432
439d4624-a4ab-455d-9dec-665ca4d17060	Encs	3860
3301ab12-f459-4449-b705-d267b2e270a4	Encsencs	4374
fa677b8a-f03a-4a33-9ef5-96b7efd1bced	Endrefalva	3165
4a84128a-3049-49cf-bfc7-5cc3f842af23	Endrőc	7973
5631a6a5-2cd3-4098-8b17-9bee3551d4a3	Enese	9143
670d0e34-a535-416b-a875-5a36fd6ecfab	Enying	8130
28fcd39b-ec42-4ac7-a520-f892a93206e3	Enying	8131
c96dd5c9-8c63-4e5e-ac0d-f4ad18f9b92f	Eperjes	6624
a7bc9ad1-94b1-443f-b9a1-e5d836cf546e	Eperjeske	4646
08fdc93c-5162-4134-9227-5e8ec2a73cd9	Eplény	8413
36f7d33a-ac81-4be8-a249-fb7933d86402	Epöl	2526
ff00dcc6-5b1c-47d2-b232-3cc4897f6e1e	Ercsi	2451
163ddbcd-b91a-4b4e-923c-8d3539d5284f	Ercsi	2453
8c39ea59-c929-4515-9902-3abee6721c42	Érd	2030
f61c0057-5019-442e-9c48-191dbf75068f	Erdőbénye	3932
d170cad5-0247-4bd7-a8a0-d7e3b2911dc3	Erdőhorváti	3935
2ab4ff51-4c6f-4ca1-8d36-0cb51816bb36	Erdőkertes	2113
3fed9920-53b3-4b36-89e6-1fd66ebcdcfa	Erdőkövesd	3252
9d262a0b-3668-452f-8b51-31bcd107943f	Erdőkürt	2176
2c01633c-7cca-4c84-b0e3-299717c02d56	Erdősmárok	7735
21bbe148-c4e4-4958-b3ef-c1ef39d2272f	Erdősmecske	7723
6db40d53-a476-4e9c-9bf5-21f13dd81583	Erdőtarcsa	2177
7e135779-9770-4edc-abe8-577711b1f541	Erdőtelek	3358
fb659b56-ad65-4ef2-b3f6-47411a54e48b	Erk	3295
9632db83-9199-49cb-9351-06b2eecf4990	Érpatak	4245
cb7c6573-a4d6-402e-883d-18b62f012c0c	Érsekcsanád	6347
2fca4945-eb94-46c6-94a9-3d0f5e0c9d4f	Érsekhalma	6348
4ef4a673-cb40-480e-b3e6-63df6ecd3174	Érsekvadkert	2659
270de96f-c921-4aad-8d9e-77398eb2004f	Értény	7093
a3fa50e3-a138-429e-bf06-029543482ac4	Erzsébet	7661
942601a1-4aaf-461a-b9cc-97c8b9de0277	Esztár	4124
031e51dd-463f-42a3-83a3-32743a568fea	Eszteregnye	8882
1f2d274f-be53-4971-b9da-4f61f63e94b8	Esztergályhorváti	8742
6258200a-78eb-4796-8336-95dd4a0e610d	Esztergom	2500
e9866f2e-0200-4aaa-b783-b20e6397b134	Esztergom	2508
14c12f13-1898-4cb4-84d6-53d2d34829f8	Esztergom	2509
912c7214-ad6e-4aaf-941a-a419e38bc6f2	Ete	2947
b1a8f972-16a8-4b3c-a831-e55a22c111ad	Etes	3136
a8af646b-3976-455b-9324-1b21790e93a7	Etyek	2091
0102fc3c-7a35-4567-8bbd-4606676d0846	Fábiánháza	4354
2d17c3f5-7507-45b3-9606-d0530b6cf507	Fábiánsebestyén	6625
d5d3424b-a528-4130-941b-870709e5aaea	Fácánkert	7136
c57e2926-584f-4460-b832-ee036676f4f9	Fadd	7133
173f954e-7622-4bf2-9f21-eac098acc4f0	Fáj	3865
c5dba9f6-af92-4f75-8c5d-64dfa2704c8a	Fajsz	6352
0c22a99d-d683-4ee9-996f-a636d4fc37bc	Fancsal	3855
d826234a-6892-4264-8146-1f6833b40452	Farád	9321
17258d56-4ee6-4781-949b-56da9591cfbe	Farkasgyepű	8582
d0955aa9-7026-4058-b8a8-22b1d1c008bd	Farkaslyuk	3608
f3e34bbb-3ac3-4d2e-8624-c417adfc9881	Farmos	2765
0c7e1b97-4163-4f28-8905-8902ac6fc3ef	Fazekasboda	7732
815b280c-20bf-4d7d-b2c9-4ec2fddc2e4f	Fedémes	3255
770532f1-f47f-4ae6-9131-d757853a9e1a	Fegyvernek	5213
2311ab6b-ca16-48b2-8ecf-c6fd6bc11c5b	Fegyvernek	5231
e791c789-b9de-43de-b98c-3b1a42a86ca4	Fehérgyarmat	4900
374381ae-9320-495c-b850-dcd3ba37dff6	Fehértó	9163
1db87982-8b17-4478-9bc8-71f2e2330258	Fehérvárcsurgó	8052
d9cadd0c-a84d-49a0-916d-77c65e006c2b	Feked	7724
7cdb5771-3294-4dce-8300-9c8af99e7b04	Feketeerdő	9211
667a5ed3-84db-4923-b832-037e89d44fb4	Felcsút	8086
257d488a-f531-4620-b063-ed85dae2d1b6	Feldebrő	3352
7e388040-35a4-4f43-8426-8a1eaceb3e6d	Felgyő	6645
0461bf73-2f47-47e8-a886-0706a7c26252	Felpéc	9122
6da0e677-2d5b-40e2-81f8-a686c6648e3b	Felsőberecki	3985
a97b6be2-2be1-4bc0-a8c6-0c7cf0a35310	Felsőcsatár	9794
fce529c5-0566-4f2a-9c40-b0f2487921d0	Felsődobsza	3847
c5a6fc6d-dd07-4126-8069-bca6729a3f5c	Felsőegerszeg	7370
b04c4063-a3b0-4a23-a2af-1acb930dd01e	Felsőgagy	3837
832987d4-cc8e-48cf-9817-1dbcdb3d026c	Felsőjánosfa	9934
01d97329-b161-44d0-a1bc-c378474c9c2a	Felsőkelecsény	3722
97f3a488-42d9-48de-af58-db5d9515f214	Felsőlajos	6055
2c231a51-c84a-4dee-b811-d985eb87438f	Felsőmarác	9918
94adaac3-6ef7-4532-8c4a-b8d56a74a041	Felsőmocsolád	7456
9dbd60a1-d052-4934-ae2b-1bbfe9cbd8df	Felsőnána	7175
5c75abce-7e6c-45f3-aa93-635c5cfc7c86	Felsőnyárád	3721
b7f9d4c5-982b-405d-a22b-98edb230ea4d	Felsőnyék	7099
bf5957b1-ce72-4b67-afd8-8fdb45af235f	Felsőörs	8227
a5927f9d-08d8-4937-8431-e84a683b4880	Felsőpáhok	8395
fef976d5-bcae-41ba-a874-4633f7d4ebf7	Felsőpakony	2363
33541f38-bbae-4b9f-84cc-d9c2a542d2dc	Felsőpetény	2611
f908e638-9840-4d7a-b0f1-81e193a61d84	Felsőrajk	8767
af376d03-ad77-468e-bf44-7a833055e790	Felsőregmec	3989
c6e17fdf-4def-4d81-8078-a963201ca13e	Felsőszenterzsébet	8973
9da3d9d4-dca6-47bb-afbd-eff67492e935	Felsőszentiván	6447
8ce542b4-004b-4978-842f-8684cd62fd49	Felsőszentmárton	7968
3090c4d5-caf2-40bf-8693-f89be3631c02	Felsőszölnök	9985
9e3e3d47-f337-4c83-a9ef-0f8dc39ab39b	Felsőtárkány	3324
aeccaf20-7299-4357-ae7f-38a8fbde5aae	Felsőtelekes	3735
2d7de77b-9c43-4457-b970-be913d153edb	Felsőtold	3067
131c74df-4b4f-4bc6-9ae8-908ac657cd71	Felsővadász	3814
22872fab-85cd-435b-912b-d605ba113414	Felsőzsolca	3561
59b44035-96a2-4d5f-a0db-ecce6204efa5	Fényeslitke	4621
a77bf449-40a4-4ab3-b300-f1f7f0ebff1a	Fenyőfő	8432
8c25ab2e-269a-42c1-af8a-e9fec22f7181	Ferencszállás	6774
6cda4eb0-d5d5-4158-a7cb-c2998c22458a	Fertőboz	9493
f2bbf12d-1f33-4d0f-a992-add54b224f48	Fertőd	9431
15c34e1c-51ed-4d51-b974-868b3eff5a3b	Fertőd	9433
23c509d1-4d41-491f-88ef-87fb2497e5c9	Fertőendréd	9442
429991b7-2544-4455-b7f5-ef50438da492	Fertőhomok	9492
d53769ac-95fe-47d4-a16a-1ef474068377	Fertőrákos	9421
b8d1b834-1352-4412-945c-caee7c4e31e3	Fertőszentmiklós	9444
2fc494cd-ed8e-42ae-9ab5-637460332fc2	Fertőszéplak	9436
75592d80-f0a1-495d-a974-9e72a0360e43	Fiad	7282
d28ef962-45bd-4c4d-8718-3d9f2a4e2286	Filkeháza	3994
c779b39a-9130-40b5-ba59-482263a5e9de	Fityeház	8835
bf369282-3993-4a43-9596-d1965a687aa0	Foktő	6331
cfde2b56-6469-4935-979b-d58d375a8e98	Folyás	4095
0c5029d4-1a3f-4f66-b47f-835ba355c730	Fonó	7271
cc1ed4af-414c-4cdc-a2e9-179c0527b43c	Fony	3893
cc9f92b2-1329-45aa-9505-d5b712a7035c	Fonyód	8640
00e5783a-74e0-4c98-bfc8-1512b4c41c13	Forráskút	6793
55ff461c-830e-47b5-ad9d-679f09dce058	Forró	3849
81a81371-1448-4a51-9b4f-192540b9fbac	Fót	2151
5db6a236-09c3-4831-b7f6-d5430fc386e1	Földeák	6922
d85bbe58-588a-4fbd-86b4-3449a78f2034	Földes	4177
db9e5ed3-1299-469e-a97f-5c4c8a5b4a89	Főnyed	8732
7255de7c-f614-430d-a958-6e6f8d0a6020	Fulókércs	3864
6f4544a7-5199-4f39-b663-46a8f8ee5153	Furta	4141
382f78ee-e0a9-4faa-8d3e-49f78cc5b614	Füle	8157
c91f35e6-e88a-4945-94ea-f598d5c0285f	Fülesd	4964
eca38670-ee0a-4273-af12-e84625e96874	Fülöp	4266
71a7e3d2-1dc0-4040-8b2b-14e3231ef477	Fülöpháza	6042
28bee243-8acf-427a-bca9-066d8892597b	Fülöpjakab	6116
d3a1d9dc-a485-4725-b1d6-41115c812ab0	Fülöpszállás	6085
1551c5a7-b819-4247-9522-26862a7c2796	Fülpösdaróc	4754
aab66688-689a-4dd8-b7d5-6aed6ec1146b	Fürged	7087
95c15992-90af-4c17-a3ad-9298d9cc6b18	Füzér	3996
18281e3f-afc3-4d6e-8a5a-c4d8c28cb56e	Füzérkajata	3994
0a45e031-bf37-4c08-9188-c69531f40b1d	Füzérkomlós	3997
0e6f688a-ad27-40f6-b719-f9ce24b7e934	Füzérradvány	3993
fbbc6e25-330b-4b16-a907-19cd7781b64f	Füzesabony	3390
e9e6245f-6ac6-413a-aac4-214854efbe4f	Füzesgyarmat	5525
f1b65433-e208-469d-8c30-0e27aded5119	Fűzvölgy	8777
e1242651-2824-48b7-84f4-cf9d3c0a793e	Gáborján	4122
8155f65e-66ff-48d8-ae37-194be291d788	Gáborjánháza	8969
9cbb49a7-ef99-4ff5-b834-3b51cabe3911	Gacsály	4972
63cba8be-ab16-4443-8b26-7d74077a4bff	Gadács	7276
06ad1adb-aa43-4887-a10f-cc7bdc87516d	Gadány	8715
7d6988f6-723e-408c-9451-f25808fa0197	Gadna	3815
91ba598d-a46c-4355-82f7-a3a4329342f6	Gádoros	5932
c06dbcd7-51d0-4cba-b22f-2975f52d1a37	Gagyapáti	3837
3f827d71-10dc-4519-bc9a-31bd39fb2189	Gagybátor	3817
9bd253d8-f065-411b-9955-bac08c805d63	Gagyvendégi	3816
a7113c2d-dfd7-40a3-b164-50471dd568af	Galambok	8754
e9a06a7a-2a8e-4cca-b6f3-c9c5e2367d8f	Galgaguta	2686
2775fe80-9fd9-4018-8415-10999ae1bd5b	Galgagyörk	2681
ae4984f8-3aff-46da-bde8-a0b4a0c64ff1	Galgahévíz	2193
89459332-4340-4922-b029-fe75f5b747c7	Galgamácsa	2183
14f73de4-9b91-4f1d-86f1-d0b2e6ab7e4f	Gálosfa	7473
f8287924-9c47-4a61-9894-b009e6774df5	Galvács	3752
b4229741-f73e-427c-bc4a-06c659aab53c	Gamás	8685
04d6b400-e39c-434c-b6a2-578e2be4767f	Ganna	8597
3357de58-8e91-4e98-9621-cb572c9d7027	Gánt	8082
6dec3209-2f91-4260-9a36-bc3046fb490c	Gara	6522
10f24da5-a680-4c4f-9ce8-9254389e8898	Garáb	3067
f9605c82-aa25-43b5-bd55-3ed815155f9a	Garabonc	8747
d8e31f5b-1c99-44cb-9084-2b923e507d42	Garadna	3873
148eb3f6-18f1-4ef6-81c9-a1f6af66fcac	Garbolc	4976
775b3f21-8bf3-4037-a5b7-53ec7c352f9c	Gárdony	2483
a5440a16-f174-4d6c-82f8-ca38625c5acc	Gárdony	2484
253e3c9f-e20d-41a3-ab26-6d40ce7e3c20	Gárdony	2485
378896d3-9ceb-4841-b319-e536f853383f	Garé	7812
bf4600a6-0734-4f1a-b13d-d38b5f1e9b78	Gasztony	9952
3717007f-9056-43c6-ac1b-8a3ead90e7c2	Gátér	6111
b4234131-efb7-4b9c-8223-74b27bf270b2	Gávavencsellő	4471
d41a6e57-c9c5-488c-8db4-e4c667042038	Gávavencsellő	4472
2e88c19f-e6b4-41ec-8e02-8a104583de03	Géberjén	4754
8f7e0a79-1936-4608-9105-144ba81a4135	Gecse	8543
587d975a-3b93-49a7-a5a0-d16cc06af449	Géderlak	6334
daa220fb-c242-486f-bc99-87b57711f856	Gégény	4517
aa3682b5-c487-4c2e-9674-a16323e0f4b7	Gelej	3444
26916383-14c5-4c7e-86fc-fc1351e0ca9c	Gelénes	4935
7da3d9b8-4357-421d-95ab-d8d9d3c64237	Gellénháza	8981
da48c8f2-c592-4826-90a3-12d11e3a76d3	Gelse	8774
042a9223-f392-4238-b1d8-aa825d1f7989	Gelsesziget	8774
b0aeeaec-c392-42c1-bd8b-a0aae30acbfd	Gemzse	4567
451f3737-ed9e-4eb0-9caf-8a6561e17ff4	Gencsapáti	9721
9a4062ad-9d67-476e-8105-a1d62a8c4de2	Gérce	9672
b157c00b-5be8-473b-a018-c4358b6dd1fb	Gerde	7951
14141c2a-287b-4f8d-8cbd-2e158f98dfbd	Gerendás	5925
496edf22-bfd9-4758-89da-1acd67945d37	Gerényes	7362
8019395a-2d91-4148-ac3e-7eb382893597	Geresdlak	7733
024fec84-07fc-4c5d-86f4-c66cd07d13be	Gerjen	7134
d7858d94-ca83-4369-b357-248a493cede4	Gersekarát	9813
6c62359e-3c80-469c-9288-bc668d18f400	Geszt	5734
1e2cf7ca-5514-4708-b29f-6a8577d6365b	Gesztely	3923
259ce476-c7ae-4da8-ae4b-b2d6bfbd4d23	Gesztely	3715
343cf5ac-a5d7-4529-bffb-9a8e6e472e46	Geszteréd	4232
415788bf-2715-4ea8-952c-c68018726037	Gétye	8762
353c941f-1775-43b5-8462-751c2610584e	Gibárt	3854
7303d8fa-dbb8-43dc-9de7-8e149f4319da	Gic	8435
35bbed22-0014-4bbe-8431-d1db1e400e2c	Gige	7527
b769700c-1df9-44ff-b9c1-61e231a43c63	Gilvánfa	7954
36c2b71c-8bfc-419a-85cb-3f6838609e92	Girincs	3578
6c42f035-3213-4752-8ad3-a400235a2cb8	Gógánfa	8346
063ac55b-fb36-4021-8fd2-260b2eeb81da	Golop	3906
713a2af5-54c2-47fa-b21f-2714a50847fd	Gomba	2217
b9e443d0-9dbe-4e01-a68e-a51fcafd056a	Gombosszeg	8984
39c550b5-f4eb-427c-ac57-4979eac479b0	Gór	9625
b3e8b777-e85e-41fe-b1d1-939d0dd8dd99	Gordisa	7853
b9dc174c-b398-40f3-8ac4-5a7c9e4e7857	Gosztola	8960
9f7894a9-b030-4276-b243-3b930fd11232	Göd	2131
a44d8bb5-3e6f-4ad9-8646-f6810dfb9447	Göd	2132
7a7ef055-8385-4d04-b439-ad6a197fb7f5	Gödöllő	2100
bd2ba58b-71b8-4e95-8b2a-d52b484c5e4c	Gödre	7385
3ed3cbcd-31bc-4f66-9c45-eff359a66210	Gödre	7386
1824d3fb-f349-494c-9af6-54a6a5726094	Gölle	7272
6465320a-9ce1-4b94-b906-5f811d657bc0	Gömörszőlős	3728
1fa07732-16e8-4a3a-b6fd-c84f1513ab79	Gönc	3895
41492fe3-593c-4d57-be60-92eb8132dafe	Göncruszka	3894
a42fb717-4fd9-45f2-b13b-7389ed5b00c3	Gönyű	9071
5c3281e8-b9e8-4736-b895-dc1b75686dca	Görbeháza	4075
925cc2df-5526-4b9f-9641-6b667eeb276a	Görcsöny	7833
12b82f9e-68be-421a-ab49-13350f548e5d	Görcsönydoboka	7728
5aaee35e-6c48-4e39-8ad1-159c5f46cb18	Görgeteg	7553
e7050bbe-cd97-4c43-929d-b478e8bafbeb	Gősfa	8913
5958b7fb-a65a-412b-997c-489fa4a0e14f	Grábóc	7162
ec686335-0992-4325-86f7-4fbc047dc8ab	Gulács	4842
0c929f7e-d243-4f74-816a-7864b346897e	Gutorfölde	8951
e75ba586-92db-4da1-a392-5d881abe9192	Gyál	2360
83a14aab-2356-4680-946c-e6e5c77b77e2	Gyalóka	9474
43ce5695-92f7-4f47-93ec-8e99322d98d1	Gyanógeregye	9774
0096a3c3-165e-4218-966d-730cd9209697	Gyarmat	9126
6aec3aff-2e8e-4fe1-bf45-210342eb7a51	Gyékényes	8851
d12ec96d-4c84-46cb-84a9-8afd210d7b6d	Gyenesdiás	8315
f40dfa09-427f-4443-8e85-fd557cd026eb	Gyepükaján	8473
b398bd7b-740a-4aff-b40b-b022df1574f0	Gyermely	2821
0c888248-334a-444a-8249-ba63491c7f55	Gyód	7668
4c44bdbd-5720-4349-8a72-ce85efcdb6c8	Gyomaendrőd	5500
01c6ecd7-7070-483c-b8be-59439d860319	Gyomaendrőd	5502
4f3610a8-1dbe-44be-978a-4f6389f9c0e7	Gyóró	9363
4477f1ee-ee7d-4a50-bd33-8f2dbbb5ade5	Gyömöre	9124
c03e395b-4e54-47bd-b0c4-7920277524b1	Gyömrő	2230
37bb1106-766c-43fd-b2c8-d5c0a3876171	Gyöngyfa	7954
9fd363e7-7a37-4ccb-a8ef-f19b2ff0f18c	Gyöngyös	3200
f250c26b-d919-428c-88ae-367d1c4da8f9	Gyöngyös	3221
644e9409-7ae2-4361-9115-6147806cbc66	Gyöngyös	3232
16545914-1954-4de6-b746-d0337957a1bb	Gyöngyös	3233
77ab0a3c-3e6a-4a93-b178-8ee89e9fb8c8	Gyöngyösfalu	9723
b8c14de7-4042-495c-8b01-54736dc4cf1a	Gyöngyöshalász	3212
6fe038de-2a95-404d-a806-90b49cc95e5f	Gyöngyösmellék	7972
be8d1dc6-2e50-4569-b3ef-31f86af5af5f	Gyöngyösoroszi	3211
30b99659-6402-4996-822b-98fce0e50863	Gyöngyöspata	3035
253d2b7f-5b34-461d-9346-252524ff7d55	Gyöngyössolymos	3231
41cbf85d-01a6-42a1-8986-e91c968249ca	Gyöngyöstarján	3036
1ec03548-4f04-4f8b-8b42-cf2124fd968a	Gyönk	7064
26bfe373-e2d7-4e71-bd24-5c186242f3ea	Győr	9023
fa7d55b1-da9a-4076-9a8a-417d3f425b34	Győr	9022
bf8e2de7-d215-4b8e-8679-b1d7b1a2e973	Győr	9012
fe75d694-92f1-4b2e-9d36-90710a2fe6bf	Győr	9025
76bee935-b6d9-4eab-aebe-c8c5294e55fe	Győr	9026
2f3f503b-e244-459c-b0e2-1f474743c826	Győr	9011
cec2eb9a-277d-4346-88fc-e4433569749c	Győr	9028
f9756ed3-c934-4161-aa12-b248f40676c1	Győr	9024
61f75bed-1a8f-4554-9f79-f6f920cbac3f	Győr	9027
208569fd-9ff0-4c61-8448-a0347226a282	Győr	9000
a71f6689-7cab-4b04-937d-11cca8bd99e0	Győr	9029
cb43826f-b8dc-4cdc-be0e-dc30625e7d05	Győr	9019
58a942b3-cd91-47bf-a822-c6489e453bca	Győr	9021
eef2997b-867e-4092-ab2d-23dfab986985	Győr	9030
4c9fb7f7-6bb1-4b88-be17-c8d3b1764b0d	Győrasszonyfa	9093
3e4cef34-48f8-44a1-b40c-85c32a7c7ece	Györe	7352
8f74147e-a033-44ee-940a-a09968db7347	Györgytarló	3954
fb5ca37c-3a73-438d-8084-00b2b544cd49	Györköny	7045
af01d22b-b707-4c3b-aaa1-cdeb67a6214f	Győrladamér	9173
fac1efbf-270c-4b00-a707-79a33d50cf5c	Győröcske	4625
26438907-aecc-4ca6-b3ac-033f6c80d947	Győrság	9084
2eadbcef-c53e-40c6-bd79-cd43e08029f1	Győrsövényház	9161
af58071d-afc1-4c47-98ba-03ff1bb5bd6a	Győrszemere	9121
1fe6f7f5-533e-4f47-afef-b6d5e8885b36	Győrtelek	4752
8d242a71-4de0-4abc-bbe6-9bb395c3fa87	Győrújbarát	9081
160a1818-4c54-4b15-b1e0-66c6a4ef492b	Győrújfalu	9171
0af917db-e685-4f5d-826c-844ff6685aa1	Győrvár	9821
57be86e9-7b88-47ad-a7b1-89f96e49f8c8	Győrzámoly	9172
dd9eed76-a8ac-46ad-9248-41d4619a5aa2	Gyugy	8692
d66c7f2c-6fb1-455d-8e22-29f6b91a66b4	Gyula	5711
6aeb5501-15b2-42dc-b50c-7dba8e16309b	Gyula	5700
c705f5d9-ccd4-47d3-abe9-700948239991	Gyulaháza	4545
662eb082-f3ba-472f-9982-b38286a7ee91	Gyulaj	7227
7f06cfeb-d046-4e2a-aca6-63e3749438ef	Gyulakeszi	8286
305ebaaf-1d6e-4a13-8db0-0d2c2e340cfe	Gyúró	2464
8f9ec907-658e-439f-9e26-1eed20e022fc	Gyügye	4733
3535c96b-9ec6-4dfb-afe7-e01d4229f94f	Gyüre	4813
93b6f877-a7b3-4bc9-89cf-ece69be5a860	Gyűrűs	8932
51286995-a661-4484-b940-a25349b68be9	Hács	8694
03db191f-b0c4-4590-9c07-03a7f209ee27	Hagyárosbörönd	8992
aaffa0b2-6c2b-40a7-8bb3-414948065be2	Hahót	8771
40a0a0f8-ea3f-4cbc-8a81-2bf41b6f16d6	Hajdúbagos	4273
e242c8d1-dff6-4849-b3ca-07e31b730f76	Hajdúböszörmény	4220
2a053414-7190-46be-bda1-d8f65c3dfb96	Hajdúböszörmény	4086
c4f55d39-29cf-4d0c-ae87-fcda34f3f980	Hajdúböszörmény	4074
56e3ec57-d83a-4181-9303-6709ef8e9aeb	Hajdúböszörmény	4224
de0af184-ad44-4406-ac8b-d21f7853f24a	Hajdúdorog	4087
5cce9061-a1dd-4961-9368-4744827ac7d8	Hajdúhadház	4242
b1225604-49ca-4a07-bf57-215d6870c74f	Hajdúnánás	4085
c15e42ff-3ee6-45be-9d61-43a8bc029421	Hajdúnánás	4080
f5297c99-2e13-4d2b-90af-2850bffa3f40	Hajdúsámson	4251
5cca551e-0b62-41c6-98ff-a26f03125270	Hajdúszoboszló	4200
72e51a94-8566-4b0f-9008-fb8ad9560acc	Hajdúszovát	4212
8b180143-13d7-4f36-8cf0-b0f617f160dc	Hajmás	7473
be8468e7-7354-4bb4-ad50-89a16a128127	Hajmáskér	8192
f9d63faa-b272-47ce-8364-80ee7a89da8f	Hajós	6344
55a04126-3b02-4e40-9dfc-be689b7bca2a	Halastó	9814
166381ef-98fa-4bd7-8527-d23e74a8c760	Halászi	9228
c950b335-21a4-4ba9-90d9-d0dabcb59881	Halásztelek	2314
33af064b-73d1-40c3-88c7-8ec1dc75642c	Halimba	8452
24029f5e-b1a6-4db1-a6a5-4ac5d63b7a2d	Halmaj	3842
1710fe2c-65ef-4c25-902f-395f3800ba62	Halmajugra	3273
01e5a66f-1d04-495b-913e-b090390ec084	Halogy	9917
b82457c2-1216-48b4-a871-529a6c7b79e0	Hangács	3795
29245fde-3237-4aad-b0a0-962a36aa102e	Hangony	3626
29e47c0f-2a0e-4a02-87c1-1ec198c40b84	Hantos	2434
3c70e4d2-e109-4172-8b85-573aeca2b225	Harasztifalu	9784
25945564-9af0-4438-b164-6408041badfd	Harc	7172
e50689b3-d05c-4e15-86d4-88ef74b564e8	Harka	9422
e7745c54-5e08-478f-8516-dfc47006b22b	Harkakötöny	6136
410dfe86-db37-4e21-8ca6-0ac66d85f7e7	Harkány	7815
c3511a56-9498-48fd-8a1c-3482102a69b4	Háromfa	7585
56e98f91-3d7d-494c-97fd-c895065b412c	Háromhuta	3936
01996849-4171-4690-bbfa-1bdfea51c17a	Harsány	3555
bf30e708-b423-4105-b860-026c5c721207	Hárskút	8442
202cbe56-3e5e-4aa8-8854-587f15564eaf	Harta	6326
000271ee-2249-4e0f-addc-a8e2ac454bbf	Harta	6327
016874ad-f7d8-4932-9126-c33720d20956	Hásságy	7745
304af7b7-fbce-4a42-9719-3c7ebce66d19	Hatvan	3000
e5406933-4650-4156-a912-d8d171355881	Hédervár	9178
b125781b-be88-4567-9dac-ad8f89d1ba97	Hedrehely	7533
7098b773-a462-48b5-81ec-7f0e13b8e431	Hegyesd	8296
357a9e37-0899-43bf-88cb-ebd89e0585f6	Hegyeshalom	9222
4e8fe2c1-754b-454f-8575-5a6db37ce463	Hegyfalu	9631
7ab897d3-7c3c-4524-88fd-5db3198b4400	Hegyháthodász	9915
d5de4d8d-5ba4-49a3-b6ef-ae6179d1bac2	Hegyhátmaróc	7348
f172372a-fdf3-422f-b722-8276d86b1c24	Hegyhátsál	9915
5192b2a3-d4d8-4ca5-a96c-e7c8f35f5d66	Hegyhátszentjakab	9934
7cf73b6b-9e8a-487c-b84d-e53437d85844	Hegyhátszentmárton	9931
8d346f14-2e1e-4769-a6a1-fd37bb1f1f9e	Hegyhátszentpéter	9821
9dd2fa4b-a1c6-4ae4-9fd4-0a468287c8f8	Hegykő	9437
d55784d9-4e3f-49c4-b008-ea15a48f4642	Hegymagas	8265
aeaef861-4182-45ed-acef-53991a037013	Hegymeg	3786
d07358bf-80b5-4e26-b664-c2f54cd05dee	Hegyszentmárton	7837
6b9563aa-522f-449d-912f-212732905737	Héhalom	3041
9c8d5967-38c4-43c4-ac7f-1d09d3b7aeb9	Hejce	3892
bb05ed21-478a-4c3a-ab52-906f4220075d	Hejőbába	3593
d391e122-3c18-4686-b84f-4f0c49cb69b1	Hejőkeresztúr	3597
fa4b7be0-7866-4a89-8072-d31ab00e6fcd	Hejőkürt	3588
579e946d-a13a-4eca-a5d5-bede410f70f1	Hejőpapi	3594
9a5fd5cf-b40b-4518-9815-9dfa9cbe6873	Hejőszalonta	3595
ec4420c0-dbae-4c2a-9d37-2a7a8ab37f4f	Helesfa	7683
59a31dd6-b8a5-4bbc-b1c2-f66aee792f0e	Helvécia	6034
ca23a824-c263-4b82-b9ce-2e1ed3febe9d	Hencida	4123
36202afa-17ca-4c1d-bddd-6a8f46690a4e	Hencse	7532
f53bf62d-6750-43ac-a7d9-230b3fa294c6	Herceghalom	2053
c0b244bf-eb01-40c5-ade5-68f3c8c03c32	Hercegkút	3958
a671a674-f8b0-4939-b5ad-442e99ac465d	Hercegszántó	6525
30123551-efcd-414a-ae7b-69ca45e0327c	Heréd	3011
7e9eb62d-8637-42da-82e4-4d687b506115	Héreg	2832
e9c99eb7-b6ce-4f62-8f9e-74470b45381a	Herencsény	2677
fa3fc6c3-3e91-4733-99aa-1d24802f9961	Herend	8440
1a51adf7-7bd2-4c07-a95e-70bd95a8867e	Heresznye	7587
2655d9eb-b313-444a-a253-4d879c780493	Hermánszeg	4735
2d241121-176e-432a-ad56-490720a10502	Hernád	2376
ef8dd12e-5eb6-480f-96c7-5f70814de740	Hernádbűd	3853
fd96b114-cb9e-4c5f-8f34-a4b7a52391ef	Hernádcéce	3887
b8bf57a4-2269-405f-b88b-3207af751503	Hernádkak	3563
3f3c23a8-af02-4944-a001-7592e06a3471	Hernádkércs	3846
dc9911a5-736b-456c-9c5c-f6df43c07b53	Hernádnémeti	3564
5c2a0835-c958-4e18-9bec-40eb280c8bbc	Hernádpetri	3874
ea0ea181-b3a8-43cf-ae2e-1ac5499dc33a	Hernádszentandrás	3852
1e0810e7-524d-482b-b97e-efdf8877c6ff	Hernádszurdok	3875
000dab59-3751-4e64-a30d-8067bbf9d77e	Hernádvécse	3874
89762bff-a8ca-4ee3-aa8d-0d12f3ca4e82	Hernyék	8957
70e7580a-c514-4fff-ba1f-c3a8178bd2c4	Hét	3655
7e0ed716-9f77-4344-b9cd-5482cf53b30e	Hetefejércse	4843
a3a4cd3e-78da-48f0-87cf-69bdeca3194c	Hetes	7432
9ff0c93c-be9f-4ded-98c3-00fb7db43dc7	Hetvehely	7681
9e310b46-091c-4731-8abf-95fee938e2fb	Hetyefő	8344
cf040b47-447b-4aa1-b8bb-59a524cd6eb8	Heves	3360
d2a2b73d-5a90-4b8c-9ff0-e03fdc8b9471	Hevesaranyos	3322
6b51d128-682e-4680-8d55-cf5e057c0fda	Hevesvezekény	3383
223ac476-0cc1-4a4d-aa39-586e8a40baf9	Hévíz	8380
4b9227f7-40bf-4c4f-92b6-3f018a7ee7ed	Hévízgyörk	2192
703ec032-8e32-4458-aab0-b7d710ba231a	Hidas	7696
b97de089-13d8-4a9d-9493-54efdd8a5467	Hidasnémeti	3876
f8f4d426-de56-45b5-b33c-525641da9d4b	Hidegkút	8247
add164cb-3892-48fb-9fc9-e8a2afa9f7f4	Hidegség	9491
fe4b2111-0bf9-485a-bd68-75154425bf8f	Hidvégardó	3768
be8b7989-8eb6-4c6d-be20-2ac1b5fce3a7	Himesháza	7735
a9d0a50c-ebc7-41c1-b43b-f1f72386458d	Himod	9362
f18ee24f-1bc9-4c74-aab9-40e1396b9fa6	Hirics	7838
06beea1b-52b8-437e-ab1f-8b97b59bb264	Hobol	7971
77a9d5c9-61c4-4f51-8149-cb5a911f5224	Hodász	4334
74023cd9-e0d0-4ffe-94f6-040bf772ae4d	Hódmezővásárhely	6800
35b22164-505a-4740-94c3-457c979328d6	Hódmezővásárhely	6805
db73001f-ab34-4980-8e56-bf48a5f22da3	Hódmezővásárhely	6806
5eb3c82e-5054-49fe-8369-0dfa17a1abea	Hollád	8731
9f649ccf-8831-4599-a167-d568e97f7ae2	Hollóháza	3999
c2ca4131-bd6f-4aba-a84b-a794872255cd	Hollókő	3176
866afa1d-cb1e-4370-8d63-99433ab1b9fd	Homokbödöge	8563
051cfcd6-f07a-43b3-9fb6-779a93f4e1b9	Homokkomárom	8777
b523b734-8062-48ef-bb7d-ac1f67af661b	Homokmégy	6341
e2f328ce-68ed-4c85-9ef0-a7835935adfc	Homokszentgyörgy	7537
ca0ad0f0-6b37-44d7-9b33-e682bf64c1be	Homorúd	7716
7a766376-ce40-494a-8292-a3bec169f6e2	Homrogd	3812
8629014d-d695-409d-84ad-5e163470e5b2	Hont	2647
5c712159-8157-4802-ba4d-1afde5ea8557	Horpács	2658
0d3d64f3-d1dd-422b-8395-530b6c465470	Hort	3014
dfaa4c02-7aa8-49c9-8ea1-7937111292f9	Hortobágy	4071
a97d2b99-a95b-44c4-ac72-a0f640ff10a6	Horváthertelend	7935
a3430485-2593-4c9b-a4ee-74edc02be69b	Horvátlövő	9796
7114d525-0e49-443e-bbad-51be48c2aa1a	Horvátzsidány	9733
25b0acf9-6f2a-44e5-b281-cfd2b03fbaed	Hosszúhetény	7694
72c131d1-8651-41fd-9171-d5239d7f9c9f	Hosszúpályi	4274
7fb52e72-2f7e-4182-aeaa-0468ec7e509d	Hosszúpereszteg	9676
393a0196-939f-47b8-aed2-79268f3a7e78	Hosszúvíz	8716
3d1b4379-1aec-43f4-b455-f94e72ec09d8	Hosszúvölgy	8777
1ea17502-a694-4898-9403-12dd32563f5f	Hosztót	8475
6c9d7047-8291-4f61-82c0-5bc4c0a4fcd2	Hottó	8991
12bd22a7-c1f0-4b8d-9c99-985177a2fe05	Hőgyész	7191
25a4ac29-0d17-47b8-97e9-3f9b2bb415a5	Hövej	9361
b613320b-fbc8-48ed-b7de-c3f96383f629	Hugyag	2672
f1596ea4-5b4d-40ef-8063-bf5978ad65f4	Hunya	5555
2d8324b6-9176-4469-950d-b756df0015cf	Hunyadfalva	5063
8836cda3-4e64-40da-b20b-184523daeba1	Husztót	7678
082131e4-f9c8-4f76-9645-fda2a7067aea	Ibafa	7935
ec6f14e5-4693-479d-91e8-ef1f0361afad	Iborfia	8984
26d0f002-78b0-4377-a81b-863fb56fd333	Ibrány	4484
a1b4d232-bd92-4b98-85c3-2e5b22a1ce65	Igal	7275
51f2d2a8-7dd0-4f64-bd5f-e4fd8651ef1c	Igar	7016
051753fc-b207-469e-b5bd-8fe564ef3167	Igar	7015
c86cb798-45be-463b-923a-81a3cfd8de47	Igrici	3459
14ee137b-1f87-4380-938e-b6b30763ee80	Iharos	8726
92a3ca1d-147e-4b35-b021-88172a45681d	Iharosberény	8725
3df5a92a-158a-4166-83f8-e6df02133f2d	Ikervár	9756
d92c0ed2-4c8a-4063-8a5a-4a0bb7801b59	Iklad	2181
ccd6592b-0c6d-40a1-ae48-50febb7d4c6e	Iklanberény	9634
ef10ea3e-ddec-4cf0-8e7d-d7204e02369c	Iklódbördőce	8958
f386a206-7bdd-4116-ab58-5b5b66cb6fe0	Ikrény	9141
2ad36e89-817d-478a-b5ce-608dc8a2f9eb	Iliny	2674
4dc80533-2d9c-4743-9012-593324bf62b0	Ilk	4566
5b29d012-f261-40d4-bc9a-04c210e51fa2	Illocska	7775
899a3467-afc8-40a6-bb64-1a9023029dc4	Imola	3725
d3cce211-1cb5-4b94-a112-30c283af1775	Imrehegy	6238
5da0b4f8-4acd-4f0a-8977-d5ba72197d4d	Ináncs	3851
29f71351-e542-49ec-8b53-10926edb0bc4	Inárcs	2365
e8db2b1f-9e97-43b5-a098-f62f1866ec40	Inke	8724
062b648d-cea9-4ac2-8614-7717843ec707	Ipacsfa	7847
baeec567-f654-4342-ae49-46d051dc95d7	Ipolydamásd	2631
195a7175-e6a6-4a21-8cb9-c9d83957494f	Ipolyszög	2660
d3da0bfe-9eb9-40a6-99a5-eb0604deb05a	Ipolytarnóc	3138
d25e206d-4a8e-4249-9f8e-1e83634f68c2	Ipolytölgyes	2633
fd59b2f0-f0cd-4e53-9973-6c303905bd32	Ipolyvece	2669
d6306950-f87a-470a-8960-78d48e1459e6	Iregszemcse	7095
7c1210fd-08c2-4917-8539-da2fbc44887f	Irota	3786
f8a1a810-612a-4cf0-80d6-fc8f3ab630fe	Isaszeg	2117
73dc08d4-a1e1-488c-b718-a4f19d068b55	Ispánk	9941
92c0f547-4076-4535-ad48-227aec52efaf	Istenmezeje	3253
9eea5518-ad5e-43f5-9e57-0f2d783d09e0	Istvándi	7987
f367b193-850b-4a51-a88f-0a32a09dfd86	Iszkaszentgyörgy	8043
9668add0-f712-4f67-83cb-7beed1d2b7e7	Iszkáz	8493
f95832bb-0af6-4a1a-b9ca-16179ad0d4f0	Isztimér	8045
70160ccd-5aeb-4f5e-9897-3c56ed8fcc3e	Ivád	3248
f77c4de6-ec94-425f-a7e5-8c6bb08cb0d2	Iván	9374
caf84f6c-c0d4-4ec7-a503-0b14e9ea90ac	Ivánbattyán	7772
ebd4fd4a-b903-4c29-b2c2-dd7a7993168a	Ivánc	9931
fd8d3610-f136-49eb-9add-76710358ccfd	Iváncsa	2454
1890bc80-4c9f-403c-90c0-66f8086fccec	Ivándárda	7781
38d4f6cb-a0bb-4665-be21-35d9ff94cc0e	Izmény	7353
f132e4d9-5187-4aee-a832-440034cd4be1	Izsák	6070
6ab6fbdd-a8db-42c0-ae19-0e5c548b3572	Izsófalva	3741
f7086f1c-0e6c-49ea-a4a6-834493f499b1	Jágónak	7357
faf884e6-7ac3-483e-877c-fdb4503b0976	Ják	9798
317117f7-d849-4f3f-841d-b4775ae926ba	Jakabszállás	6078
563dddcc-684c-43fd-b2ca-2a36f25e2584	Jákfa	9643
60baa2a3-b1b9-4246-a1fe-fd7ae8032233	Jákfalva	3721
487c0e5a-9322-447e-88d6-ddf075251299	Jákó	7525
acaf4ddb-14e5-4738-a0b0-dfa41f083d2b	Jánd	4841
b3cbd189-cd7c-4570-bb5f-f79265327341	Jánkmajtis	4741
4c689a28-8300-4ce2-8a79-b25e07b967cc	Jánoshalma	6440
5c608de8-5511-4e01-b8e2-474123025510	Jánosháza	9545
606e5398-5f6d-4147-8508-e94676a6692e	Jánoshida	5143
b4436a45-262a-4d47-9331-c357c86b6697	Jánossomorja	9241
13de91cb-ae6d-40a4-94d7-f3f5d17f2af9	Jánossomorja	9167
41f4525e-0ea3-4cb4-8832-ce56f7d7135b	Jánossomorja	9242
caa14275-ed19-478d-948e-f3b5cb015de5	Járdánháza	3664
c2b46141-d517-4bda-a3b3-d4a9e190c755	Jármi	4337
aed24b07-aede-4d3c-b837-a2ce8383a43f	Jásd	8424
48737014-8e2b-4532-9d58-1bdd6de1eac0	Jászágó	5124
4a094eea-b17d-49d2-b958-eac1385a4ae6	Jászalsószentgyörgy	5054
a2339b0f-0887-433c-88c1-3e085e4b8bdb	Jászapáti	5130
f91fbb72-1ac8-4fcf-ae8c-8ab92bba3e8e	Jászárokszállás	5123
abb5c101-e8f0-4342-ad55-389f72324044	Jászberény	5152
b805a8b0-3b29-410e-a0e5-ff38a3351645	Jászberény	5100
76266b0a-d56d-4b40-a4b9-dc47441b9dc1	Jászboldogháza	5144
dfb83a70-15b6-40d3-936f-1a77391b17e5	Jászdózsa	5122
299c2f5a-9b74-4b5c-a11d-d6477ae93450	Jászfelsőszentgyörgy	5111
3e2edeca-f68b-4fe6-b2f2-51936b6b18b9	Jászfényszaru	5126
2edf209b-3f0d-48f4-b4ac-aa0695a5fe06	Jászivány	5135
accbe666-1016-4a08-bd75-8cb3e54605b7	Jászjákóhalma	5121
b4be6446-99c9-4cc2-a2fb-2164492305de	Jászkarajenő	2746
5cf1b283-0bc8-4471-bde7-b60c42a74b1e	Jászkisér	5137
59183643-8172-419f-9e7c-6476d21ce05f	Jászladány	5055
81cc7315-856f-4000-bf9c-acfe6e493b8d	Jászszentandrás	5136
dd71d7de-a70c-4d6a-97d6-d7cdcfc1bb35	Jászszentlászló	6133
f02183f2-806d-4311-a8d7-7b12b1cf1548	Jásztelek	5141
1a5d17ac-a142-4cbd-b3c8-9408703f332c	Jéke	4611
bbff98c9-b4d1-4256-a36b-c9754fae824e	Jenő	8146
1ba171c6-a5f1-46d8-83a3-a5586c770da7	Jobaháza	9323
633fe945-3da3-4daa-97e1-15564117f790	Jobbágyi	3063
fb9b3709-cc29-4b81-9da1-0bddfd070add	Jósvafő	3758
e1ad78b7-58b1-435c-aef6-e7e35a50bba4	Juta	7431
b6dda075-2663-4eb1-b75e-5b69fc7c1abd	Kaba	4183
d1d6b2b2-d752-4c46-a88f-0d6e795693d4	Kacorlak	8773
4e6a3dec-af11-428b-a06b-be7d075a3c8b	Kács	3424
6e86dad7-08db-4942-8cff-3374af3c15dc	Kacsóta	7940
b3d56742-730d-4179-a30c-a8343f1ac635	Kadarkút	7530
b284c8da-96ee-4ccc-bdd6-5043b3c9a9cc	Kajárpéc	9123
f7fe4e08-5e41-4593-8649-71e6e2bd70bf	Kajászó	2472
6882b09f-4dd8-4593-b7b4-075dae1dc4ac	Kajdacs	7051
3a9e06b2-0882-4269-89e3-cfc0c53b6a32	Kakasd	7122
0158bb00-fe88-4dab-9f45-79f8e25d78f3	Kákics	7958
b5fa297b-91d4-44b8-b6e9-ee89c0eab91b	Kakucs	2366
29e0fd5e-4ca6-4521-a573-f58844fe9d3e	Kál	3350
8bb4232d-b71f-4b7a-8c36-13566d4b9578	Kalaznó	7194
7e87ed82-f6fb-4c7b-8307-850e6be1f6ed	Káld	9673
6c7e62a4-a3c9-4d37-b1dd-4292f187bcda	Kálló	2175
8cb0d09a-3ae8-4079-9b57-61702950d27c	Kallósd	8785
f99cc65c-277c-4b83-9731-ebed461a8c53	Kállósemjén	4324
c697620d-0b64-4189-9aa0-7561cb9ab284	Kálmáncsa	7538
4dccf769-9653-42c6-9b35-a017cfcd4848	Kálmánháza	4434
0b16eb37-de25-433c-9107-746857313c4d	Kálócfa	8988
6832fadf-d919-454d-9002-365cef79391e	Kalocsa	6300
7afd35a4-0a18-4961-ba31-0d51f55e840e	Káloz	8124
3470227a-2110-4cb8-aff3-6e6a3450f8fc	Kám	9841
73c78649-5f5e-434d-9c62-f92497e5ac38	Kamond	8469
c7c81baa-94df-42df-838b-121176c8952d	Kamut	5673
35ee95a1-7c97-4964-80e9-0b90978bc502	Kánó	3735
f3867406-0057-4852-9cf4-8ab960362eca	Kántorjánosi	4335
1aeb00eb-117d-4d4c-bca9-3e4b38d7bc17	Kány	3821
b5e7fdb9-6e59-444a-afdd-56b277245bc4	Kánya	8667
103a453b-6f39-4662-a305-d15ed1f1bf51	Kányavár	8956
dab2c136-b6cf-4a40-a1cc-6879706b2df0	Kapolcs	8294
af5344b1-5fd2-46a3-9438-c345cd5a8a99	Kápolna	3355
f20e9e5b-c9c3-4864-bb25-a4af7f0f982d	Kápolnásnyék	2475
455d888a-201f-49c6-a516-77f4a40f163f	Kapoly	8671
6544beaf-467b-41cd-80fe-8a06d4db127f	Kaposfő	7523
9c66fcf4-91b1-4936-b589-85f8151cdb0c	Kaposgyarmat	7473
1d83c9a1-b4b8-4c58-b10b-46c0f4b186d3	Kaposhomok	7261
0beeee4e-c843-4459-8edf-89ebb4532c4d	Kaposkeresztúr	7258
239375ec-fb37-477b-aaec-5faf0b7d6703	Kaposmérő	7521
7b90abaf-c9e5-4d55-9c53-aa7858dd8544	Kapospula	7251
93b58c41-afcf-49ac-bd07-78e39c77009c	Kaposújlak	7522
393bc8b3-4b8a-448e-8619-c8bc187e5230	Kaposvár	7400
b4bdccd8-dc3c-45f0-bbd5-e726a7c4379e	Kaposvár	7451
8d73748a-4364-440f-ad79-74a083e99dd8	Kaposszekcső	7361
ec9d062c-88bf-4a09-9c49-02f148df0e17	Kaposszerdahely	7476
c911dec3-0a8f-44ea-ba58-f52c0797898e	Káptalanfa	8471
e143b5a7-e1f5-4585-a0ac-800a0ccab866	Káptalantóti	8283
2eb92111-3e3f-4ec2-935e-1b239a52f59d	Kapuvár	9330
fe2f38e6-9f0d-4b85-9f87-d488887625b3	Kapuvár	9339
a2900561-d49c-4ca6-a92b-4c389f5ba16a	Kára	7285
31400051-b7ae-435c-891e-a4dd388762b7	Karácsond	3281
1ae03613-294a-437f-8090-f12b5af6ba2b	Karád	8676
65a2306d-3fbe-4139-a07d-ce2342ea9a24	Karakó	9547
15254482-bde2-4c28-b028-adf7558985f7	Karakószörcsök	8491
cd23c601-847b-47fb-9d89-6dde93154009	Karancsalja	3181
a9dc64e0-343e-4efa-993b-2dd35e399fe4	Karancsberény	3137
e2688a06-d127-419c-84ff-e9939d44274a	Karancskeszi	3183
52500b03-dbf0-4360-8278-b83edef5ea4c	Karancslapujtő	3182
b8cd6b0a-1e8a-407b-81d6-42154bbeb984	Karancsság	3163
b2b2ea4e-5bad-456e-b062-fed7f34a5063	Kárász	7333
d08d31ad-220c-40da-9c62-cc817f440e7c	Karcag	5300
23d84144-6f81-48b6-8079-6a2b85aa3982	Karcsa	3963
77e395e6-e231-4867-90d8-2b40a88c490b	Kardos	5552
589d40a8-999a-4341-83e3-d00eaa82dfe2	Kardoskút	5945
75e6b2e0-2148-45c1-aaf3-fa88123d09ca	Karmacs	8354
17708211-4ed6-4a10-bb30-9c3706cdf1a6	Károlyháza	9182
7c0d5fc5-4960-46a6-a90e-b4ee56a93bc9	Karos	3962
6baacb73-dd45-4bc8-a33e-e99aac095927	Kartal	2173
dd0f2698-8853-4826-b6a8-dd60fa0bcddb	Kásád	7827
8e9a2263-4845-4e9e-88b4-ba875237f9a6	Kaskantyú	6211
1a4c2126-32d6-464c-8f6d-84f9fe711f58	Kastélyosdombó	7977
b8e51c44-5a24-4316-8a6c-3353e02651b9	Kaszaper	5948
26f9b703-e7c8-4cd6-a25d-dc0e5764f28e	Kaszó	7564
61d97954-5b75-4258-80f2-6276f14b3a0d	Katádfa	7914
2dbe365c-7c68-4f54-86f5-01a824777414	Katafa	9915
cc7ee378-2285-4e01-8433-5cc979522ee4	Kátoly	7661
c12197b1-aab9-492a-aa1b-de76867fce6d	Katymár	6455
3544dbb8-cd62-4116-b443-08875fab7d17	Káva	2215
c4ef8327-8ebd-409e-9a67-963f101baa5d	Kávás	8994
608a6917-a0ee-4515-8c41-311da4fdcc49	Kazár	3147
28630e2a-f9a0-4dac-b45b-bf19e02a3448	Kazár	3127
720257c9-cce4-4e47-92dd-489eaf75c537	Kazincbarcika	3700
db64f005-4b5e-4e75-9bb4-95db95b9e5a9	Kázsmárk	3831
ca0240c6-0a63-4815-b6f9-3ee35289ddc9	Kazsok	7274
d9031fae-69f8-49ea-a7c7-0db86dcb41eb	Kecel	6237
0d687495-643c-4e1f-86ff-35615a4ad540	Kecskéd	2852
d25163f5-7770-4c77-a53a-3fc2fe1f9909	Kecskemét	6000
565a6f74-6987-47cf-a5f4-2922f4527462	Kecskemét	6008
35b39fc5-6731-4fc9-a3f2-2cbac7a953a9	Kecskemét	6044
f941e9a1-bba9-4e25-b60f-0aa981bfbf13	Kehidakustány	8784
0b0b7fef-dcba-4f8d-a16c-b56267d0aaad	Kék	4515
91b2e9d2-92e2-40f2-a3cf-4b89db7c60e9	Kékcse	4494
503478fa-ba4f-46b8-9616-3d7c6d0443a5	Kéked	3899
9d8bd167-cc67-4afb-9602-7ffe136d226d	Kékesd	7661
5f9d674a-bfb9-4a59-84de-8f50359fd42e	Kékkút	8254
02f1d5d7-6e01-486c-b7b1-60a46bea6bd1	Kelebia	6423
cf4cd920-f2e2-4eec-a201-a39fbad2c7ee	Keléd	9549
e0117330-fe26-4c0c-8c2a-10939b09774b	Kelemér	3728
3f49a68b-59a6-4863-b3ae-c77f557e5556	Kéleshalom	6444
fbf5a3db-cc91-41bb-aad7-a9f999628bfb	Kelevíz	8714
ae294b0b-1d79-4c24-999d-d0d514c084ff	Kemecse	4501
fda7232d-026a-4d69-a087-21d00758d8b1	Kemence	2638
c5070b0e-d6ad-4dca-912e-03cbb4bb0c0b	Kemendollár	8931
4431b0b1-da7d-4642-9070-6971e04ed53a	Kemeneshőgyész	8516
6ecd8ee4-661d-4d76-801c-e360bcaf8118	Kemeneskápolna	9553
7c658ea3-74a7-4671-8e1e-1ee5fe9dcbce	Kemenesmagasi	9522
d1a63370-cbe6-4194-b3a3-98966bfc2d91	Kemenesmihályfa	9511
a88fb439-f23d-4d41-b70e-4f092bce1dc0	Kemenespálfa	9544
c686215a-c450-40d8-91b3-8d8a92010640	Kemenessömjén	9517
ea099474-86aa-4ee3-b8d3-149e32559502	Kemenesszentmárton	9521
3e324299-13d3-4452-b70d-78903bcaebce	Kemenesszentpéter	8518
94e01e0a-b0f4-4642-8d06-cfccbcbddf4e	Keménfa	8995
f591e055-adf3-4f63-9dda-db6d3fe68257	Kémes	7843
cecee49b-9c95-4ba7-be6a-56dc345d633a	Kemestaródfa	9923
90df75cb-a874-4903-959a-ac1269d11af2	Kemse	7839
b6f96722-d3a2-4caa-b863-dcae648aa087	Kenderes	5331
20dab716-ded0-4e0a-86e9-03493e3f5958	Kenderes	5349
e22fb7e4-d87f-4056-9983-bec6dc972893	Kenéz	9752
75a08f70-131d-4abe-af67-e965bddfc916	Kenézlő	3955
68691d76-5019-45f2-92d9-0df3871a4463	Kengyel	5083
e33fb415-b7b1-4f07-9067-b53f60e7b317	Kenyeri	9514
86b5f4c3-fd40-4aef-92f3-49b8c180761c	Kercaszomor	9945
12fafe54-aa47-4b79-a105-aa991128119d	Kercseliget	7256
5d3c83aa-1070-4f1a-82d4-fb00e571adfa	Kerecsend	3396
a66f3d9c-60e7-4301-938c-571b3e9522a2	Kerecseny	8745
f7622f53-5ffc-4dad-b58d-837787db31a9	Kerekegyháza	6041
15e190b9-dd1b-4b63-bb8a-3e8a3595c567	Kerekharaszt	3009
581ec0d5-ef30-4c36-aa9d-adef7a1f1ab4	Kereki	8618
4f75ae88-9453-4a07-95c3-b32b3c984d65	Kerékteleki	2882
2b582000-e01e-4d16-8333-b138c6f01ba6	Kerepes	2144
8facd6f7-26dd-4b16-8c3c-ad8be8ac390e	Kerepes	2145
af9333af-8939-4c7e-bddf-b4f5a5329cc4	Keresztéte	3821
fdd54a8a-24b1-4706-8eff-82b576aa4dce	Kerkabarabás	8971
9746fd0f-75fd-48d1-937b-8d44d9411b5a	Kerkafalva	8973
8ac88115-6b64-4cf7-ad68-287c96a83cf3	Kerkakutas	8973
3c0ecb47-cff1-4f05-98c0-b59f12e7b652	Kerkáskápolna	9944
f85b2213-e619-4c46-be7d-01931fedeb74	Kerkaszentkirály	8874
9706d3c1-f03e-4bc5-a3e5-67fe8ee978a2	Kerkateskánd	8879
d42cf00d-ef46-481c-8857-401fbff0b2cf	Kérsemjén	4912
ff8f232f-f4ad-4ad6-9e6c-453467585391	Kerta	8492
8288db4d-b8cb-4f7b-9a0c-d8dc045391ba	Kertészsziget	5526
4577b00e-af27-4777-8281-dc8e49b493ae	Keszeg	2616
507632eb-ee24-4806-b8a2-87db707abe61	Kesznyéten	3579
3268b609-e101-4058-9d9b-f7a663394a3f	Keszőhidegkút	7062
8bfc2b39-97ad-4bf1-9161-e50df846e093	Keszthely	8360
aa07fe44-108d-46ff-ab06-5316386894ad	Kesztölc	2517
1c2ebc6b-cb01-4228-a628-66fe5f6ebec9	Keszü	7668
cf32b649-af5e-4afb-b201-633ee20b410f	Kétbodony	2655
d0d55e36-1d3e-4320-9516-fb4d6b464de0	Kétegyháza	5741
f8391a14-42e9-4ed5-977b-509a2eed5d92	Kéthely	8713
aa0beaa7-30d3-447d-bf7b-f9d6f63bfe07	Kétpó	5411
54da71bc-54af-4a98-9222-fb6f089f259f	Kétsoprony	5674
63b3004d-3c60-4b5c-a08b-8dba75b08b46	Kétújfalu	7975
3503080c-6d67-482d-8113-9b33204ccca7	Kétvölgy	9982
5994f630-a7d9-4f78-b52f-41d359154691	Kéty	7174
32f10d9e-0d4d-4ba5-85b1-254926d6e061	Kevermes	5744
bc67b270-8039-471d-aab9-c45e9a485a8e	Kilimán	8774
0290cd76-cfee-4adb-8583-bb6b526c7a7e	Kimle	9181
98ebce02-3ffe-43fc-b70c-837292485918	Kincsesbánya	8044
e0d09889-7e50-4e25-a908-42fbdb566b14	Királd	3657
c51812f6-4502-4309-973e-d376ffe0d0d4	Királyegyháza	7953
b9693fda-ff3c-4165-9453-1881921196c2	Királyhegyes	6911
ca031db1-b539-4544-952b-e5f942cb6676	Királyszentistván	8195
be98237d-19eb-4983-9669-8020f65ed308	Kisapáti	8284
0f8f660e-2884-4353-8722-8a95e0e8b854	Kisapostag	2428
bea87954-82af-474a-a937-665fe75dd100	Kisar	4921
82fcb7b6-5a05-46f1-8af3-488cf1d443b7	Kisasszond	7523
4da9dffd-efb7-48f4-9772-394c73384f80	Kisasszonyfa	7954
607ab1ea-bfae-413a-95fc-2d7302a81b83	Kisbabot	9133
8764c9ff-5425-43e5-8650-80eeee34f4d3	Kisbágyon	3046
52113e3f-7370-4ed7-b74e-d44e8ea8a319	Kisbajcs	9062
02399c79-ae5c-47dc-8f7e-2162a12cff8d	Kisbajom	7542
5dfc3cc0-9fa2-448f-8a7b-50ab00746ed5	Kisbárapáti	7282
2cc80ad0-089c-43e5-a819-f86d2f52999d	Kisbárkány	3075
93dd7631-522c-444c-95cf-adea216752fb	Kisbér	2870
3acc118b-5f3a-44b8-80fb-11f0d43c0fbd	Kisbér	2879
20870b93-c660-42bc-a724-3ca1ec1ad121	Kisberény	8693
4ab39931-9854-4cd6-ad3c-f1f9f0148887	Kisberzseny	8477
5d92529e-8eee-4b34-a0fd-a33fe7dfc13f	Kisbeszterce	7391
4716e95a-5392-4fa2-ab9f-aeac8cd295ad	Kisbodak	9234
1fd49bdf-341c-4b32-9ee7-dbdaf7b5d66d	Kisbucsa	8926
cc520eac-96eb-478e-9d7b-4b6a43838e98	Kisbudmér	7756
62987867-f4a8-486d-abab-5eab46d0f8da	Kiscsécs	3578
8432e6e9-c249-4f1a-92ee-420e0b8273f3	Kiscsehi	8888
abbe4acb-c880-4e3c-b56e-5753f4f7dec7	Kiscsősz	8494
75f62ae9-f0dd-4f4d-9692-7fcf8ed7a626	Kisdér	7814
de39d47c-f49b-4bdd-816f-b8aa3577629e	Kisdobsza	7985
fe5269a2-3eac-4289-b4b3-92a2a763edfa	Kisdombegyház	5837
d169edf0-c254-4e89-a817-098d355ab2e5	Kisdorog	7159
aa4a2036-57a3-4fa2-ad6c-769b47341965	Kisecset	2655
fe2f6f19-8afb-4638-b5da-adcae2ea65d1	Kisfalud	9341
40a2c825-f0c4-4770-abbb-9e71c727891f	Kisfüzes	3256
f4038394-42fc-4c0a-b3b2-9fb0219da29c	Kisgörbő	8356
c3938216-e221-497a-83ed-758ae641d688	Kisgyalán	7279
f50bdec6-38aa-41e2-906d-3c4f4e01740d	Kisgyőr	3556
657319e0-6a77-4010-9be7-7334c2027cea	Kishajmás	7391
a5fb9a94-a0a1-482f-99fd-986ef722fce3	Kisharsány	7800
84c92efa-4816-4d64-baa9-a47a5f2cb064	Kishartyán	3161
6527ece6-d8a6-46a5-b35d-3acdc5b47269	Kisherend	7763
c45503a3-b03f-4588-894a-5eb07aa5141f	Kishódos	4977
47c119e0-2575-4ed3-b1b2-58f025fb0635	Kishuta	3994
e1f677a3-b985-45be-a2c5-56fc81835bfd	Kisigmánd	2948
3daf5f94-c962-4cc0-94ff-612c80d504a3	Kisjakabfalva	7773
fd2b1b68-fb8e-4857-8def-8f92fe34bf91	Kiskassa	7766
637666f0-a6b8-42e3-895b-f2ef6a8f9832	Kiskinizs	3843
8bc976aa-e896-4462-bdc1-d0e016ae6365	Kiskorpád	7524
855df4a0-8cc5-44a9-b141-09f3e1f51c5f	Kisköre	3384
bd173c51-aad0-47c3-af71-a8861f533737	Kiskőrös	6200
0a360a22-2e63-4a02-ae0f-f2ec8aeedf9d	Kiskunfélegyháza	6100
a233d225-bfcb-48a8-95d9-dea87b219ec2	Kiskunhalas	6400
73d6c548-03e2-4e73-9e61-aa86c57ef898	Kiskunlacháza	2340
1dba5bc0-1d76-4121-9363-e2e3a0aa1168	Kiskunmajsa	6120
614d7918-35d6-4832-88b9-6847b98dcec2	Kiskutas	8911
a8e983e1-340a-4ecf-b67e-89403383dd4d	Kisláng	8156
9f82645a-a50a-4b72-b26a-f634374a87cb	Kisléta	4325
ce14cac8-0680-4239-b6b5-8fe03f4652ee	Kislippó	7775
f5a371be-7fa5-423b-b659-4508f347bd70	Kislőd	8446
b7bdf9d8-9c64-4ac4-9718-612f814327c6	Kismányok	7356
9a123782-6852-47a4-b590-525f6e82ea65	Kismarja	4126
7c4fc1f9-1a9e-48f1-9bea-7c63be2b8e73	Kismaros	2623
fcd08fef-6971-4125-adf5-d44ef5a83ca9	Kisnamény	4737
b9dc19f1-0c6c-4704-8603-b688e063facd	Kisnána	3264
a66a5ab3-492f-42f7-828d-c1a0c77cd739	Kisnémedi	2165
b660edc9-b18c-4592-8bd5-7ef89453fa54	Kisnyárád	7759
e00f9484-001e-474b-85ca-7c39f88c3027	Kisoroszi	2024
0ec4301f-6f1e-4600-838e-71a2b03904b8	Kispalád	4956
9a52ac14-e806-419f-b0a3-71a8e0e0b678	Kispáli	8912
3725ac59-4ed5-4d08-a4f2-49c06c73cce8	Kispirit	8496
c882d1b4-1e99-4986-985b-2fed58eb080f	Kisrákos	9936
49559876-98f2-4582-9f70-3807e027376b	Kisrécse	8756
76eb7e5c-e756-4642-a2d4-c1bc1aecec0e	Kisrozvágy	3965
737ffe52-7705-4ac8-b155-9aa430b572b6	Kissikátor	3627
f12b81bf-8ad2-4a1c-baac-3f113f595f97	Kissomlyó	9555
701a5fd5-0ea2-4a5b-8516-29dfc078c3ce	Kistamási	7981
965abaf8-45da-4e9f-b9af-b80e9beb66e5	Kistapolca	7823
e87528b1-f367-47f8-bf09-31885e1876be	Kistarcsa	2143
ff4361d4-66ec-4bf3-9dd1-09b4864a5d07	Kistelek	6760
9c8075ca-f052-4a4a-8803-df6a14a9ebf8	Kistokaj	3553
a3d03f87-180a-4bcf-aa16-c598085dcdd4	Kistolmács	8868
84b3503f-e422-49c6-8dbd-9edc0ef4ea69	Kistormás	7068
2a152471-0df8-434a-aafd-d749364d407b	Kistótfalu	7768
a10a88bf-f7b3-4069-845d-456907b48b71	Kisújszállás	5310
0639b2b0-6ff2-4413-bb2a-4de34cc67f33	Kisunyom	9772
d63c0d44-4d03-4f54-b570-d00a6c65ad83	Kisvárda	4600
6f545cc1-bc71-49b1-95ac-23e1d23b01d5	Kisvarsány	4811
72809366-25a9-4a64-a61d-be8b6a2da629	Kisvásárhely	8341
3189f47b-4abb-4d21-a540-d2c63909679b	Kisvaszar	7381
cbab4293-719e-451b-a3ea-556f536f4d16	Kisvejke	7183
7f4113d8-2c88-4174-9a09-7fa23b1b27fd	Kiszombor	6775
b962de9b-c9f1-4d3a-b357-7ce0af633d5d	Kiszsidány	9733
48075800-ae3e-4905-bfcb-38be1782022a	Kisszállás	6421
a945bf05-79b9-4a15-becb-17db268c44fa	Kisszékely	7082
f1f61d15-a526-416e-85ad-2ec264f4f11f	Kisszekeres	4963
18fcf188-8638-4113-a29e-23d2f930872d	Kisszentmárton	7841
3b25426b-68d4-45b6-82aa-fdffbf55eb18	Kissziget	8957
79d508e3-7387-4126-b044-f0841781ed94	Kisszőlős	8483
c5327ffb-d51e-4167-83c1-6f4bceaf6f17	Klárafalva	6773
4065c219-5d3b-4def-8209-a7de42abd327	Kocs	2898
0026cbec-a048-49c8-a97d-299386e09573	Kocsér	2755
15025475-2e8c-4087-8589-182e68a33bdc	Kocsola	7212
5e3e7848-bc90-4008-b069-22ff25faae8e	Kocsord	4751
698a0a5f-9494-437f-9bbe-b8ff6ca86736	Kóka	2243
3b0630a8-72f1-46d5-a8f0-898445140822	Kokad	4284
9fcd5c70-e157-4335-8ee1-2d8f403982de	Kolontár	8468
cf7fccbc-8168-4c25-b6c1-c5b6e7e92ba8	Komádi	4138
db4823c8-1c4f-48a4-b3d4-e20254eab2f7	Komárom	2900
a3314674-4d2d-418c-bb1b-33ade691dc1d	Komárom	2903
83b0754f-f62e-4afe-a006-31565cf94c74	Komárom	2921
b2dcbedb-134e-4062-92f5-5c390a6f41f2	Komjáti	3765
fb1122ae-5f74-459c-8c1c-8df7f0d603aa	Komló	7300
1333358a-7b3d-4fd1-9863-e0a1d8b4ca62	Komlódtótfalu	4765
716fc78f-3a16-489e-859c-88d9b216c696	Komlósd	7582
24a61ad1-11e1-4ece-a706-e70a5a1386b9	Komlóska	3937
717a5131-96ef-4f76-be0c-f2b9392b6cdb	Komoró	4622
61e65f4d-46ec-42d2-a7d5-61c20a812525	Kompolt	3356
4fa0524b-dce1-4f4e-9300-1f8635bba72e	Kondó	3775
694c59b6-d7db-4260-adda-7d417f1ec83d	Kondorfa	9943
a563b992-7b8f-4550-a492-70820131a1e7	Kondoros	5553
9aa7097b-1da0-4e29-8493-31328bf78969	Kóny	9144
d19a57df-50b9-45c1-a8b7-3b8c9186d474	Konyár	4133
dfc7af1c-b3c8-42c9-a08f-ac6909244144	Kópháza	9495
15c902ba-492d-4438-8d10-aa8909981a3e	Koppányszántó	7094
393a58ea-186e-4087-b222-cb56a9d40701	Korlát	3886
99559da4-ce92-4f4c-aeb4-ecdbc7871944	Koroncó	9113
db8f5fd6-98c7-4d6e-ad46-0ac374dc9dd8	Kórós	7841
7118170e-cf48-4a92-b429-b059339ba020	Kosd	2612
08aea2d8-8178-431e-818c-1d5eaf69bc15	Kóspallag	2625
ac5dbde9-5034-44de-8581-6fc1d68fba3a	Kótaj	4482
d60c7164-aa84-4a12-b6ef-07f95e7592b8	Kovácshida	7847
b1305b13-4a3b-41f5-beff-d14f78835a9e	Kovácsszénája	7678
a927d89a-1711-4d4a-90ab-bf944a60b88c	Kovácsvágás	3992
9e827d84-80fc-4f5f-9da2-1ecc905d69a2	Kozárd	3053
d415fbf0-1859-4a34-966f-45f38bd7bc18	Kozármisleny	7761
f48b013a-ff4c-476f-a300-5e2bc74e00ad	Kozmadombja	8988
51d4ec77-1d14-4e6a-a574-d61bfcc428bb	Köblény	7334
5dfc616a-55ab-41ef-83c2-7a0d63e2f4a4	Köcsk	9553
2b2111aa-836d-466b-bce6-71ee6aefdb82	Kökény	7639
de69e67a-58ff-4649-91da-660dbf445f74	Kőkút	7530
c414ae16-a2d7-41d4-bc9a-2385ad7bc505	Kölcse	4965
40448258-d3d7-450b-8f4f-f110319ff058	Kölesd	7052
cae6aedf-624b-46f4-b427-19b83d16232b	Kölked	7717
79ec160f-c0c5-4a49-949b-408b8799122c	Kömlő	3372
a15db282-a7e9-4f5d-b44e-9f1be79c8b09	Kömlőd	2853
2d92cf98-ef6b-486d-9b37-e6c4f696397e	Kömörő	4943
da74cd71-19c0-40ca-b342-b3c094d0ee40	Kömpöc	6134
5621e403-b68a-4318-8f23-b32c3545f810	Körmend	9900
5b1cfaa5-94c5-412b-9597-51b86ef5e689	Körmend	9909
5a23ee3d-f27c-401a-ac99-6f7ac2fcc184	Környe	2851
d57e3903-f994-4ac4-83b1-cd642bcc49c6	Köröm	3577
001b6e9d-bbab-49f7-a250-824cf6d2b6c6	Kőröshegy	8617
c408cc91-048d-4970-97bc-00a52d042cb3	Körösladány	5516
18151a08-0b00-461a-a73c-0edbcd510f7d	Körösnagyharsány	5539
56139b58-fd1b-45f5-9dff-f2db2822a8ba	Köröstarcsa	5622
c9a7b855-fd2a-4f42-ba99-0f08eaaa9a55	Kőröstetétlen	2745
395e7341-9118-4805-a1d2-5fd6588e4f76	Körösújfalu	5536
fe083c84-0a90-495d-8639-dcc8028aa266	Körösszakál	4136
88e4af05-5644-4c97-9756-9cfe9c4b9ba4	Körösszegapáti	4135
f9ab4fdf-6b56-4def-9aa2-c065ce4fa72d	Kőszárhegy	8152
ed4bfa5e-6652-4d67-bc91-0775577b966c	Kőszeg	9730
0784876a-5cf4-4b17-a357-a48dd9a03797	Kőszegdoroszló	9725
d223a8cd-a2d6-470d-81b8-f35b80692a10	Kőszegpaty	9739
ece53621-e8e1-485f-b9d5-32356e2bbcc9	Kőszegszerdahely	9725
ead522ae-c1cc-4187-8e15-74e2da4c0ef2	Kötcse	8627
07058d88-2b81-4dcf-b482-267223142f65	Kötegyán	5725
b98c22c2-540b-44ec-8c46-b89e9c46e208	Kőtelek	5062
fd831f77-d965-4bc0-a76d-dcc12d5efdbd	Kővágóörs	8254
d28e22f6-31a3-459d-af25-a5344e3d29fa	Kővágóörs	8255
3b74c8fa-2f0c-46b6-b089-e3ed3cca5925	Kővágószőlős	7673
884518fd-0759-40ab-a207-ed2b715e15b3	Kővágótöttös	7675
5109a9af-7daa-4969-8dbb-edb120d5c5a6	Kövegy	6912
2949062b-90db-4fae-9fff-7a9177638f87	Köveskál	8274
e158594c-050d-4897-9b0c-f18b406dceb3	Krasznokvajda	3821
51bd33bf-ec18-4343-b4e0-7bd863029ae5	Kulcs	2458
296568f9-d3b9-459c-935a-a89ab0963ea2	Kunadacs	6097
d0519275-d1e9-4a52-a3bf-d20eb1dc067d	Kunágota	5746
c815afac-bf83-4a49-aaad-bc1e963c14f8	Kunbaja	6435
9009a1ee-680c-4a59-a2fc-70990e7c38d4	Kunbaracs	6043
d3b1bdc2-f62b-4661-8ffa-fc8e35927850	Kuncsorba	5412
3e023ed3-9349-467c-bf7c-f3980da2a510	Kunfehértó	6413
e0d397ac-d62a-4619-9f5e-d9becaa87927	Kunhegyes	5340
2964cc23-9900-4838-bd07-6f1c3b58fd3f	Kunmadaras	5321
e66c218d-7914-4115-af5d-6d0e0659ef2b	Kunpeszér	6096
ca3f87f7-5979-4d4d-b8d0-f3dd13ead26e	Kunszállás	6115
831f23b0-2ec0-45e0-bc96-5a0a201f123f	Kunszentmárton	5440
94707a0f-51a0-4238-9819-c242f4fb9dcd	Kunszentmárton	5449
bba98f9a-e811-4fd4-8533-2f64e4a08b65	Kunszentmiklós	6090
73dac372-9ea6-46a7-bcee-a3d315cbfdf0	Kunsziget	9184
9af660dc-eadd-4e0b-894d-a2f9d6e20f8c	Kup	8595
1849f23e-48da-42cd-b738-2ff1b4394ef7	Kupa	3813
2e535f1c-f04c-42e6-80df-f3797c48ab93	Kurd	7226
83b63261-51f5-414b-8e83-0806d6c78e32	Kurityán	3732
b9c92c36-8813-4091-9b1b-be18d2904f08	Kustánszeg	8919
4b04bfab-c493-4c0a-b58f-6fe2b1c7eb91	Kutas	7541
668d9f51-8073-47ff-b674-bd4cb5996e9c	Kutasó	3066
4b4a3319-7206-4cbf-ad9b-9e3636533c77	Kübekháza	6755
f0a4202d-4004-44a9-84d0-fbcabc4fa47e	Külsősárd	8978
2ad48589-7d70-4a5d-9428-ecc46b94047a	Külsővat	9532
2f96fe46-c50f-4577-9cb9-612c9ae4468b	Küngös	8162
9e6d8778-afc0-4772-b615-d3bf514235d1	Lábatlan	2541
148b2364-f216-42c7-9781-e2999daf7282	Lábod	7551
84e90e01-02bb-43de-a741-dee38f30320d	Lácacséke	3967
2124798a-91dc-4e04-b20a-57020f1107c3	Lad	7535
5db60428-34f8-418c-8d9f-30108c17b512	Ladánybene	6045
37f1e524-5b0b-4169-adda-6bf434ac2415	Ládbesenyő	3780
15c84b6e-9832-4e9f-9594-a737f15f47cb	Lajoskomárom	8136
f26870ef-b598-47a3-b79b-1c2899615524	Lajosmizse	6050
8c6c472f-3ad3-4d28-8c9a-e1a8b5d37c27	Lak	3786
a5a562df-9bb9-4235-8e36-c581fcd772f5	Lakhegy	8913
74717288-b65c-4529-8875-09a41d1f95cc	Lakitelek	6065
868831d4-3dd5-4e11-856c-b9a7f4b89c14	Lakócsa	7918
8227ac50-ab07-4d72-a135-1dfb5d6f4315	Lánycsók	7759
572fa3d5-b8eb-4793-afb3-3f8ae2764c70	Lápafő	7214
ba677523-4351-49d3-b77d-1461f73a6e6a	Lapáncsa	7775
f054de50-d322-4d55-9e1b-7c4ffe0baedb	Laskod	4543
0a373c2e-2a44-4fd1-86c5-01f7305bfdb8	Lasztonya	8887
57d0719c-a393-4be9-9479-f961f7537fd7	Látrány	8681
aa65bf40-da47-4f9c-a976-d3cf30314974	Lázi	9089
3c0c41ea-fefc-426f-9bb6-804d04c3db6e	Leányfalu	2016
65095860-bfd9-41e8-833d-7fd677c22db6	Leányvár	2518
2fe1daa1-3b31-4d89-a216-82fc56690c10	Lébény	9155
08a739c1-7f65-48c4-b0d2-a7bf54ab7017	Legénd	2619
5137f8ea-8770-4569-a517-932bbce2a91f	Legyesbénye	3904
5bf65d6f-a264-435e-96d2-0cc65cac2764	Léh	3832
7058c513-975d-4024-8282-fb984d6c19ed	Lénárddaróc	3648
5a62627b-ed4a-423e-acad-0e3703f4c1a9	Lendvadedes	8978
68a8af9f-71c0-40c3-ba3f-ac56ef59bc21	Lendvajakabfa	8977
a830581d-ccc9-4a05-b0b0-30faa2cacd46	Lengyel	7184
8e64602a-2d44-46ee-878f-671684e9a9e2	Lengyeltóti	8693
d355c993-d552-42ec-9bed-0464b1c311d6	Lenti	8966
11c22be3-5d4c-46b7-a71b-4d70f3df3200	Lenti	8960
b0382edd-5b7b-4de9-bb50-0416b2ce7111	Lepsény	8132
94490705-871c-4353-849c-b9d50719b48e	Lesencefalu	8317
dd9c4c23-59ac-4975-afba-df6d6cdca21c	Lesenceistvánd	8319
d5c2dd03-bf25-4f62-84b0-776187f1e250	Lesencetomaj	8318
e9dae89d-a8d9-48ee-aa69-21013294f98e	Létavértes	4281
8a5b4cfc-fe06-4ca3-b9a0-4b78eb681898	Létavértes	4283
81465eb1-7d94-4cea-9709-57a8c37273f9	Letenye	8868
57c28b9c-631c-4701-8bd9-a59364e4e1a2	Letkés	2632
612adb89-a000-4197-9add-b5c2195fa30c	Levél	9221
0e89bf59-1cf9-4a55-9f6c-5e38ab501946	Levelek	4555
8ada56be-215f-4496-9791-776cf091500f	Libickozma	8707
57af4999-a608-41fe-96a4-cf3db205b4b2	Lickóvadamos	8981
3c549c0c-43be-40ce-9e58-324b07bec249	Liget	7331
628909d5-7842-4c4d-ab52-b7562c54f6f6	Ligetfalva	8782
a74dca96-c674-43ba-8499-ea7b0b39702f	Lipót	9233
39a0f8ba-2535-4a6a-9a30-e9353ba6a6a5	Lippó	7781
21b66817-2079-4591-8012-d5d8ca90a0ce	Liptód	7757
f97c9a40-fa77-41e3-9f62-2588b4571096	Lispeszentadorján	8888
c04bf1e3-2081-4136-99a9-5c128a933fc2	Liszó	8832
890a9d41-1825-4f15-90ea-1f996ba91d96	Litér	8196
bca45422-bebc-4fee-b0ec-70639c95b93f	Litka	3866
780fd9f2-1407-4f90-979e-45d45bb53fae	Litke	3186
86f3107f-3c9f-4557-b5ba-978e46aefb89	Lócs	9634
099def82-e5cf-4278-b969-e658c80d7957	Lókút	8425
b43a816f-d62f-4030-bbb8-27e29bffc28a	Lónya	4836
78bf1fcd-94e8-4f83-be61-697f9baaae53	Lórév	2309
3666327b-1fb6-496e-9160-cd776d80a29f	Lothárd	7761
ca618e7c-9402-4586-8460-4f3c9cf52762	Lovas	8228
f4e438a2-5477-412d-8f69-e1c11bd02734	Lovasberény	8093
bc4f4de9-824e-410b-8fd7-bcc1f65545e0	Lovászhetény	7720
7d6a40a2-05e4-4b12-8122-25af5dd04ad5	Lovászi	8878
ea248b3e-4743-460d-9247-c2c837a1dcd4	Lovászpatona	8553
cf9119a6-acf3-435d-9f70-ba2714e56dca	Lőkösháza	5743
913357d5-8270-403c-a0a1-ec7334faf32a	Lőrinci	3021
67c07987-e576-443a-aa27-5586aa8109e6	Lőrinci	3022
df4cd585-942f-4ff1-9f33-ffc9578dd9c6	Lőrinci	3024
78da428d-ceed-4ce4-b5d3-89aed5fb0828	Lövő	9461
19190b7f-2a0f-41d8-bb19-32141ce7df32	Lövőpetri	4633
f9a10aa0-9d6f-4c49-a0e2-37f09652543d	Lucfalva	3129
b0b7f467-1cfa-40ad-b882-5f252f3d6452	Ludányhalászi	3188
c79c1edd-0080-4cdc-95c7-27f3e693b2bd	Ludas	3274
f957fa5d-ad13-4d8a-86e1-4b124b61395b	Lukácsháza	9724
5dcbb2b3-0a48-4ed4-965c-c9e07c4edd94	Lulla	8660
81fbeb01-b320-4605-8468-64a5a6e33ae4	Lúzsok	7838
6cd15418-469e-4b35-9234-adee7c539e22	Mád	3909
86839d17-f5d5-43db-af75-397c3e573772	Madaras	6456
5ed032dd-bf01-4daf-808f-a6205257f7fc	Madocsa	7026
60dbe52f-4bb3-4006-b491-f3f7bdf475ec	Maglóca	9169
06688ebb-9adb-4f3a-a52e-a68a611db7fe	Maglód	2234
aa6e7647-a3b6-49c5-9c72-0162ba267b72	Mágocs	7342
78f9b1d8-b263-4a23-bd3b-99292ca0922f	Magosliget	4953
1620c4e3-c0ac-4ef4-a3b6-917ac1582b8d	Magy	4556
e42ebef7-94d1-43ca-9ba6-0c9132723e6a	Magyaralmás	8071
c79961be-aa00-4037-bd14-129147aa95e1	Magyaratád	7463
f057e7ae-b847-4dfb-a2b5-ae1e1c896ecf	Magyarbánhegyes	5667
3c25ccd6-5e74-49be-a9b1-1525516b17b0	Magyarbóly	7775
2487ca95-cae0-42c3-beeb-cdecc56368d2	Magyarcsanád	6932
c724b04a-7848-4bd4-9691-66d4a5425d2f	Magyardombegyház	5838
c380c302-e19c-4882-80ca-1a7f35c6b4f7	Magyaregregy	7332
7bf38363-b738-4779-a5fd-fc75c7837706	Magyaregres	7441
ef7c652b-cae9-4978-9bdd-422844e69715	Magyarföld	8973
faf91a6b-b286-415d-9b05-01a0e942881e	Magyargéc	3133
212cba0a-c27b-4094-bc7d-107301cca31f	Magyargencs	8517
257e74f8-9b7c-4e4a-b1b6-0b30a4a17d90	Magyarhertelend	7394
259b1c64-f6c9-47d0-b99b-855c560cd642	Magyarhomorog	4137
91ed7b39-5868-4b45-b463-15996ec7bb4f	Magyarkeresztúr	9346
544f9df4-b2b5-4f99-ba7a-3b9e971900d2	Magyarkeszi	7098
7b0ac584-d883-4988-86e4-3af6937db0b7	Magyarlak	9962
75ec224c-6a11-4d32-8632-fbdee6b6abfe	Magyarlukafa	7925
ff3aea26-ef2b-4204-a52c-1bdf510df5b3	Magyarmecske	7954
922be03b-749a-423c-9596-26d3527db302	Magyarnádalja	9909
9c56666e-f7e0-48f9-a0d6-fb65baa83112	Magyarnándor	2694
5f115ee1-186f-4d52-81fc-82a4c77d9f41	Magyarpolány	8449
cc472076-1838-41dc-a99f-ea6b187e7b73	Magyarsarlós	7761
b497e958-950d-4ead-99b3-36690986c93e	Magyarszecsőd	9912
cda3074a-6271-41f9-b666-2adbafc48c63	Magyarszék	7396
39389af2-5b1b-48e8-a961-9e8bd48faa7a	Magyarszentmiklós	8776
61e98b00-fc3d-4f0c-9a72-f6602025da5e	Magyarszerdahely	8776
8a26cb34-758d-4785-bfa5-65b435f5a1e2	Magyarszombatfa	9946
ad1f4009-c73a-41fc-87ed-6a5384090ee4	Magyartelek	7954
72310ce6-eb7b-44b2-9fc9-a3d34adc97aa	Majosháza	2339
f22e2c62-f5c0-4ad8-8af9-4ff748172966	Majs	7783
1389e79d-b696-4dc5-bacb-a08df2e3e8cc	Makád	2322
816ec085-edca-43bd-80bb-dc9ae160330f	Makkoshotyka	3959
eb86896e-0639-4e06-9a95-f39dd808da6f	Maklár	3397
1790d0cb-5f47-4d69-861c-3e84b81dcbf6	Makó	6900
d5c784fe-23ff-49f1-97d2-ea6bc0b486a4	Makó	6903
0d07295c-1fbd-431d-8699-79d3dfbc8445	Malomsok	8533
d260c745-f267-440c-b49f-6570f176bb8c	Mályi	3434
555d5a4e-b7c9-454e-a38c-ee7de90b7020	Mályinka	3645
26b44bb7-d42f-47e1-aea6-141f0b207776	Mánd	4942
feec8f10-510e-4741-8546-81f6e60b05b9	Mándok	4644
aa449631-5b60-45db-8531-31302daafe80	Mánfa	7304
e5953c8c-9f90-48d3-8233-15c97e77523a	Mány	2065
c8331a4b-7423-49fc-908e-20e6f28fab53	Maráza	7733
0fd6d877-37fa-4a96-a7d5-eba0eb65aaba	Marcalgergelyi	9534
20c19dd9-f502-4e96-9a69-bb41e2d396bb	Marcali	8700
6f297355-5053-4716-a375-5d13217b242a	Marcali	8709
d882b550-2397-427c-be4d-cf9ee80451de	Marcali	8714
0e82df74-60cc-46cb-accf-ea70e635d3fd	Marcaltő	8531
5ea5638c-d294-4812-b266-fd6419530731	Marcaltő	8532
3e2930d4-bd1d-4284-a7f2-23dfe2439223	Márfa	7817
f37d2452-090c-4ea6-bf1d-2bd787f5b022	Máriahalom	2527
637a3c11-cc84-440a-83f4-b7b57e6819c8	Máriakálnok	9231
0a121579-7c7f-4a9c-b09f-4ba72732c85c	Máriakéménd	7663
2531185a-dab3-4b74-8e36-af12ba867a4b	Márianosztra	2629
40e11ace-1c1a-40ac-a39c-30daca4bfab3	Máriapócs	4326
e2c1cc2b-172d-42f1-a77b-cc5d7f1f69f0	Markaz	3262
ed66f69a-0495-4c15-8d27-ac65cff35d79	Márkháza	3075
0f412317-4544-495f-ad66-1fd5dae25318	Márkó	8441
e7a1bcce-8470-49bd-89cd-22389a7d6651	Markóc	7967
c2e472c1-0c62-48dd-a2b7-7c76d8a40832	Markotabödöge	9164
26f6f470-7c63-401a-aa1f-bede644657b4	Maróc	8888
c1dab24b-cdff-41b6-b1fc-fb378863ba14	Marócsa	7960
c6acd993-89d1-4ca8-b496-80c0e14a29a8	Márok	7774
9cce0b26-120c-4bb3-89a8-7e4ec0ff255d	Márokföld	8976
eb25326a-9752-4f9f-8bd3-40499521a272	Márokpapi	4932
21548c89-c0e2-4d97-b901-46f1c6853543	Maroslele	6921
62081478-4aee-4635-9f4a-592b9423885f	Mártély	6636
12469f68-745c-4de0-93f1-2453b6e59c3e	Martfű	5435
8fe19c3c-bafc-44e7-9c44-a872bba45313	Martonfa	7720
c917e0a8-71c2-4bb5-a97f-baad3b15b3d0	Martonvásár	2462
f13a5e58-9d47-43e1-bd02-48ea3d6b1364	Martonyi	3755
0afc73d7-d783-4a68-8985-068b3e4a3fd3	Mátészalka	4700
9047b9ff-e041-4600-a3b2-d20cf906f618	Mátételke	6452
21ff70b3-4f78-484f-828a-be723c7c473c	Mátraballa	3247
4f784579-fad5-4e2e-8bcf-4ca5547c49c6	Mátraderecske	3246
234f71d4-616f-4da7-9557-c66a77f5edc0	Mátramindszent	3155
2249e2c0-2ccc-4f13-8a29-60d36c6d72c8	Mátranovák	3144
ced45789-c1f3-424f-9c55-d1104a3cb694	Mátranovák	3143
3c062928-795c-4d25-9431-d376a1f99050	Mátraszele	3142
a9635abe-2231-4cd7-856c-5fc44bc30b0a	Mátraszentimre	3234
70df1b0a-150e-49dc-9932-fa3dd3ebe344	Mátraszentimre	3235
6fd4ff5e-8dd0-4675-8127-246d47fc82f5	Mátraszőlős	3068
e6449362-b1e1-4c60-81e9-98094835d053	Mátraterenye	3145
b09348b5-7a00-4421-963e-f7ae3f87334d	Mátraterenye	3146
cfb2a4fb-e624-493a-a213-86c615a6bcd8	Mátraverebély	3077
68397650-2602-4860-8713-364a2a1096d9	Mátyásdomb	8134
94da4cc3-7f3a-4180-a62b-cf2e956de557	Matty	7854
0c06d4e1-77a5-44bc-983e-e11bc2050b53	Mátyus	4835
5f32fe81-5251-4e5a-9358-9d1ecfcc056a	Máza	7351
db3cafd0-2f17-44d4-a6b1-0534ed1dcfba	Mecseknádasd	7695
8105aa44-4b17-4df6-a790-bc9694174c6e	Mecsekpölöske	7305
f825967e-dbf3-4e14-b98d-438a35bad769	Mecsér	9176
63f5283d-a748-4210-a5ee-9d80441e2c00	Medgyesbodzás	5664
655efc59-670f-4627-a1b5-3a7d3171c4b6	Medgyesbodzás	5663
1defbab7-313d-4c83-a6df-80ac7b777715	Medgyesegyháza	5666
1d77923b-3da4-4a1d-b4d7-ebf2c117e6f8	Medgyesegyháza	5752
9e8e9ee7-ee64-4f67-b4d2-9fc75bd6e519	Medina	7057
5a0fb612-2237-450c-8f2f-331bfa4d32dd	Megyaszó	3718
fbfa79f5-f925-4113-a8f4-72cde21bd674	Megyehíd	9754
0ee373f2-9a74-4bae-9762-93d634402deb	Megyer	8348
f7cbd389-6d52-4e29-a072-925f881ee1e4	Meggyeskovácsi	9757
47bbd130-d732-46a1-9f49-46963651e0da	Meggyeskovácsi	9764
ba1b3b48-a76a-4793-af5e-c14ddb22e614	Méhkerék	5726
4061561f-635f-463c-973f-a94ec5a449af	Méhtelek	4975
b141d59b-1ab7-4c46-9959-4e59f4d1133b	Mekényes	7344
8ae13901-1b61-47f3-b5b8-43928063b7fc	Mélykút	6449
0c78df55-1b80-40c9-a3ca-51b696e12d5a	Mencshely	8271
1999ec35-5272-4afb-b026-23e89a932b41	Mende	2235
1dca1eda-35a1-4ae7-9c44-137fd389feaf	Méra	3871
056625cd-fcd7-43c7-8794-e8c3bf8887aa	Merenye	7981
40aa741b-412f-4b49-8aac-96ebdc931f65	Mérges	9136
6f628881-7241-4e47-8d4d-606d8d581ab2	Mérk	4352
a15fb858-0641-4ea6-950d-38a1ecefa986	Mernye	7453
a547db5b-611c-484f-bcc4-cdde0993e311	Mersevát	9531
277d06f7-ab02-4c39-ad19-2e5b6147deae	Mesterháza	9662
c3163492-a3c3-4f6f-b6b1-8413c3c07cfc	Mesteri	9551
f0fd8507-7379-4bba-b559-84903e9e47ea	Mesterszállás	5452
d2d16fe8-acf2-4900-867c-dc47ae0d7e14	Meszes	3754
256c44e1-0c00-4306-b01f-fc2329fd75b5	Meszlen	9745
7e11dd9f-a69e-4f6b-85cf-64a36a52cc48	Mesztegnyő	8716
5d45abc0-0bf0-46d0-a79f-22fa19dd1c16	Mezőberény	5650
a5d23a57-1df1-4dc4-ad09-458eb6dd9073	Mezőcsát	3450
7f64256a-880f-4240-a318-3745de168873	Mezőcsokonya	7434
b4dd298b-b6db-4582-ae06-3f4d7660c2d5	Meződ	7370
2c3130c7-f0ec-4cc5-8773-a21e2b5fbd73	Mezőfalva	2422
bb77cc81-5389-4fa4-8df3-9b3463d2bc75	Mezőgyán	5732
9847a935-38ad-4928-834f-4eb7bd020de8	Mezőhegyes	5820
f6b58627-285b-46b6-b9b3-0117d61e7bdf	Mezőhék	5453
b7952c4d-f50e-4cb9-8a54-c45fa73593e4	Mezőkeresztes	3441
b892ccef-6dfd-432d-b1e8-605f6a6b965f	Mezőkomárom	8137
29ab61f2-9c9e-41fc-bb84-70cf8ef92119	Mezőkovácsháza	5800
f59c7354-5eca-4349-9267-0adf35219e6b	Mezőkövesd	3400
88a1655e-94b0-42c0-97a5-0e1c9a5d6e34	Mezőladány	4641
27711adc-39f9-44d0-90c6-d4fd01bc6436	Mezőlak	8514
e52d6cb7-97ea-4ed8-8ef3-0ab0ad6e453a	Mezőnagymihály	3443
e29a6857-2a97-4255-bd3f-f7145f5a106e	Mezőnyárád	3421
f7303a38-5bd9-4302-a14d-6637df74b923	Mezőörs	9097
bbb97efd-ea9f-410f-b649-a8ed592dd48c	Mezőörs	9098
76545263-8219-43b8-a20e-6b4b82309455	Mezőpeterd	4118
085c3be3-aaed-4ac8-99ad-80b36c4ce93a	Mezősas	4134
3e1e4a95-c0a6-4b5b-9011-0439759805b6	Mezőszemere	3378
c476871e-64b6-45dd-9901-735c477bae32	Mezőszentgyörgy	8133
3683eef3-51a4-4263-ab51-77e4e3c86e85	Mezőszilas	7017
99e74a2f-3264-4ed9-a4c6-9ddf8ac9d551	Mezőtárkány	3375
8a388828-e0e2-480b-bd13-66476fc649c8	Mezőtúr	5400
bb28edfa-97b7-4ced-a607-b6bb70c6b752	Mezőzombor	3931
bd02f706-834c-45ac-8bef-f0cc263717fb	Miháld	8825
0c0db09d-f7ef-4458-8030-e28eb36e3f5b	Mihályfa	8341
9dc3c13a-4ce9-43bd-9a8f-14ec5ab0349f	Mihálygerge	3184
17c9c24b-2c1c-423c-bd69-06fb4efc435f	Mihályháza	8513
2f58f7a7-1b4f-4cfa-ab0d-ab335c6b9c2f	Mihályi	9342
75b2484d-84f2-476f-b699-9fce5580e7d2	Mike	7512
6b210919-51b5-4322-af20-a4fdb8ef07e2	Mikebuda	2736
15da8f3f-2d5c-44d1-ac56-6024f8e7ad57	Mikekarácsonyfa	8949
8ed7804f-95d9-4a56-8580-2dd4211a05c5	Mikepércs	4271
c43a0472-c0eb-42f1-afef-6a0bbfca0858	Miklósi	8669
ab774e3a-afb4-4f77-8746-88898dff0449	Mikófalva	3344
c13b4e8d-d58a-4fc1-91df-ad87df5b9ff4	Mikóháza	3989
650e7a82-9b99-4c6a-83f3-a85c037fc1cc	Mikosszéplak	9835
b9dc890b-246e-4299-aece-6e2ca96131a9	Milejszeg	8917
a29d9768-5168-4a9b-b7d7-699c0ebdf6ef	Milota	4948
6fd4b2d9-47c9-4516-975a-81cecda68658	Mindszent	6630
4729f3ac-443a-4022-b589-8def5979a51a	Mindszentgodisa	7391
13b1f579-dc71-4321-9a76-7e6e34a2938d	Mindszentkálla	8282
e4eb6f61-9b6f-4eb5-9073-e2db8c4b99a9	Misefa	8935
fae9e671-df3d-4d4a-9096-0b7ca85cee34	Miske	6343
03f47a36-bf41-4355-9b7d-3cd69ccb155a	Miskolc	3500
335f6d45-3c0a-4f77-a9bb-e6d62ef478b7	Miskolc	3525
72ce86c2-4f89-4498-ad35-c514dd700981	Miskolc	3528
c14a35a9-d897-4dc4-9103-daefb9519bac	Miskolc	3530
ab30e12c-0517-4ba8-9353-8dbb928b07e8	Miskolc	3535
758bcaf0-dbf6-463b-9829-879a2f155516	Miskolc	3533
a052d3f9-9be1-4c65-86af-9b4ac2b07739	Miskolc	3517
fcf155fa-0e67-493d-a3bd-5f215368bec2	Miskolc	3515
d0ea1b44-a2b5-47e7-86cd-1537818fbed3	Miskolc	3558
f045ee3a-53ef-4d77-81b5-389836de57dd	Miskolc	3529
eaea052a-3fd4-4822-ab56-397cea282cec	Miskolc	3516
ff745134-b7bf-4d9a-befa-03bc94abda05	Miskolc	3501
8113bc08-cf2d-4898-a3f4-2caa67f99d17	Miskolc	3526
263648d8-5b16-429a-a4a8-df4c2190b325	Miskolc	3521
d850777f-2465-428c-8224-7d423b154908	Miskolc	3534
2d1d3a03-36e3-4b27-b39a-a7ad54282884	Miskolc	3531
19b49392-462e-4d71-b614-9fc8fc5dfb10	Miskolc	3519
5f2a0fbd-416e-4fc8-be56-29c1d9940051	Miskolc	3532
0a647a77-51ef-40d9-bc56-003f77ab74f6	Miskolc	3508
4687c47c-a598-42c6-9f04-dde8718a4683	Miskolc	3524
8e88e021-6d4f-4bed-85fa-7dad30782036	Miskolc	3527
862bc7e1-41f5-451e-8b36-c2485d797a36	Miskolc	3518
81cd264f-1468-48fb-a9b0-08805bbb2e93	Miszla	7065
79746e13-bc26-4d78-8b88-5f2e010a58c3	Mocsa	2911
70b75ddb-cd74-44ad-a629-238b88495d52	Mogyoród	2146
c91b9566-2808-4eed-8172-a1347807f781	Mogyorósbánya	2535
4e3b5807-4db3-4ec9-93fb-a59e2e7c8307	Mogyoróska	3893
e3361528-6f8b-41e4-8104-e7f216d021d9	Moha	8042
b4e5abc0-0059-4f8a-b423-b64010295b36	Mohács	7700
de5657c7-3823-4ece-8d06-1375859b0ab0	Mohács	7714
816c5542-1d56-4c61-bcd7-fc5b3319d2ab	Mohács	7715
aed07a4a-3292-4255-b708-aa5992e44ea5	Mohora	2698
d3a26454-3fa8-49ea-bc26-a6f0bb9e09b7	Molnári	8863
ea5a60c0-fb27-4f53-8add-35632dfa3357	Molnaszecsőd	9912
b8afa0de-4d7f-4314-accb-4b3ea329fe45	Molvány	7981
1f94a3ba-4d12-41cc-baaf-0c824d32f83f	Monaj	3812
af2ba8b9-f47b-4986-85dc-40b3d98dd6ab	Monok	3905
b6559878-2e3c-46de-9155-c73b605a5006	Monor	2200
c8185e02-58fa-40b0-a929-1b0b551edd60	Monorierdő	2213
b92e6a5e-7db4-4af5-9297-ac51041a1215	Mónosbél	3345
ed986b2d-3f61-4c77-8a7f-b3856e85e6e0	Monostorapáti	8296
3dd4afe7-6fbf-4d2c-87d5-650597fc6a82	Monostorpályi	4275
e47d2b2e-11bb-47f8-a0dd-760959617573	Monoszló	8273
7b67e784-36c9-45f8-afd0-1746569ebe25	Monyoród	7751
78763fad-cd6b-4de8-b8d6-c868f76bd4a6	Mór	8060
be3f716a-f7c3-47b6-9996-c8a2778389fe	Mórágy	7165
0f81ec06-9bc6-4d86-acd6-048ac4bd68b9	Mórahalom	6782
fe0b694a-7d18-445a-bffc-0914645f0905	Móricgát	6132
387df019-d8f0-43a6-ad1f-d075bf9fdb7b	Mórichida	9131
5f4c1d61-376a-4011-be24-42688dfc57ae	Mosdós	7257
5d164097-0e42-4726-a0c2-26f348372387	Mosonmagyaróvár	9200
20067b32-59d2-4b6c-af88-814c34b8a8b6	Mosonszentmiklós	9183
4512347e-53d9-4d45-8901-e326a2377cc4	Mosonszentmiklós	9154
05642252-97e8-4c1c-8a4f-e5075e62e7d2	Mosonszolnok	9245
6b95a729-30ff-4e4e-9ea3-271980632009	Mosonudvar	9246
b8e355d4-db2c-4b21-a48c-5a3093b5d616	Mozsgó	7932
a0717784-5ff8-43c9-a84f-9c6b0fbc46ca	Mőcsény	7163
6e6cca3c-d86c-4076-aa57-84c3fc60ddf2	Mucsfa	7185
aaf4044b-a4b7-40fc-98f1-cc21f02d21e2	Mucsi	7195
a74b1387-25d4-40c9-8db8-68b903fe1864	Múcsony	3744
4301cb6d-247c-43de-8b4a-00c6d447b2e9	Muhi	3552
8894e1db-b1cd-496a-ae5e-2b2103fddd5f	Murakeresztúr	8834
bb112a8f-5c07-4a97-9c55-912b909ce90e	Murarátka	8868
70163371-562e-46d0-9379-cba2633114cb	Muraszemenye	8872
b49cb7a3-b10f-4228-b1ee-a16a2adb6a26	Murga	7176
c339d2fd-4b74-4636-b435-9e1c9198bce3	Murony	5672
c4f89d26-fa0a-4385-ba6a-2af7868f6e11	Nábrád	4911
f8e2e524-bb99-4655-ba36-3c1dc4d2354c	Nadap	8097
2476abb0-c498-4547-a678-3e8c8770a4d2	Nádasd	9915
f7fa0a43-da21-44c6-805c-393d37ac6316	Nádasdladány	8145
1637cdde-25e8-4521-be13-a98395b903b6	Nádudvar	4181
b42d642b-7e35-406d-842a-fcaaf57ea942	Nágocs	8674
40849263-0f8c-439e-a82d-ab3e18c8a3df	Nagyacsád	8521
0e0a2aff-2f52-424f-81b3-edde6fce421d	Nagyalásony	8484
f05e7405-3ec7-4e76-80a1-f65345248f0d	Nagyar	4922
c5deb390-09d1-473b-bf29-9b0a37cca362	Nagyatád	7500
ea8ebc92-9881-4516-9f4e-e0a5ca898504	Nagybajcs	9063
abf3d9c3-ae2d-4f31-9f63-33628765eda7	Nagybajom	7561
ed182c6b-e155-4437-9522-42d7f0a1f0c2	Nagybakónak	8821
d0b9f348-b49c-4792-bd15-97d853e6880c	Nagybánhegyes	5668
0d06845b-3b36-4154-adf8-1116e8613a0a	Nagybaracska	6527
d3a94521-fb45-4970-8423-2ad8c31455d9	Nagybarca	3641
81b8c243-984a-4a60-8931-7b0ce6cc0c30	Nagybárkány	3075
3d3eeefc-cdc5-40c7-a92f-f236db4cc677	Nagyberény	8656
d935cd4f-bc91-46bc-a12b-fa984742ca1f	Nagyberki	7255
400d61b4-d989-4f6d-9a1b-02963b271e80	Nagybörzsöny	2634
df0a6c74-fcd7-4b8c-be8e-02c994833f69	Nagybudmér	7756
bf8aa414-8b37-4b99-8f9c-64cdc58b8787	Nagycenk	9485
3560cecc-4156-4343-a2bb-09e0113b87e2	Nagycsány	7838
c55d2e61-6343-48f7-9a16-cadf95396f57	Nagycsécs	3598
43f11bc9-2b11-47a0-a285-0ae005b7904f	Nagycsepely	8628
ed314e66-e9af-445d-80e1-49bf4a0047d1	Nagycserkesz	4445
2f2bdbca-c616-4e98-b60a-25a8b4569d7a	Nagydém	8554
18c67aae-5bec-46b5-afbc-1d5cc49a014c	Nagydobos	4823
f8fecc30-4f98-4c77-a615-ee83bf07f33b	Nagydobsza	7985
4477832e-0a16-4463-a8d4-100f4b1370b9	Nagydorog	7044
334e2226-b875-4c66-ba25-edd38a0e6771	Nagyecsed	4355
ffd529de-6da8-404a-b7eb-e141a59efd7a	Nagyér	6917
d4210392-d540-45f7-a345-c22298f8aa1b	Nagyesztergár	8415
1d4c9800-830a-402a-baae-fadb4c70513b	Nagyfüged	3282
a6992300-f197-492c-960c-828fd929b3af	Nagygeresd	9664
9c54fe2d-62bf-47dc-b59b-3f4c6a7b3b5d	Nagygörbő	8356
a1cc043a-3bf8-43f9-b4dc-c797bc792abc	Nagygyimót	8551
8671b07d-3b63-4509-8dea-0785744c047a	Nagyhajmás	7343
87a55fc9-a4b0-4925-aec9-e842c805f082	Nagyhalász	4485
c1e3f2c2-04ba-4199-96ee-449f4fb4c6ac	Nagyharsány	7822
4871b470-d1f2-466f-9aa1-5725938582f5	Nagyhegyes	4064
eadaba7d-c976-4427-a2d7-9144f87dd293	Nagyhódos	4977
6bdf36f3-280e-4d20-b78f-cdfafce13f47	Nagyhuta	3994
1877b573-e161-4177-a7df-5ea1b626e59f	Nagyigmánd	2942
043f47e9-d759-466b-b5b8-2f1589636868	Nagyiván	5363
abdd7e5e-745a-4eea-a03d-99008170b5b1	Nagykálló	4320
029fed66-36cd-4f19-b288-2c5d2fde0a68	Nagykamarás	5751
cddf56b6-a24f-4e11-95e1-2aea5a09b958	Nagykanizsa	8800
2c891e87-e43b-4abb-bf28-c34565b27f49	Nagykanizsa	8808
6b3d5d4d-6ce2-459e-b36e-85d57d0243c1	Nagykanizsa	8809
84f71d41-8bf1-4132-bdb7-4b68390b9665	Nagykanizsa	8831
b6ddec56-d983-4924-9da2-bb417dff11d2	Nagykapornak	8935
8e438dc5-0e3c-4a38-b2f4-e8d25b1ca9e6	Nagykarácsony	2425
bd5bca37-76fb-4aca-8e5b-91cc0f4a227f	Nagykáta	2760
f1864bb3-9b16-4083-9984-b689c8694ecf	Nagykereki	4127
f5a874aa-5479-4f27-9aa2-1951bcfa7cec	Nagykeresztúr	3129
aa217c26-1c1a-480e-baed-52974d451ec8	Nagykinizs	3844
b749df4a-e900-4ab6-ab12-7f79e6b2d478	Nagykónyi	7092
d0ff8c83-398c-4767-a8e7-6cbbbb7d4962	Nagykorpád	7545
ee74b60a-99e4-42e0-b158-d0b2de2ea020	Nagykovácsi	2094
cd8b9634-c6cf-4290-aa80-883a0e517a71	Nagykozár	7741
f28f849c-c4cd-4be4-be4c-9e374121b524	Nagykökényes	3012
90740a0b-1853-4128-9cb6-733f252b4ef6	Nagykölked	9784
bef681b5-8643-46ea-ba02-280e979828f9	Nagykőrös	2750
88fd6d43-fe7e-4289-ba63-500cdd1f36f0	Nagykörű	5065
552fc41c-3a56-49f1-a0a5-6a7f22625090	Nagykutas	8911
2dc60085-e56a-4120-ac6f-0c69a6c7f57b	Nagylak	6933
67d699d4-0002-43b1-944b-8017c291772c	Nagylengyel	8983
d1d620ce-eb01-443c-8ad7-7fc9a4fc773b	Nagylóc	3175
9fd49c3f-b5d4-43a6-9ce2-0123ab4e70d4	Nagylók	2435
b3daf819-6ae4-4bea-aa6c-7375896a6864	Nagylózs	9482
f070189c-a28e-4a3b-85d0-3b8c73679588	Nagymágocs	6622
e5862acd-b059-4e02-993e-6e7b09c263c5	Nagymányok	7355
26c783bd-a5d1-428a-b7da-6a9cb235b27a	Nagymaros	2626
3304c6bc-55ad-4425-afd6-9942f1b80749	Nagymizdó	9913
b1161201-3154-430e-83c0-11cf8064dc23	Nagynyárád	7784
357a6ead-4eaa-4d74-b731-d4a56e1f469e	Nagyoroszi	2645
37de886d-07da-4c15-8016-c0306c6ac98d	Nagypáli	8912
c798a531-746b-4de7-a9b8-0eb38598c658	Nagypall	7731
daa15144-777d-4ab8-aeba-7dfae42fa908	Nagypeterd	7912
f0ba7dc6-55f5-40f8-8ab4-6de91e389246	Nagypirit	8496
ccd5bc59-8e8f-44c3-98ee-e54d718dbbc8	Nagyrábé	4173
b3dce094-47dc-42fc-a7ce-ee56c636fe0a	Nagyrada	8746
07e57a90-87fb-4531-a09b-82b61bf3bc64	Nagyrákos	9938
4d5024c3-aa7d-42c6-9058-e509638e1aa6	Nagyrécse	8756
64afa3d4-a32d-42d6-93b0-3d30a6948a85	Nagyréde	3214
29633ff8-019b-433e-9cd9-3ea2c90ea2f6	Nagyrév	5463
21d30d28-ddef-46c8-9f4f-9623f4f58e75	Nagyrozvágy	3965
3c3a8b7b-465a-4a51-a781-1b68fc9746d9	Nagysáp	2524
ed1fdfab-265b-4b21-b9dd-66923c4cc6a7	Nagysimonyi	9561
086fdf7e-a1ae-4646-b6ec-e3ff9de836b3	Nagyszakácsi	8739
6b06afda-227b-4d04-98d7-3c1b77ad6435	Nagyszékely	7085
f135aa72-26b7-47d4-a74d-32b4125db886	Nagyszekeres	4962
561dd308-4033-487b-800b-e1d0ca5f5f7e	Nagyszénás	5931
b80a95b1-9fe0-4019-a390-55dec2ab5ba3	Nagyszentjános	9072
34c73972-061e-44ff-9255-fb7084491288	Nagyszokoly	7097
fcbed722-2a29-4246-8f98-76638a320d53	Nagytálya	3398
06fd16ad-d613-4fe0-8bf7-443573f3524b	Nagytarcsa	2142
6dda81b1-7745-46e6-892c-20243d8c0c53	Nagytevel	8562
b3e9e77e-5d26-4c17-84f0-471811e0a3f2	Nagytilaj	9832
b0c24e8e-1f4e-4b4c-b008-f7bf68182d00	Nagytótfalu	7800
66a47a56-aaf7-44a3-9997-afc13272a825	Nagytőke	6612
88f59cba-393b-4a1f-936c-801bb144594b	Nagyút	3357
29cb7ebe-83d4-41ff-a6bd-13b2ea7d818d	Nagyvarsány	4812
1781dfdc-6b65-42bb-b223-6bed1ea305c1	Nagyváty	7912
01f5af18-62d1-491d-8427-b1d023a75e34	Nagyvázsony	8291
2990c993-ac51-4c53-b66b-16918de283b0	Nagyvejke	7186
9162994c-7597-4b6e-a51f-069e8572020c	Nagyveleg	8065
8b4e0855-5756-450b-9c48-1be1a984aedf	Nagyvenyim	2421
c4333ff5-31f4-4d1b-9911-ce8f730dd000	Nagyvisnyó	3349
a8461955-568a-44b9-90b8-806e07e203a3	Nak	7215
b1e0c3f3-979e-4359-b989-7f5c70221200	Napkor	4552
850d20ce-19c5-4e69-8ac3-5b3c1a51865a	Nárai	9797
3601a396-a80b-47e2-8ab1-8b8a3081cd49	Narda	9793
54ad2420-11fe-40bf-ad64-5e039d098ece	Naszály	2899
e1db662f-39a5-4905-8a4d-2935a03118d7	Négyes	3463
958439c8-bc12-4d1b-a8f5-df7b9516ebb7	Nekézseny	3646
4cd1477a-a01e-4c8d-8a8d-69f6d633509f	Nemesapáti	8923
3644ffee-995e-430c-8e52-51c8779fa145	Nemesbikk	3592
979a2dab-bab4-4b4f-8b6e-af39786516db	Nemesborzova	4942
3f75ae48-cc2b-4576-a92a-7a0d629d2f92	Nemesbőd	9749
e18a1ddf-3ad1-4a33-afdb-36adf2d720eb	Nemesbük	8371
99962274-2f44-437e-9e5d-980be9155407	Nemescsó	9739
660b3d92-6396-4164-8358-e0589d9c31e5	Nemesdéd	8722
d5fa5d51-6f4e-4717-ac86-50e0ee2ede25	Nemesgörzsöny	8522
c78e8457-17d9-4c89-bf76-bba38891b49b	Nemesgulács	8284
3ae0ff2a-6675-4300-a3b7-a0fb6777ab25	Nemeshany	8471
823cd116-6278-466b-9ae5-620087713414	Nemeshetés	8928
d25f2f59-748a-4afa-aeb9-74fbaf55f1d2	Nemeske	7981
0b6fa4ea-e28d-4f62-84b8-1c100ef8b3f3	Nemeskér	9471
b9c24331-c821-44ab-8184-8f8c9b9dd6dc	Nemeskeresztúr	9548
cca560b1-03a9-41da-ab95-909268db83e8	Nemeskisfalud	8717
9d6ec945-cead-4759-a0e1-a7c78ab39447	Nemeskocs	9542
0ccf58b0-5796-4222-9929-1833d99676d7	Nemeskolta	9775
b25077f2-679d-45cb-8074-f5f1b2d65816	Nemesládony	9663
de8c291c-76b0-4191-bd2f-2b58cf8d7ea6	Nemesmedves	9953
6e105767-492f-4301-a38d-4effc7c933b5	Nemesnádudvar	6345
016a6619-4e6e-412e-94ec-ac38d1c9ec48	Nemesnép	8976
ff42ca6d-e812-4001-8f71-269d9475a119	Nemespátró	8857
abc1977c-857f-4605-bc9f-3c24d0a6b91b	Nemesrádó	8915
454fda37-5694-4a5a-9acc-b0f2532506b7	Nemesrempehollós	9782
07168c62-028f-41f5-9af6-c2cc4bce716d	Nemessándorháza	8925
23e1812e-7757-4883-a32a-036c28c9020c	Nemesvámos	8248
9a394ffc-4ce0-4102-bc52-41820cc19ed5	Nemesvid	8738
e0d85229-87b0-40cd-820e-f9f755585a54	Nemesvita	8311
2e494b4d-3e16-4f2e-9d64-d5777c5169e4	Nemesszalók	9533
4c6cf4da-b527-41f0-9b9e-e7c9c06800a9	Nemesszentandrás	8925
2482b596-58df-4502-9742-1fee37a92f65	Németbánya	8581
e2b6b54e-fd74-4ad4-96d5-fc91c2e5604a	Németfalu	8918
c9e98feb-bb51-483c-9b25-258d9939cd9b	Németkér	7039
07b8a1c5-6fc6-4349-8c79-7206e0d28529	Nemti	3152
90df8965-8846-45a6-80ba-fe7ab9bde1c8	Neszmély	2544
c07d93ca-b1dc-4de9-a9bf-c3a9f7fa7137	Nézsa	2618
ae049ab8-14f8-457d-b55e-5ba55f33a41d	Nick	9652
525efefd-f313-4e02-bc09-770660b0fb16	Nikla	8706
4c050c03-6552-4654-be2b-027323de1ad7	Nógrád	2642
c7f1048d-8143-4494-894e-c6585b016157	Nógrádkövesd	2691
04c75f1f-d267-4b41-acbf-21f9af06c0eb	Nógrádmarcal	2675
abd2bb8e-1a09-4b78-8aae-bcea76c4cb5e	Nógrádmegyer	3132
465b42de-0a96-452d-87cc-e8137828ee18	Nógrádsáp	2685
450270bd-8bfe-47e7-b23c-09aa5afa602b	Nógrádsipek	3179
b3716221-3eb5-4ee7-9efb-904368dcbddd	Nógrádszakál	3187
3bc3fac0-dff6-4d93-8418-db9cc7ee3ec6	Nóráp	8591
12c6de1f-0e8f-4278-b62b-db850db624fb	Noszlop	8456
fded72a7-07f3-40fb-aa6e-3fc59cc912a1	Noszvaj	3325
c5865ff5-f624-455e-9e7c-07828d576a27	Nova	8948
3fc2208e-4cd6-4c7e-999c-9704b7c34ef0	Novaj	3327
58b231a9-133a-4253-964d-288e4a0633f4	Novajidrány	3872
a3116ba6-8407-466b-8c59-35ce89a4d3c5	Nőtincs	2610
a48de3df-b8d2-45e8-b535-82b6c4e2266c	Nyalka	9096
973db946-d172-441c-b0ec-64db36ccb121	Nyárád	8512
53d92cc6-0f77-46c4-863d-e187b14a39ba	Nyáregyháza	2723
b6888eab-9127-4def-9a6d-655b7eadb5a1	Nyárlőrinc	6032
8664997f-5793-4c06-8993-468a173a71aa	Nyársapát	2712
f15de442-4ce3-450f-80f5-d3d9becb209a	Nyékládháza	3433
54646d06-5f47-4c15-9dca-0cff6ac7b8a1	Nyergesújfalu	2536
b6ad4cb6-a567-4940-add6-eb4c2ad8d382	Nyésta	3809
5838e975-258f-45f0-9c1e-80fc8755471b	Nyim	8612
223839b1-6c58-4741-a5ab-899e2edec372	Nyírábrány	4264
06020fea-ac33-447a-9948-ee4921a10652	Nyíracsád	4262
140dd3b2-31b4-4341-ad14-d6eec26a61f9	Nyirád	8454
c8b93bef-3f27-43bc-8ddd-b07ee1488ea5	Nyíradony	4253
6f7861e1-083f-49ca-bddc-0281aa341a2e	Nyíradony	4252
a867d9d6-c8d3-4579-8c53-5795978f3cdf	Nyíradony	4254
b09d1407-a241-4b2c-8914-aad4cf2d76d6	Nyírbátor	4300
6757c106-3575-4dd1-a8c9-556c4ffdb972	Nyírbéltek	4372
1ec6524b-a8ee-4cbe-9029-2809c780f6ae	Nyírbogát	4361
2dd25fba-c966-401a-8e21-660c344ce96b	Nyírbogdány	4511
f2618ef4-b0cf-4e92-8b8b-75331832ecc5	Nyírcsaholy	4356
fec174d3-2e65-4255-88c8-e45878917b10	Nyírcsászári	4331
bc4f6c69-bab9-4e85-9f35-8c1feddbbb16	Nyírderzs	4332
58816004-76b8-4f2c-b0ea-b4452d4a21cc	Nyíregyháza	4246
a4289672-571b-45db-8c07-7bdf60a652ac	Nyíregyháza	4405
1aca65b2-c58a-4774-9fed-970d46c812ad	Nyíregyháza	4431
5b5d0d0c-3a4c-41df-aea2-30a89fd7b4cb	Nyíregyháza	4481
8b41b72b-803d-432f-902f-b4b60f24bfaa	Nyíregyháza	4400
edc633ca-d3a0-4fac-9871-7af6daa97bd3	Nyíregyháza	4551
27969fdc-13f5-4b64-924a-ae95b1e11b54	Nyíregyháza	4432
8b53f28c-e559-427f-abf4-74b270e42d33	Nyíregyháza	4433
338e159a-0bea-4dd1-8d86-e4e45eb00e05	Nyírgelse	4362
04fa1ca5-1163-4ce3-87fb-ac8fe39753c6	Nyírgyulaj	4311
13722b7e-ffeb-425f-a779-a5699efd59ae	Nyíri	3998
2020911e-5030-47a0-9da9-2b5c74968f91	Nyíribrony	4535
81ddb76a-a75a-4c52-99f4-063deaf377f0	Nyírjákó	4541
9cbe7eef-4ec1-4057-a616-ecdf5458517c	Nyírkarász	4544
097c3905-55cf-4f7b-a53e-d22780bce42a	Nyírkáta	4333
0a35538a-f4cc-4960-ab9c-387278f869a9	Nyírkércs	4537
fcc5727b-a68e-480d-87ac-05ba37e79400	Nyírlövő	4632
367c04c3-5768-45c1-be60-fc6568a4af6d	Nyírlugos	4371
3eb40088-7d22-488d-b1b2-6c9b830bcdc2	Nyírmada	4564
4adbba77-3c60-4051-af2e-ebbff557c3e2	Nyírmártonfalva	4263
1431da1c-80d4-49af-a832-dfe2146e01a8	Nyírmeggyes	4722
37f5724c-322c-4ed9-9616-a1ed81f0100e	Nyírmihálydi	4363
3cfe86cc-3fe0-49d2-8271-f4b813c515ac	Nyírparasznya	4822
26404584-fa6f-481b-b934-2bc228538d17	Nyírpazony	4531
0a664e58-010e-4b41-8be4-6dbb5113e9e5	Nyírpilis	4376
ca88b4b1-d95f-4af7-81ea-ba71d3747c95	Nyírtass	4522
c33691b7-6d43-4beb-89bf-34cf1155a3d7	Nyírtelek	4461
002679fd-bdd0-4b27-b8cb-550203f21b51	Nyírtét	4554
f5376d38-db13-4105-82be-db50ae0ae6ed	Nyírtura	4532
55829c89-acf4-4fcd-a161-ff1d755133f8	Nyírvasvári	4341
3afec78e-b38a-48cd-8b9c-a38f77db0c10	Nyomár	3795
5ee60be4-9b50-4121-943b-331ba5017c30	Nyőgér	9682
a93db3dc-80ee-4285-b55d-6e581dcc97db	Nyugotszenterzsébet	7912
5e301b1f-3484-496c-b90f-d52123487711	Nyúl	9082
f6913a7f-f7a3-44ab-8193-0c7c77351c41	Óbánya	7695
e344b1b5-8c29-41d4-be6b-0bcd023fe568	Óbarok	2063
d0d9ce6d-bd8e-4353-8cbc-7c2af2788ab9	Óbudavár	8272
0497ae90-6188-441d-a941-58bdb08ea0cc	Ócsa	2364
c909014b-23ac-4817-b176-0e36f8a0c401	Ócsárd	7814
502cddab-c029-4994-9874-13261550d576	Ófalu	7695
3d06cd8c-b7d6-44fd-9de6-706a54a9a859	Ófehértó	4558
227ca2e9-3a49-4e2b-9bb8-479910437e4c	Óföldeák	6923
75e91968-d7f7-4ec8-92c7-51d9ac563817	Óhíd	8342
d00bf721-7a61-4d0e-aedd-63da09c39a05	Okány	5534
75e4f648-365d-44f0-9711-c574d1407321	Okorág	7957
02bda252-4aa1-4b9e-af45-b91b0a735c80	Okorvölgy	7681
4ec17ab6-c9ce-42da-8e78-dd3cf39b2be4	Olasz	7745
9a8c44f3-111c-4e8c-aca5-117e1ebba29e	Olaszfa	9824
6bd607a7-daa6-44bc-a47f-6dd775c3afcd	Olaszfalu	8414
9d0fb826-3f04-43a8-9fc1-350df58417e1	Olaszliszka	3933
6b4f6ee8-08eb-4eed-9ca4-2a643652a583	Olcsva	4826
05424557-9963-4fcb-886d-958f8f6dc11a	Olcsvaapáti	4914
c4ab1d5d-afa2-4dfa-9fe4-5913411273cd	Old	7825
5b15d2fd-22fe-4572-ad00-0dba9e15d415	Ólmod	9733
883ee3b6-3d0e-495c-93af-c5d50e3b918a	Oltárc	8886
b5628b03-ec84-4369-98b1-5db393846824	Onga	3562
2c50a777-2d1b-4d29-9d7c-23c692d8cba3	Ónod	3551
cfb0afbc-82e4-42d0-a2ab-e562b6399887	Ópályi	4821
eb979b31-7c3c-4c43-a6da-fa7e24b42ec0	Ópusztaszer	6767
a41d939b-2b7d-4cd9-9337-9f3ff6f189cd	Orbányosfa	8935
8d14da8b-e3d7-4a60-a5d3-23fdf9f80274	Orci	7461
e74f5571-0ec5-4baf-a5a3-6e0cd81a60d5	Ordacsehi	8635
bc115d65-3eef-40cb-8f88-a89aa4aa8f2d	Ordas	6335
21876cb0-b146-40e1-a4eb-279d56cd93ba	Orfalu	9982
397bda2b-2b3b-4746-ac33-1e80f4e9c21a	Orfű	7677
b01c8b3f-e1e4-44d8-9722-a2b5cb33a685	Orgovány	6077
1f71925b-a922-4179-9898-0fa48c5a1bb0	Ormándlak	8983
4e8fea3d-a389-40c3-89bf-b8b641fb7d8e	Ormosbánya	3743
6f22e0a2-99d6-4b7f-97fe-e8d83f4625ef	Orosháza	5905
c9ab434b-efd1-4451-976b-511bbeddd19f	Orosháza	5904
4f63aea9-2ba7-42e6-9c8f-5c438d96cb53	Orosháza	5900
1f84155d-f182-4870-81e0-aafa54e881f9	Orosháza	5903
fc47e3ea-f86f-407e-804b-6de910cd4d1c	Oroszi	8458
ceb5613d-d4cb-488e-a5b9-3179a97c107f	Oroszlány	2840
775e1f70-1a00-4ace-a993-df8b882d5e8f	Oroszló	7370
a2cfc2b4-e342-492c-ad4e-22792728bbb2	Orosztony	8744
5630e6b1-3049-47ce-ab2b-18b02fdf2028	Ortaháza	8954
acc51f92-a81e-4c25-9657-ee12c3b78c87	Osli	9354
3aa5db6b-ccc4-4410-8e18-62061787072e	Ostffyasszonyfa	9512
3d6baa41-5d31-4293-a6ac-6c20a76c2f8e	Ostoros	3326
afb7e906-ab04-436e-95b3-b4eb0e8f0e69	Oszkó	9825
42472fb9-9390-460d-92f4-2d70df2c7b5f	Oszlár	3591
e1ec50b6-a968-4946-a8ef-e569a5757766	Osztopán	7444
b8f8422b-342f-4596-a3c1-0f130fca37af	Ózd	3651
8503aeff-654e-46a7-9bc2-23f4d148d682	Ózd	3600
13967cf4-d765-4bb8-a791-b3476da78ee2	Ózd	3604
8c7aee36-6c2b-4fe0-979e-c9cbcdde603e	Ózd	3661
64dee8a3-02f8-4a03-97ea-68d676d197fb	Ózd	3625
2bd30489-e645-4b22-accc-ca80ff72bc04	Ózd	3621
e1c19a1b-5973-40e5-b439-9314fafc542d	Ózd	3662
68427065-e031-453f-9c17-e800176f1829	Ózdfalu	7836
8bcdad23-ca45-4179-9d9a-d2cd58388fb8	Ozmánbük	8998
b6027311-216a-433c-bbd4-fead987408bc	Ozora	7086
06c8f4ca-329b-4723-a84d-fd99266d4e7d	Öcs	8292
9b9d13d4-39a9-4184-8dc2-6dc2e650274b	Őcsény	7143
8cfa52e3-8dcb-41a6-81d8-f68a90cb46f6	Öcsöd	5451
bc7c65bd-854e-4f00-a6ca-e9a583f68a00	Ököritófülpös	4755
f335e9da-5017-4a0e-8a00-f605625c3219	Ölbő	9621
13ff5742-0c87-4326-89ea-251fde1741a6	Ömböly	4373
67149d46-8b9d-4db4-b1b6-ce6f59852d41	Őr	4336
a7ec7b1b-50ad-4773-9a66-3dfef04e628e	Őrbottyán	2162
5908fe21-6b28-46e8-8171-e024e6a660bf	Öregcsertő	6311
c67b001b-c71e-47f8-9cfe-0a58c2f259e8	Öreglak	8697
94f8e6c7-15c5-494e-9b64-754338c2b6c3	Őrhalom	2671
7f5bda7b-8e50-4e16-b1be-71500938fc00	Őrimagyarósd	9933
0a9cf678-4310-4d3f-ae44-e05240c5fbb4	Őriszentpéter	9941
a153c664-8b79-472e-a4ed-c3af0890deef	Örkény	2377
36bdce81-174c-43a4-b0f2-7dd3c7d6ef90	Örményes	5222
2f6b90e5-d7f7-42fd-9505-53400efa5d5b	Örménykút	5556
c966cb8b-0f92-4283-a6ac-3a228366bfde	Őrtilos	8854
7780343e-108b-4020-aa6d-1b352df6cf87	Örvényes	8242
74fcb023-324b-444b-aeda-e2d23c7e33de	Ősagárd	2610
60c372ba-a956-467d-bf55-3f856c9dad48	Ősi	8161
4d761c6e-6814-478f-85fb-7f9a78f86707	Öskü	8191
4e50656a-8675-42e2-a129-2c94b4977819	Öttevény	9153
bdc4e2a2-9a36-4325-9386-f0b57b96cf77	Öttömös	6784
b7dcd977-71f5-469b-982a-bf8c84fd846a	Ötvöskónyi	7511
193cd5e6-43ff-42cd-b3ba-7c0b0ef13bc9	Pácin	3964
ecaf3573-0f9a-4d57-8970-5e2f5246a26e	Pacsa	8761
2b8cd32a-b299-4c8b-ab52-0d38f0d5ceb5	Pácsony	9823
c1e7a233-d6d6-42ff-968e-990b7e1f915f	Padár	8935
ffc85957-8441-4c3d-ba53-f515b27d7524	Páhi	6075
70f1c4df-1508-4674-a870-ef66a7c99e37	Páka	8956
e7355882-1419-4586-92e7-a73e2a5ebbb4	Pakod	8799
950f55d5-8eec-4096-a08c-436b327f7fca	Pákozd	8095
6165d4a2-baf8-4c2e-80d0-b5ed2f3a0429	Paks	7030
e6478825-d7af-4647-a81f-4cf48abc760b	Paks	7027
0b62704e-c4e3-46db-81ce-fcc49a90dbfa	Palé	7370
7af6fcd1-8ca9-4c86-916b-4232b4773231	Pálfa	7042
c735750d-3fe3-408d-be3c-ebca20548243	Pálfiszeg	8990
21ad1d2b-70e6-4717-83a3-99478fc3e7f4	Pálháza	3994
8a2c819f-d5f9-41f6-b23a-5174f07ca115	Páli	9345
b1bbef2b-edd5-4a15-befe-38e4dd41d757	Palkonya	7771
01c37e04-fe4b-4dea-a72f-06d77f5a9f3a	Pálmajor	7561
4c41a0b9-8e64-49d8-a62f-ba2536322162	Pálmonostora	6112
25a024ef-988a-4963-8935-ba397570963b	Pálosvörösmart	3261
ab327799-e759-4734-b1ce-c1833cb91e7d	Palotabozsok	7727
3af16df7-24b0-4dc9-9140-def42d716d28	Palotás	3042
409938f8-0ff7-4bf5-b678-fb1e17994e93	Paloznak	8229
e5b2424c-9bce-42be-8278-bba651a334fd	Pamlény	3821
fa8e6c3c-25a9-4033-9596-8f44499c5837	Pamuk	8698
916c13b8-0dd5-4b4d-8d91-069698f93f62	Pánd	2214
89f3190d-dc8f-408f-a254-1c0f09246d8b	Pankasz	9937
a05db555-7573-4a94-9548-66f006a71979	Pannonhalma	9090
1a44c379-1144-4149-b338-89dae41693e4	Pányok	3898
93c2b8c6-4869-43c8-aac9-eb41e6daf7f7	Panyola	4913
ac806bf4-fd7c-4ea4-9272-e3708e68feb2	Pap	4631
3863caea-5aa3-4aef-b3a3-4c66d5b3538f	Pápa	8500
8dde5fc1-cf35-4f63-8f9c-18ca5dd8208a	Pápa	8511
fbccb175-e6d3-46ba-a21d-b3f978892939	Pápa	8598
27e68932-0195-4ae3-94ff-45100112797f	Pápa	8591
c35c9254-f57c-42be-8903-4a259c3be9a6	Pápadereske	8593
533f6be9-50c3-4741-b13a-a108d640dc7e	Pápakovácsi	8596
88997bcc-f3dd-46ed-9ff0-7312efc7103b	Pápasalamon	8594
80735fbc-ad46-41a2-a6bd-f11ee1b59832	Pápateszér	8556
8a39d14a-e1b8-4671-aca6-8a778baa941c	Papkeszi	8183
cd88e264-7d8b-47c7-8bf1-9afd4499ba03	Pápoc	9515
455cd02b-badd-4391-bf60-23697f37295f	Papos	4338
fc1aa3a0-c272-4997-8707-5664453d3ad4	Páprád	7838
3dfc0609-c2b8-47f3-9436-71df1afc8579	Parád	3240
e4d1817a-5873-4988-9619-37276ec70c0f	Parádsasvár	3242
d9f70c2c-ceec-493d-bdad-43e7da32c00e	Parasznya	3777
51ae5281-c418-430a-a6e5-b3ee3743c418	Pári	7091
3cbeb2d6-6926-4ab7-a60d-f9a12aff376d	Paszab	4475
c43d9669-0f9b-47ac-a4e3-a511de72f3c3	Pásztó	3060
5980114f-b4b9-40ca-98fa-639fa34d27fa	Pásztó	3082
5fd29d6e-87e4-4a8f-a869-b11d17a4881d	Pásztó	3065
1524320d-5bbf-45e9-8b35-d3d32ee1756f	Pásztori	9311
272308de-e1c8-41a0-992c-cd9de9dcb764	Pat	8825
7a1c0539-cf20-4e4c-8e12-8707bee1fea7	Patak	2648
d3b1498e-dc92-4ec3-b276-d61a7dcd2ffe	Patalom	7463
2e404bf8-c258-4e03-8922-a33970698730	Patapoklosi	7923
f32d532c-6e79-446b-88db-30320a322525	Patca	7477
913bca23-d342-4739-a062-ba6ca7da5ba3	Pátka	8092
c90e21d7-7a0e-43e6-8ac0-ea4a5045aa1e	Patosfa	7536
b737f6c3-7618-41ff-8dcb-a73483cd4984	Pátroha	4523
02f031f5-af83-48b3-8fe4-a8c11871232d	Patvarc	2668
67c28ef5-b1b8-4ecf-80e3-7dc03ee819c2	Páty	2071
f22a4807-8e44-473f-87eb-e4681184f2d0	Pátyod	4766
9056fe72-7798-4553-9d92-467d5f654ff5	Pázmánd	2476
750e6bcd-62a8-4484-ad08-ac738f976f24	Pázmándfalu	9085
303ad656-7284-47c6-aacf-70dfa867455b	Pécel	2119
63dddc32-c1a6-47a8-bafa-00d64ef3ed53	Pecöl	9754
98b453f3-915c-4409-a15a-8da5fdf6ab13	Pécs	7622
9c12486c-ed58-450e-8a1c-6909038137e8	Pécs	7691
5a675b51-245d-4fb3-9c6d-bc3e5de0560b	Pécs	7632
efa3ab4b-92c3-4d11-b7a3-d69c4a264399	Pécs	7625
60306b6d-9379-461b-8f2a-e0e5a8ca3d42	Pécs	7636
ac0a0d51-5336-400e-95b4-e865ed513305	Pécs	7629
ffeaa322-2854-44aa-94c2-9d247321e9c8	Pécs	7624
e0fcc76c-bb64-4e08-a484-ea09395ec4c5	Pécs	7623
06745c58-7326-4529-8e11-e7992fdefe69	Pécs	7630
6d678905-8b51-4c82-acab-2a82e6644aaa	Pécs	7635
5425dec3-6f95-4a87-9ce8-a2f233d2c700	Pécs	7631
c856c9dd-af02-4608-bf93-06092d9373ce	Pécs	7628
4403ff21-8b57-482e-ba1c-b77b45374dd0	Pécs	7633
50322305-dc0a-4bb0-a1c2-66548cc92c54	Pécs	7626
5e5b25df-d755-44a9-a293-63f5c528c5ef	Pécs	7634
15840810-23cc-44ff-866c-9e9810564d03	Pécs	7600
55f8d1a9-82dc-4229-8fbc-7d065a256f69	Pécs	7693
a0b83ea1-a5f7-4431-bb49-22d52818cfbc	Pécs	7639
3bcd663e-3fdb-4d8c-a840-fe77f9fd2f30	Pécs	7627
af63fa43-d76d-48f3-aac7-4338b0b85b69	Pécs	7621
1255d70d-10f4-4c98-9a39-b31d5bde5dbe	Pécsbagota	7951
ae5350ce-dfbe-4e5d-8302-99b98cfe702b	Pécsdevecser	7766
6b79c277-2f04-4ee2-8273-126b102df7c6	Pécsely	8245
661fd462-311b-43df-b0b8-d2a2a2a479b5	Pécsudvard	7762
9299bb21-4a72-443c-a029-9f0474d19e96	Pécsvárad	7720
8faa414b-904c-45f8-bcc9-48e5f984a844	Pellérd	7831
d0fb0cbb-8a6c-435c-b11c-7921cd7321b6	Pély	3381
5229359f-6e8a-4f34-ad0a-02ef9a14b261	Penc	2614
98fb1e5f-f0d1-4eb9-9d1e-619afb7506e7	Penészlek	4267
7827f0b9-e246-437e-a551-88f2f7c7d04b	Pénzesgyőr	8426
c1c621ca-359e-4dbd-aa37-c20cb4721c0e	Penyige	4941
8c170a2e-ece5-41e0-805c-2c8b1d459693	Pér	9099
a8cd956d-2d1f-48e8-b6b8-47fc08782735	Perbál	2074
18a46899-1dce-4145-bd49-abc25627bf27	Pere	3853
6050164d-4db5-4c36-ad53-bb89b4707d93	Perecse	3821
9adbe750-7040-4384-ae3d-56d575728827	Pereked	7664
2dbc6500-6c1a-4dbd-b2a2-d5bea57453f0	Perenye	9722
467299f1-b349-486d-bb74-d6efcff7da70	Peresznye	9734
861eb65f-fe72-4193-9e9c-d94274f935b6	Pereszteg	9484
e0b7d223-7578-4b76-bf36-e568a6aaf52d	Perkáta	2431
9d5e1cfd-759c-48b4-ab6f-7855f6932c13	Perkupa	3756
0d9d1043-57ed-4368-8b1b-4a84ef7e7e54	Perőcsény	2637
38e56aab-0377-49d5-a0c4-e1f26bb578fd	Peterd	7766
f9a766ef-ecfa-4c85-a09a-395c3f7ed1db	Péterhida	7582
3b0338d4-8608-43c4-a8c2-baad7491c203	Péteri	2209
976370f3-5de8-4593-8fc5-2b01f56f6874	Pétervására	3250
1eee69dc-98aa-431f-b424-c1ac8100e720	Pétfürdő	8105
a6a3f8b8-cfc2-4275-8712-fb134d31ab9f	Pethőhenye	8921
763e3374-da94-458f-b3c6-9437ad804fa6	Petneháza	4542
7d0ab4c7-c365-4f37-a1ba-c607fa18a95c	Petőfibánya	3023
a7958679-276e-4582-b5db-ae1c3c06eaa2	Petőfiszállás	6113
6c47d729-696c-48d0-85e1-fed126f32f39	Petőháza	9443
0f8745e1-631a-4e6a-8daa-d0fc2ff40fab	Petőmihályfa	9826
73ad2587-eb11-4a78-8c45-f3c70b0354a0	Petrikeresztúr	8984
4effb91e-39a0-471a-ad23-75ee92c4ef72	Petrivente	8866
0abdcded-0b2b-448d-88c8-7ec9cd300f72	Pettend	7980
700d9740-6eff-4b14-bfb9-d950c6fc287d	Piliny	3134
592a7ad3-126a-4b67-93ad-ef5688b40ccf	Pilis	2721
12532097-99b4-4442-80fb-5c6da8e74827	Pilisborosjenő	2097
7be1d08f-7990-40c6-933a-12ac032724e3	Piliscsaba	2081
c9f14a40-e0d4-4adc-920c-6d5c2e83b354	Piliscsév	2519
6a4bb758-eb69-47c8-9fa8-364b6cc7d582	Pilisjászfalu	2080
a929ca5d-49d6-4154-b07f-6bd7598b0100	Pilismarót	2028
316daaf8-fe17-4ddb-8aac-addceab6bfd9	Pilisvörösvár	2085
b6ecb1f8-07d6-43e1-ae62-c078b910f541	Pilisszántó	2095
e6999186-ff0b-455e-b407-45f98e21c8a0	Pilisszentiván	2084
06caca17-9884-433c-bef7-1dc6e9cb4ad2	Pilisszentkereszt	2098
879d45cc-3277-4ded-ad0a-35e2ad424789	Pilisszentkereszt	2099
bf24c033-c800-4721-9808-9165c7341250	Pilisszentlászló	2009
05d6e82f-611c-4a3c-8039-24a638c0444d	Pincehely	7084
4d728251-d91d-4cdb-bdbc-1d1371fb8321	Pinkamindszent	9922
90b96df2-d534-4980-a831-149c4c3f4180	Pinnye	9481
7893b8dd-32ab-49b7-9b0a-e93788f56d3c	Piricse	4375
6f25dcff-72b1-47bd-92d9-283d0bc7777d	Pirtó	6414
e0e106f6-2e95-481e-aa2c-c304911ac61a	Piskó	7838
803bf6d8-de03-4620-aacc-14e3ecf9e38c	Pitvaros	6914
1572a312-bf93-46ba-9718-9417a94e414c	Pócsa	7756
dea53321-6694-4db1-bf81-73fb8fdd3a3e	Pocsaj	4125
12f02213-bded-4ab3-bb10-e0bf523d9da9	Pócsmegyer	2017
f4e7a94f-faa4-4458-8731-2eef532a6a2c	Pócspetri	4327
e58412f0-e83e-4c6a-b9cd-1f326eae3010	Pogány	7666
fd56c304-bba6-45cf-9a57-a18b2a04c2f9	Pogányszentpéter	8728
9313293e-2ea6-42dd-836c-682223256b64	Pókaszepetk	8932
4d9f620f-de5d-428e-b2c6-e6f80befb4e6	Polány	7458
a2fa42eb-47ea-42db-957e-d16c061aa630	Polgár	4090
3745852f-cb37-44da-bc21-fd6387d073b9	Polgárdi	8154
4213561d-b6bb-4da0-89e4-57d84a6176c1	Pomáz	2013
72046fb0-a95c-4b9b-b073-3d1472e2b09a	Porcsalma	4761
6f76bed0-e8b1-499c-8b37-b401798e2740	Pornóapáti	9796
0f89b78b-3b87-402b-955e-e80380bde632	Poroszló	3388
8752bacb-9eb9-4526-b0d8-beb86bec2c6d	Porpác	9612
4fd3e314-e726-4a7a-83ed-0f0866921c11	Porrog	8858
900bf271-8067-4cd2-8707-1d8960af2840	Porrogszentkirály	8858
a323996f-bbdb-454d-a28b-f66bb5235dd4	Porrogszentpál	8858
033362a9-1c8e-4f7c-871b-3fdb8c263e84	Pórszombat	8986
2717c397-0d5c-4025-b2d4-616e0ac86b98	Porva	8429
495f2917-20a0-4287-8e23-fb3b67e646b3	Pósfa	9636
022327a1-1e45-4d57-ae39-afcee1118b3d	Potony	7977
377dea98-4549-49aa-a363-be8bcef7a9e3	Potyond	9324
3080a1df-aeaa-492a-9d70-c5c1a21f3faa	Pölöske	8929
4eaf48ca-b597-48b2-b740-b16886e351c9	Pölöskefő	8773
0a3d9b2d-e655-460b-b90c-9e4bb79b609c	Pörböly	7142
43953b31-cf0e-4343-b2a0-845a50befc98	Pördefölde	8956
6b1f7752-1532-4d07-ad17-5a1bdbf6d88b	Pötréte	8767
a279adce-b729-4946-a6b3-695760f865fa	Prügy	3925
f0211748-dc7f-4bf8-9486-a817cce8f358	Pula	8291
6a3e8c30-7b5c-4475-9b2d-c455262f2fb2	Pusztaapáti	8986
40e75fb8-101d-4568-b165-9492db3eb829	Pusztaberki	2658
eababc06-805e-47c6-a0aa-ab90e5c30af8	Pusztacsalád	9373
45ad3746-0307-494c-92a1-2d9fe66b4183	Pusztacsó	9739
a5a9a20e-9aa3-4f56-b574-81511c3cc1f6	Pusztadobos	4565
ab8e22d0-7b42-42b6-be4e-a535972bb014	Pusztaederics	8946
c538eb59-df27-4a7d-b6c7-55932d4fb480	Pusztafalu	3995
1319eda1-654b-4f8c-9c0b-7a188b5a0a3a	Pusztaföldvár	5919
61ea44b3-ed25-40df-b02a-e7f3abe2578d	Pusztahencse	7038
4f2c7453-bc8b-4931-887a-4020683cd719	Pusztakovácsi	8707
f4346c1e-c4a3-405f-9a26-528e651f7d37	Pusztamagyaród	8895
751c071b-71e5-43de-bb3c-7f3274c6cd14	Pusztamérges	6785
933a8299-c9f3-4cd0-b30f-f39949991bc5	Pusztamiske	8455
12c65c23-e80d-4525-a3e1-b1be061e427f	Pusztamonostor	5125
3e51c08b-44cf-47e3-86e1-2fb2d2642c34	Pusztaottlaka	5665
56846d5e-c4a8-40aa-93d2-d426e43dba51	Pusztaradvány	3874
1d424822-f2b2-4a2d-b4ce-0544cb4ab0ba	Pusztaszabolcs	2490
4341e32c-0795-4c0f-b016-4d396256cdfa	Pusztaszemes	8619
47312eb6-2a6e-40fe-bcba-d9425522a091	Pusztaszentlászló	8896
06af964e-3e61-453a-a6f6-20f1aea2a643	Pusztaszer	6769
f7daff84-5924-47d8-a76e-46736225772e	Pusztavacs	2378
36d4e704-e182-441a-ab37-c2eb76b547fa	Pusztavám	8066
3092b534-2a90-41bc-8140-d1a4a16f594f	Pusztazámor	2039
5137c678-ad26-410a-93ff-bb573219f162	Putnok	3630
f517af7a-b671-459f-9328-c404b123d046	Püski	9235
7038feee-4e3a-4c66-a666-ed8a1c105064	Püspökhatvan	2682
fd776b2d-7317-4a51-afe2-c960b462e02f	Püspökladány	4150
07b0e465-c0b2-4367-9046-fb765570d568	Püspökmolnári	9776
011ae7de-514b-4983-8ee9-79db0a305115	Püspökszilágy	2166
bf1fef43-8dc4-4cde-93f0-e5d6f44562a7	Rábacsanak	9313
831bb108-3f4f-4361-a564-c51f368230af	Rábacsécsény	9136
12ed360d-652d-4845-8ee7-aeb30ea5b52c	Rábagyarmat	9961
b1878840-f96b-4d32-87a6-a5af2729c558	Rábahídvég	9777
e3ffa305-2fce-45e4-9bc9-fd55db9316d2	Rábakecöl	9344
51955608-38e6-4c91-8590-98b72dce01cb	Rábapatona	9142
3729b8d0-e15a-4515-8f4f-f380ae003a88	Rábapaty	9641
9404d4ad-7844-4bd6-bbf2-9f3c168b3df7	Rábapordány	9146
25629865-7dd7-4b0e-a58b-d5a94b591155	Rábasebes	9327
0b1cecb2-076f-48e8-a3a6-eca6a1b94bc6	Rábaszentandrás	9316
0d7aa9c1-b9d1-432c-9697-c9e83bdc3e48	Rábaszentmihály	9135
893531c3-0d6c-4729-94e2-60ed79096ea5	Rábaszentmiklós	9133
3098a3c7-0013-4c89-a8d7-91595fd60369	Rábatamási	9322
cb4f0501-3df6-4628-972e-8be79bab9b25	Rábatöttös	9766
e3ac065e-5d1e-4801-8d57-928fff66a782	Rábcakapi	9165
feade8d2-6d2c-4bda-8cf8-d40c03a0241e	Rácalmás	2459
77559db1-36f2-45e6-8b31-ad4a06e4b7b5	Ráckeresztúr	2465
a45b668b-6ccf-4dfe-ab4a-dd7b5a1407d8	Ráckeve	2300
5e6e96a5-54e7-4339-9f6e-3d416142e6ed	Rád	2613
46562c13-1a60-4989-ab9c-5878706b7958	Rádfalva	7817
2bc9d32e-6d8a-4832-aa89-8c158843385d	Rádóckölked	9784
a9fb3183-ad89-4069-8106-26626f6caac5	Radostyán	3776
1514354e-ea32-4ab6-907f-d701699b0945	Ragály	3724
6b3fc5f2-08dc-44e6-9492-c60a95329662	Rajka	9224
2fa5e65e-8e04-4078-8945-b3bb77f7d628	Rakaca	3825
83d68edb-2e5d-40fa-a693-db259808f428	Rakacaszend	3826
2c20cfb6-b194-40c1-b03a-7ac0aaa745d7	Rakamaz	4465
db54aa83-b4d4-45e7-8119-089610cb2b0f	Rákóczibánya	3151
0a7b4a30-ce66-4a79-8d1e-d6a759d3e953	Rákóczifalva	5085
373ab032-b517-40b5-9a7e-6665edfa131f	Rákócziújfalu	5084
d0b5ad07-4166-44cd-a5cd-8b3786c36728	Ráksi	7464
c8ef54f0-d7f1-4b0d-98f4-bfe55bd0e25e	Ramocsa	8973
ac4f0d46-4767-4ec1-aca3-016e3c83ce68	Ramocsaháza	4536
88ac3683-6cb0-4708-8c54-23cc0bc3dd5d	Rápolt	4756
4f32ee63-cb2b-4c0b-a427-26b37f48ee7f	Raposka	8300
6c818641-6f08-4101-ac82-001a7e0cc94e	Rásonysápberencs	3833
32618f4f-e5b2-4788-861f-d36a91781c68	Rátka	3908
53070e19-2c20-4cfc-904b-0fe7fa08b8bc	Rátót	9951
30024138-3d84-4794-acdf-010c92a97d06	Ravazd	9091
bf1e7191-291b-434b-a1a2-66d6bee1b2ce	Recsk	3245
ec5bc726-e1ea-48ec-8852-06c1fded3d6f	Réde	2886
43c5dda6-4aa2-4332-a27d-84d33759a5f8	Rédics	8978
d9455364-7c81-4cbe-8457-553091625050	Regéc	3893
922b6bb1-1c7d-40c2-ab85-c82f11ead0bb	Regenye	7833
3200dd9e-e521-466d-8305-57c927e3ba38	Regöly	7193
a14c67dd-497a-4282-bfc5-92a5e6a05b1c	Rém	6446
eb306ecf-1129-41bb-93e4-92df12c86eef	Remeteszőlős	2090
8f963849-2854-40ff-a8e8-ac37adbc4f85	Répáshuta	3559
cb46723e-4467-45d2-889b-926c67172579	Répcelak	9653
76bc0980-3441-484c-b690-064c37ec1196	Répceszemere	9375
0dd0a0ef-c472-428c-b7a4-5ce012ac950f	Répceszentgyörgy	9623
a9e97a8d-4758-48e1-a984-70482ca66de4	Répcevis	9475
5f051701-10b5-4f87-9634-9fcd38a96f1d	Resznek	8977
7e2b50df-a94d-4b5b-b4b4-2c94906a3069	Rétalap	9074
9cf09ea7-03b7-431a-bc5d-595bd95d5031	Rétközberencs	4525
052b3079-83f4-4c56-a0a5-37fecf28f951	Rétság	2651
43c684b2-9a8f-4e03-a894-332ef8721bac	Révfülöp	8253
2ea26c85-4945-46e9-9796-715c2a47f8cb	Révleányvár	3976
04155b7e-d934-489b-b9f5-fef481cdc5ac	Rezi	8373
6395c989-c460-4372-9248-13f16e076189	Ricse	3974
60572032-6d59-40e7-b796-96a18a0a4750	Rigács	8348
8647a294-9e66-4304-8c65-94a3ada58740	Rigyác	8883
261e087b-1eea-4926-b34d-2a21a049f965	Rimóc	3177
f85710ee-b549-4d0e-94b2-0d6d8157d01a	Rinyabesenyő	7552
135f23cd-1e47-4df5-9666-467e0327aa74	Rinyakovácsi	7527
988fc445-4bae-4c1a-b2c5-e20f65e4d51b	Rinyaszentkirály	7513
e59e440a-ccb0-4576-8b5d-8c375a261d97	Rinyaújlak	7556
020819f4-3e2d-4fda-bc8a-7e47ee3075f3	Rinyaújnép	7584
fc15256a-108b-4936-a710-0ed1d6a703b0	Rohod	4563
3e61d842-fb06-442f-8426-225d7cd168f0	Románd	8434
5862e0d8-df34-4343-9da9-0702439df1d7	Romhány	2654
905f2a62-e712-421b-b541-1ee91df6fc84	Romonya	7743
6a97caa8-0406-4f60-af31-cdf7c8151f38	Rózsafa	7914
eb7d44c8-2d2c-4613-abe8-b9fa8cc9b230	Rozsály	4971
98bb28ae-1b97-41ef-be4f-6f20225b71ad	Rózsaszentmárton	3033
2cb204a3-0d82-45ea-a430-6d558dfe0490	Röjtökmuzsaj	9451
368c87b7-27c9-4a2c-98ec-26d6ff03d8c5	Rönök	9954
22582a4d-504c-441b-b937-308b013f57d3	Röszke	6758
837fe8f2-866a-4cd4-a357-1756b392361c	Rudabánya	3733
59d3ea2f-8c68-464c-8519-6b8908ff6e85	Rudolftelep	3742
5d335fa7-2197-46c6-a2ae-9dc1ab1c908e	Rum	9766
10de243e-2b94-4141-b3ba-10a274c135c1	Ruzsa	6786
52f85d91-3264-402a-a13f-30d2dc61cbac	Ságújfalu	3162
221c5819-d894-4cd2-b172-431a3dfd2bf9	Ságvár	8654
3f79f99a-ae39-49b0-938a-18fe78658f9e	Sajóbábony	3792
f73c1c80-c25e-46cf-b4fd-bf2902e9b863	Sajóecseg	3793
50762201-a6ae-48ca-a6b1-f08565979ccf	Sajógalgóc	3636
0e863994-fb90-4ebd-a9fc-40cda386eed5	Sajóhídvég	3576
2f478cca-35d0-422e-8309-713ff5901a2a	Sajóivánka	3720
e0b94981-9f84-4bb2-b0d8-f93890a89ed5	Sajókápolna	3773
fec5eadf-36ab-438d-ab31-be22024447d0	Sajókaza	3720
b5522352-f097-421f-942f-66cbd57aafe1	Sajókeresztúr	3791
2dcb9932-f879-4263-9b75-9b4ca81b623a	Sajólád	3572
b1f40e42-b3b3-4f5d-9d3a-c77ea0243d29	Sajólászlófalva	3773
334bdf3a-2006-4663-a467-14b9083c901e	Sajómercse	3656
63e1d3bc-3ac9-457f-8ea0-febbddf96c21	Sajónémeti	3652
7f4aaad5-de72-4872-8e79-91bcf75c6010	Sajóörös	3586
540343d3-5d91-4a73-9742-6ebc8d2f7827	Sajópálfala	3714
34875dfc-4c8e-418e-8315-9f983269e099	Sajópetri	3573
c45bb818-ad48-4b7b-a405-f2dd19c0729d	Sajópüspöki	3653
3c1bb0c1-7cc9-45f3-8d32-c1df2d7f8920	Sajósenye	3712
de17cea1-5e83-4ee5-96e2-95521484ae88	Sajószentpéter	3770
99ff4c86-a1c2-496a-9c2f-d8be56c67705	Sajószöged	3599
bd7b4831-0dee-4201-a9dd-0d1a8eacbf3d	Sajóvámos	3712
354de1cf-1d74-4019-a8ca-db8071b1f1b4	Sajóvelezd	3656
d978da07-a197-4fe6-a338-fbe96411ee1d	Sajtoskál	9632
5268b109-f319-4604-97dd-57369852be36	Salföld	8256
2b8bf399-7964-4e45-b06c-5a81f4b57dea	Salgótarján	3100
33a747c7-e2af-4589-9653-2d470c83b6ce	Salgótarján	3102
9f221b5d-3dcf-4ffd-8d10-00c21b6df3b3	Salgótarján	3104
0e4cbeda-6bbc-46bb-a83c-593aa54078fd	Salgótarján	3109
db2daba4-0ee6-43bd-838f-bfe243e6c856	Salgótarján	3141
b2f4b6db-359e-4a27-81f4-002385dc3da0	Salköveskút	9742
c90fd183-4584-4c99-bb55-5dd01e1c2e07	Salomvár	8995
881fdfa8-79e8-4ef4-bf7b-12cf349addd2	Sály	3425
030dca79-c7f1-4dc5-8bc9-22dc0c14fa49	Sámod	7841
93480a6a-567d-4b11-b74c-f3d11629e076	Sámsonháza	3074
ccd28751-e2d7-4cbd-af17-603ba200de91	Sand	8824
0b1f36d1-6dfe-4fd2-bec7-f218c6518627	Sándorfalva	6762
124eff1a-c2fa-463a-b6ca-dbd78aafdb3c	Sántos	7479
cd789731-46df-470c-b164-fdbb376c050b	Sáp	4176
3494ebef-8c9f-4e9c-bf51-24d98c8fce26	Sáránd	4272
eac2b8b8-a388-49dd-bb76-8dcfdb52264c	Sárazsadány	3942
23aff4b7-74ae-4e48-821a-d2c26aa82d8e	Sárbogárd	7000
4690f595-3abc-4f4d-9d8f-19fdae556ad3	Sárbogárd	7003
eee5493f-51b1-4b75-90cf-d542febf89d4	Sárbogárd	7018
80d0895e-ac0d-4339-898f-21cc0ee32d5f	Sárbogárd	7019
54d1233f-1bb4-4b64-9fc0-3fe2a813b800	Sáregres	7014
e3960a7f-ba70-4c3d-9cce-a32986a988ad	Sárfimizdó	9813
c10c915b-edc8-4bef-aa22-18148c436f77	Sárhida	8944
f245c7f6-b1a6-4652-9c61-d71c6feae8e6	Sárisáp	2523
b59235aa-d864-4529-bddb-9944df734fe8	Sarkad	5720
643d10d1-6196-4901-8e0d-7d9ea2b1782b	Sarkadkeresztúr	5731
ec053dbe-4fa1-43a6-a899-166c4ce3210b	Sárkeresztes	8051
cdf45ef7-6923-42a6-abe5-197384626448	Sárkeresztúr	8125
c7ff6512-e621-4a10-80b7-18497556776a	Sárkeszi	8144
6f3bbe63-0d45-4d66-ac8e-e8d9026e5845	Sármellék	8391
7211b52d-ecbf-4275-bdde-61f7678113f9	Sárok	7781
e598e709-50fd-48df-9093-dee0616a18ef	Sárosd	2433
3d894797-b42f-40d4-9f64-5c80d9e2ec0b	Sárospatak	3950
001ed733-6125-4cf5-b06d-47144e69e7dc	Sárpilis	7145
50eb773c-1afa-4da5-b339-24b2026e0a5b	Sárrétudvari	4171
5c8faf48-856e-4185-96c3-9951d19b74c1	Sarród	9434
c3e9662f-ea68-4c3a-a48f-942e2355e0f8	Sarród	9435
42b1fef4-0d18-4a0d-b74d-3ae30b701aba	Sarród	9438
625e992c-af9b-448d-a28b-7306f46b192c	Sárszentágota	8126
99e6de2a-95b9-452a-b4ac-48ee9914d478	Sárszentlőrinc	7047
1a344f3e-363d-4a9a-92ec-66606492ef7f	Sárszentmihály	8143
bfce4493-9f73-41bd-868a-02f32f980f08	Sarud	3386
3f88082b-d535-4ca0-b4eb-3e9c85676acf	Sárvár	9608
70cd6391-b013-47ea-ae14-d7732f75c8ba	Sárvár	9600
6ab16660-ab67-4538-a201-5db543cd7b33	Sárvár	9609
6e950559-4a30-4311-96e0-53e3a1202e4d	Sásd	7370
689a46dd-d998-467a-95ce-6940f77b84a8	Sáska	8308
2662b497-5c09-4e91-80c5-3b4018e482d5	Sáta	3659
286833c4-163b-4ec7-a1a2-79bd15c3260c	Sátoraljaújhely	3944
376fcdfa-fab4-4a89-a9df-1793a30c117b	Sátoraljaújhely	3945
3a8bff6f-026a-42f3-a0ec-d78ae1ebf97a	Sátoraljaújhely	3980
5d260dd5-b11a-4eee-97f5-f95ec74bee1b	Sátoraljaújhely	3988
02648481-38b2-4d75-90a1-482a76486179	Sátorhely	7785
b61093c0-2f83-4a97-9baa-219eb7869117	Sávoly	8732
3fd29c2c-af94-4aa9-8be3-2addaf1a8c3a	Sé	9789
8d6cd455-e266-4683-a0bd-df5cd263b884	Segesd	7562
387a902f-f94a-4797-93b0-a475dc469bf7	Selyeb	3809
a0198553-fa4a-4503-ae03-2c5b63b6d539	Sellye	7960
be3786e4-e630-4b34-9f84-ee45d542270b	Semjén	3974
b9ee5c6e-9450-4fee-9f6c-fa098d77f032	Semjénháza	8862
bab75d19-a3ce-49d9-af95-fa7dde0988a6	Sénye	8788
a9ad1954-f716-4874-803a-921fd3dcae29	Sényő	4533
5bb2a5c7-0f7f-477f-ac69-c0b2ad91cdf2	Seregélyes	8111
38d15458-3638-485f-9c02-1116f96d846a	Serényfalva	3729
87aa5d62-1fed-4eb8-992b-55b4bef611e9	Sérsekszőlős	8660
60e4612e-82e2-4b65-8e14-3747b83fbc7f	Sikátor	8439
ae8b4f2b-36a5-4da5-9ef7-9e535c563a52	Siklós	7800
b7625bb3-0371-47a1-9168-7a6aa6c75caf	Siklósbodony	7814
4d42d474-3ce4-4320-8a35-44799213818b	Siklósnagyfalu	7823
a84ed55e-85cf-460f-bbaa-6a12cee7267e	Sima	3881
fb3c6acc-f3ce-4787-8431-0d03fdf33ed2	Simaság	9633
1b3675b7-c75f-4286-bb94-a50ce70e2bc5	Simonfa	7474
58fe2532-0433-4992-b869-adaabc017028	Simontornya	7081
611bb230-968b-4df0-a5d5-fb35b48c7b83	Sióagárd	7171
7ec392d5-094f-408f-aadb-88b08bd91629	Siófok	8600
80c33a60-6fc5-4f29-974c-2383a5faa71d	Siójut	8652
4e8e6aa0-c7a3-4d58-ac6a-75e4304bc86e	Sirok	3332
df5aa69e-65e0-4201-beda-52053f21c1bd	Sitke	9671
a35ffa1e-0c7d-4a8e-826e-c91f7dc6e377	Sobor	9315
6a6287ee-6140-4a44-973c-7c4dbdc6600c	Sokorópátka	9112
5058fdf4-e274-4c0e-8b92-db2701c5a6f9	Solt	6320
10b3f8b2-1a45-4700-ac74-96308e0ed580	Soltszentimre	6223
f869a199-5083-4d10-a664-ea12cccb7d2e	Soltvadkert	6230
b91a5086-9447-48ea-ac91-c27e8acdfc2d	Sóly	8193
48236389-dcc3-44d1-a22e-88f3aa918b4e	Solymár	2083
41b88ba1-bf05-49f7-a0f9-1122fb5135b0	Som	8655
9708d85e-23b9-485f-9b4b-31d9f577f6c2	Somberek	7728
35cc7473-66db-429e-abb6-e0f908226c79	Somlójenő	8478
23b32bf9-3e89-4832-89a4-c5de09f11dac	Somlószőlős	8483
a5e5a568-17fa-4040-9333-0367d4868eb7	Somlóvásárhely	8481
367d178a-231f-48bb-9da0-1c2d5ac8c6bf	Somlóvecse	8484
92a0cb90-1ade-47bd-8ffe-c65481a330de	Somodor	7454
7d321021-c697-4991-842e-3684f5785ed7	Somogyacsa	7283
097710b5-ec66-462f-822f-bc50f07cb61d	Somogyapáti	7922
02b6ba4d-ba55-43a0-a9b8-0a97cd236286	Somogyaracs	7584
21ee1e03-8882-4b18-bcdc-67763758255c	Somogyaszaló	7452
dbc163ca-cfbd-4c6b-9cbb-823359ee7df9	Somogybabod	8684
ce686a2a-af9f-4beb-9b69-714c3a27a126	Somogybükkösd	8858
325ec10b-1ff5-4811-9460-f8cabfffcca4	Somogycsicsó	8726
24363df7-9c43-46d4-abed-c9a8a4eccc7b	Somogydöröcske	7284
a46d3812-8846-4dba-bdab-2c1115166d49	Somogyegres	8666
e1a89653-41b3-4c64-aacc-12e4e4d2c1a6	Somogyfajsz	8708
257b13e4-5f5b-4e83-86c5-deef4a5a4d5b	Somogygeszti	7455
490489cd-c2f9-4f2b-b523-633616039616	Somogyhárságy	7925
df35232b-46e5-4826-9e03-30137eb9931b	Somogyhatvan	7921
5d7e012a-0206-49b6-9b92-554995d93954	Somogyjád	7443
3234a968-47d1-4ef1-bc3c-b002cf3cd9dd	Somogymeggyes	8673
db2bbeb9-ec77-470c-96d2-bc71f32bb8e6	Somogysámson	8733
b2aa65e0-62d6-44b5-b08b-edc01a20b973	Somogysárd	7435
1fa2663d-9c51-4892-a0e3-405b16bbcfc7	Somogysimonyi	8737
cc964f24-c8fd-4243-a619-6b3f7182b494	Somogyszentpál	8705
5e74544f-b5fc-48f5-a884-7b48c74035c6	Somogyszil	7276
e2d5bed3-cb9a-433a-b55e-8f6bd870452c	Somogyszob	7563
98ae9ecf-b2a2-495f-8dc5-50ac33060506	Somogytúr	8683
db7a3908-3ce5-48da-ad47-515c0ad655ee	Somogyudvarhely	7515
b46a383b-2555-4f7b-ab3b-e63f1f895b6e	Somogyvámos	8699
01989124-2b50-46ea-813d-3a8562c79c05	Somogyvár	8698
61d7f4e4-ab5f-458c-b10e-e56fad1dc64b	Somogyviszló	7924
9a092d6f-ec92-4221-ab73-3622b2c2f206	Somogyzsitfa	8734
4ea56392-f223-4043-9ab5-70c15d433953	Somoskőújfalu	3121
c3ee2754-1c84-4bf6-a2f2-734037c5a427	Sonkád	4954
db01f4ff-5a2b-4d11-8517-a73cd05c1d6f	Soponya	8123
406f721c-21c6-4feb-8b72-8cedec32a9e6	Sopron	9494
f98bf447-4c54-4afb-8e5f-c99076b243a0	Sopron	9400
0bffcee4-7f2d-47d6-a220-77a5f51af40e	Sopron	9407
d7caf0aa-330a-4714-8f26-c587d7587460	Sopron	9408
35dcde92-6c9f-42bf-b39e-111680f9d7d4	Sopronhorpács	9463
0512804c-0cd7-4805-adde-3b7f7c5772cf	Sopronkövesd	9483
ddb984d9-c0bd-464a-a9e9-5a3a5d5cc71d	Sopronnémeti	9325
11714dc5-7056-4d80-90da-b1080fa81ce3	Sorkifalud	9774
aac7e01b-4f13-48cb-8b4f-bfa93a6da8a8	Sorkikápolna	9774
79763257-5a08-4594-b7d1-da9fbcfecc71	Sormás	8881
2a93e65f-f350-4506-bf33-339e51c417a0	Sorokpolány	9773
2adc0811-84a9-4579-95f6-781b25990ee8	Sóshartyán	3131
33a2219a-267f-436c-93b1-f2a4a4cb8c60	Sóskút	2038
5ecfd293-82ef-4972-ac3f-b522db27563e	Sóstófalva	3716
e2bc0cb7-d7fa-4126-8929-eef935f8573c	Sósvertike	7960
de257fd7-37e4-4f2b-b8ff-9966c4c86ab6	Sótony	9681
cb03c8d6-9ccd-4de8-bb87-f26d83e47333	Söjtör	8897
fc56f10a-4542-4f82-b7db-4b0cbf0ea177	Söpte	9743
c4195317-cc0e-4dc5-97a9-b7114b3314b7	Söréd	8072
c70830d2-10f3-43c8-861b-5f28d5b7477e	Sukoró	8096
954d9685-9195-46d0-a7bd-dafe072b4839	Sumony	7960
d416bc99-a444-4c35-a136-0634fb7b4402	Súr	2889
8fbfbbb5-4598-4cf2-894a-c1492ab31af2	Surd	8856
f41313ac-c1fe-4437-bc9b-e9b2abef39b3	Sükösd	6346
ed087b8e-cedd-4760-bd7a-1a992cfd431d	Sülysáp	2241
deb4f970-debb-43fb-85e7-7bb3681b47de	Sümeg	8330
849fc088-dff6-410a-a1af-57ba93b43914	Sümegcsehi	8357
f8952ee4-f610-47dd-b623-6fd9c1528a84	Sümegprága	8351
1942b087-05ea-4ca6-868a-847b1e79121d	Süttő	2543
ba561738-a1cd-4b73-b6cf-f1bcace505a0	Szabadbattyán	8151
e73a15e2-acf6-47e6-a0d6-0300ff7530b0	Szabadegyháza	2432
4fa5af09-8c28-4e26-964f-0d25bbad5057	Szabadhídvég	8138
e1c5300f-742f-49ad-b338-b67c18a3881f	Szabadhídvég	8139
8212480f-6d96-481d-bcc4-190b2f7bd4c1	Szabadi	7253
cc1ed2d0-f8fd-416d-b0f8-d0930d85b507	Szabadkígyós	5712
04f6ee0d-6320-4100-a514-73081113350e	Szabadszállás	6080
079ddc14-4ed3-4f88-984d-048f3d68af19	Szabadszentkirály	7951
c4adaac4-0b7e-4661-b2f0-1fdd0462ce51	Szabás	7544
ced93aa6-177e-437f-b63d-2dae21126777	Szabolcs	4467
b5112b86-7ecf-44e1-ada7-95bc613089bc	Szabolcsbáka	4547
e0c43b9b-bf3d-436c-85fe-8d06e43c813c	Szabolcsveresmart	4496
ebf51824-c7c9-4339-893d-b2a0e171af72	Szada	2111
fe3f7f20-175e-4d37-985a-beeaca49c539	Szágy	7383
4bbf3916-e750-458c-813f-9b95b8d607a8	Szajk	7753
da7c21bb-fa1c-4ca3-b49a-389e57d79b67	Szajla	3334
8022fc95-5c5e-43c6-b4c6-0ace324fdfe8	Szajol	5081
2f30fca0-3cbe-4c89-a4f9-6110f986a983	Szakácsi	3786
687889c1-bf7a-4f94-a214-1c635da64dd6	Szakadát	7071
321d4aff-f940-4999-8ae9-e4d65bd4ce50	Szakáld	3596
46c2237e-3454-4bad-97d6-71b3ac1d2220	Szakály	7192
2b970617-ebac-4ed1-8f23-7799b23b8ea1	Szakcs	7213
0da708bf-06be-49db-ac77-6f6a8d82d3f6	Szakmár	6336
906e36fa-8ed3-4119-b95f-289be76ec5e0	Szaknyér	9934
6c724e12-ce29-4391-8a57-cca1926a6ea7	Szakoly	4234
3764025b-8568-4577-9c6c-28ad34b12690	Szakony	9474
2e7e0d70-a5b0-4f04-81f8-1dad3e5ba70a	Szakonyfalu	9983
8b87e497-83fc-428e-aeb9-5bda8d798912	Szákszend	2856
f1355f68-4c16-4cd8-b245-44e7252fb463	Szalafő	9942
e8c1a905-7e53-4cde-96fb-82d5aa0f7788	Szalánta	7811
b9fca698-bb8e-483e-ae9a-0be816d8525e	Szalapa	8341
54fa61a1-505d-42b5-8e11-3af1b642063e	Szalaszend	3863
19ef9adb-9e8f-4b60-865a-1c2fb56dc214	Szalatnak	7334
04e56578-a6de-49a6-b1cd-69b50bd2e767	Szálka	7121
ddbaa27b-4e4c-4c57-9068-b5cc269ee596	Szalkszentmárton	6086
297cd88b-8e4f-49a9-835c-ffc9a8b1219d	Szalmatercs	3163
ae1e25b8-e68c-4ad1-a4e6-4f1b030d9d7f	Szalonna	3754
4d586201-5fd2-42bd-af9a-a76ed8ba10a1	Szamosangyalos	4767
b2882edc-4467-4bd2-af2e-38581744ee7e	Szamosbecs	4745
36c4a941-fed6-4bad-ae63-85356390c405	Szamoskér	4721
400bb5cb-fff5-4691-8234-8cf86252bc80	Szamossályi	4735
6298fa11-52ec-4ba3-928f-e23d8f6d0711	Szamostatárfalva	4746
1e6d7472-3f75-4bfe-97c1-1325bd72305a	Szamosújlak	4734
9c170c95-0c2d-4a6a-bb17-ea883ba87518	Szamosszeg	4824
28a57fac-1867-4faf-b41a-69f6234fe80f	Szanda	2697
62fe1fc4-a86a-4e7d-8c99-7ee6669d8f15	Szank	6131
4dde2ea3-e132-4066-bca0-9aa6366a54f1	Szántód	8622
929fdbe3-e96c-443a-85bb-2b29b5098ad9	Szany	9317
e706558a-ecd7-4dcc-810e-40ddbcd5cf28	Szápár	8423
2cd6b51a-8a00-46b2-ad88-e9a96e091d76	Szaporca	7843
4c136a59-3e2c-411a-bf81-ac31f15fba29	Szár	2066
40ab9dc2-78b2-45dd-8d43-3d817fe6efea	Szárász	7188
21ba191f-a6f9-4254-8af0-e3d40161c3cd	Szárazd	7063
b114dc2a-7f49-48e8-a6cf-2149cf451eb7	Szárföld	9353
530c3699-3071-4465-ac66-ac3f92ee469f	Szárliget	2067
2aaee611-93de-41a5-a4d4-84aaf0264317	Szarvas	5540
6441a245-2e62-4988-8276-c3db27c7fc7b	Szarvasgede	3051
d5b8cad9-03bb-41d4-b26d-b08d15eae570	Szarvaskend	9913
324bfff8-712c-4433-94c9-76ed81f15f5a	Szarvaskő	3323
113bcc2d-b2c7-4764-8284-8a26eb9e906c	Szászberek	5053
4c764680-eeaa-4b90-887f-d263b24d730b	Szászfa	3821
88907b8d-33f5-4e46-9c46-f52e814cb5f8	Szászvár	7349
1b82b983-de2e-4657-ad3c-34f16ad33c27	Szatmárcseke	4945
be0f4b9e-9da6-4526-aee9-77bedb1981f3	Szátok	2656
7d55c981-6d56-402f-bda1-1dd6324b78c6	Szatta	9938
137a0db5-92f5-4186-a216-3c0b80678964	Szatymaz	6763
a1899263-a491-4b02-bd47-e142b5132582	Szava	7813
039dc9fc-931a-400b-9955-9b4239ab3092	Százhalombatta	2440
60e1a9ab-68a7-433a-af03-44d1ce6757bb	Szebény	7725
3143bbcd-7821-4f52-b931-618c24f0f59e	Szécsénke	2692
2010fddf-9428-4879-bc8e-6b3171f3146f	Szécsény	3170
44c68de2-d3d3-4acd-a452-fe93d1d2deb3	Szécsényfelfalu	3135
1cded745-85f9-4408-a58d-be2568320661	Szécsisziget	8879
691b9159-234b-410c-bcd6-6cf6ab4d6fbc	Szederkény	7751
947930ec-a5f8-49d6-aa1b-e32e65b96649	Szedres	7056
870b8bc7-0cfe-48b1-af98-3126ef832a46	Szeged	6728
a1b5e03a-91ab-4f21-8c21-f84f76f44cf6	Szeged	6726
83da16a7-ef5a-4e8e-bf15-aaf408596136	Szeged	6700
ec35198b-bdf5-483a-9cb8-3a90f72ae414	Szeged	6753
67c2f908-1203-446f-8d32-09af9a56a485	Szeged	6727
da36841a-2e6e-4bcd-a95a-6b05c8a81788	Szeged	6724
2bfa968a-7838-48c6-b7c7-36d504c93c78	Szeged	6791
e09e7d04-5452-43fd-9ec5-e30ad337fe6f	Szeged	6729
87b0014e-5bef-455c-a655-4e23a31780cc	Szeged	6722
5c285889-e913-4914-8837-8700af826f25	Szeged	6723
09f0462e-742b-43e4-b884-41e936734ac5	Szeged	6710
522bae72-41ca-47f1-b841-23e0ce1fa0e0	Szeged	6725
2f4ea061-4917-4820-b8c7-2f7a306b4d4c	Szeged	6757
fa793d7a-f138-4083-a2b0-bec353353801	Szeged	6720
0fe7ab5a-e98a-4e91-96cf-acc492d4cf33	Szeged	6771
8d9830c7-f688-4a56-9f3c-3d8b4a0ad95b	Szeged	6721
b0e25240-47a6-4766-b4f1-4695a626d1a9	Szegerdő	8732
3d7b85c4-6f49-4e57-bdef-ab644018bf39	Szeghalom	5520
54cc9457-e3bb-4b3c-a009-9da569517ef7	Szegi	3918
ec0ab37b-625a-41af-9a16-35b3bd6761c4	Szegilong	3918
a9061b03-7696-45d7-b01c-ce8b5ffeeda7	Szegvár	6635
4d777861-6f00-4dd3-a5ab-053900000433	Székely	4534
9dbf382d-afd6-418f-8bfa-964a26d82b06	Székelyszabar	7737
e6b3ca59-a29b-42be-ae2c-2fc11296ff35	Székesfehérvár	8019
c432ce26-edea-4dd0-acf9-54ba6c5a9ee1	Székesfehérvár	8000
b24587dc-8233-420c-9675-717460a485d3	Székkutas	6821
842c5433-5277-4cfd-8a2e-9765a9c60e0b	Szekszárd	7100
6abd6c34-e6c4-4612-a512-dc1a8cf8e783	Szeleste	9622
ccd3e6f4-7a2f-4b76-8dec-bbfa785b9516	Szelevény	5476
807cc5e8-4b29-4365-8ae1-58fb306822d2	Szellő	7661
0f75e370-559f-4581-9974-db8452cc3064	Szemely	7763
db82d14d-851b-429b-8e82-c94cf50dfdf6	Szemenye	9685
975a4c38-9e17-41ed-b5c5-64bbc33acf10	Szemere	3866
f87fa3f1-de39-4d90-b77b-119a708e5d2b	Szendehely	2640
9acb2768-07ba-4bed-9728-746f39974d8a	Szendrő	3752
d0bd1f6c-e9a5-4144-9430-9ded3e776f49	Szendrőlád	3751
f3667ebf-d05a-4cbc-b1d4-c106fdd1fdc2	Szenna	7477
82c8c745-bb66-43bb-ae0d-ae7edafad6e4	Szenta	8849
f2ac0d0a-5111-4f19-a8f5-c915e68cfc94	Szentantalfa	8272
ac3363b2-1c92-4f4d-908c-5443352537ee	Szentbalázs	7472
0a28e3fe-7ada-4bf4-b672-0ffcf78fdfe6	Szentbékkálla	8281
609e750d-3097-4080-a8bb-42b9675c8c01	Szentborbás	7918
b2f7aacb-0bea-470e-bd43-b3c4c9052fab	Szentdénes	7913
ec5460bb-c72e-4a69-938c-6eb130f84e39	Szentdomonkos	3259
89c3a3fe-4da8-4a3d-8878-8cc30e55c004	Szente	2655
b21693eb-77b3-4784-a4d4-adb6fb669b5b	Szentegát	7915
927cf4f5-f463-4212-9d90-1d37d5c32fac	Szentendre	2000
9511dd74-4ca8-4822-9ab3-fc5339a4505f	Szentes	6600
2f48e31c-190f-4656-8167-96d1ac3b69cd	Szentgál	8444
6ff13413-916a-4a8d-aeba-1d223ac2644c	Szentgáloskér	7465
c789644c-23fb-41e8-9381-ca8b37d06301	Szentgotthárd	9981
df470293-0c75-4342-9ee5-7abbb608ac6a	Szentgotthárd	9970
2f0efcb2-a848-4ed8-8add-4a7800a201e4	Szentgotthárd	9955
1b1a3962-cb59-4d0d-8640-04da57b4b51b	Szentgyörgyvár	8393
06d0b882-639d-4f5d-a201-e689f61d9c08	Szentgyörgyvölgy	8975
a90d0b54-1fba-4b23-8373-74bc8768b08d	Szentimrefalva	8475
111f6c2c-ad9d-421d-bfd7-b357d105faa2	Szentistván	3418
7a0795c1-093d-4f75-96a9-418c6c91e015	Szentistvánbaksa	3844
566497d5-ed87-469c-a447-f936c379b470	Szentjakabfa	8272
2f368f2f-2de7-46f9-b710-1f046214723e	Szentkatalin	7681
34d48c13-aa08-4ebb-a605-9ce11ba97d65	Szentkirály	6031
1577cc13-ed87-4d3f-abda-51c06dfc0818	Szentkirályszabadja	8225
eeee23e2-bd91-4be1-a9eb-2d2ec722c80d	Szentkozmadombja	8947
48ba103b-4eca-4b33-8752-9528a106d994	Szentlászló	7936
da8ca7ff-35d5-4741-9146-8d97391e4baa	Szentliszló	8893
f2abcc25-0766-4581-a254-9875c8ee6f63	Szentlőrinc	7940
84ba5669-1e8e-4465-839f-6ab5593da3dc	Szentlőrinckáta	2255
3833f4a9-be25-4b03-90a2-11ec842937ac	Szentmargitfalva	8872
0cd9e7a0-601c-465f-b311-ddbc6b188b99	Szentmártonkáta	2254
5d6a211c-084f-44f9-b932-ae28161b9374	Szentpéterfa	9799
465b142d-67fe-4243-84dc-1129a6127780	Szentpéterfölde	8953
5dc62707-fa48-4107-908a-14092b26a63f	Szentpéterszeg	4121
9a2fd6bd-4d60-448f-abc8-df90607b7d17	Szentpéterúr	8762
55827261-1571-4071-957b-c510f50ed8be	Szenyér	8717
ecaec1a5-bbc9-492b-8cd7-b6e9aea63450	Szepetnek	8861
a3375a44-5985-446d-b517-1178b124fef0	Szerecseny	9125
d4e105f0-2fdb-4f2b-958b-cc0206782e41	Szeremle	6512
2ce5d3a7-6558-466b-9b8e-b63467fbcbf8	Szerencs	3900
c6affdee-922f-44ec-8f1a-7ce03f4c1b44	Szerencs	3902
4464883b-d221-4712-9d43-1331cc8ed813	Szerep	4162
eefeec41-09a1-496d-8650-2db2b1397802	Szerep	4163
e299aa23-23af-42cf-9d4b-f8c2804b6d46	Szergény	9523
a3439bce-dcd9-4b2b-ac02-7fa58b073647	Szigetbecse	2321
49032055-85db-45b3-a6bf-10f810e8deb4	Szigetcsép	2317
b0219234-4c39-482b-a612-ba9c9c75a75a	Szigethalom	2315
8536e335-66a7-4abb-89c2-04bffa8e7fc4	Szigetmonostor	2015
5989ba44-3436-48a6-b882-e4ac6c0172e0	Szigetszentmárton	2318
a0d5b9ad-f0e3-43b6-8e83-3e10920da6f4	Szigetszentmiklós	2310
38662190-14a0-45db-82b0-fcc9e95efc13	Szigetújfalu	2319
fbb45e64-b708-4bd7-aa5d-6a04a83990db	Szigetvár	7900
50399aa3-2775-4468-abeb-996e181a2544	Szigliget	8264
ad73cece-b169-4e2c-9203-d1872fd7aaba	Szihalom	3377
f4c949f9-58b6-43bf-9061-fce3a09693b6	Szijártóháza	8969
2982ced2-3d81-49cf-8815-a073eb7d710e	Szikszó	3800
f14bd895-91d1-499d-879e-ddf12e0f8f69	Szil	9326
b515cf66-0358-4000-8a83-1ade6a9a34cd	Szilágy	7664
b897f708-55bc-4d81-878b-63a36322415c	Szilaspogony	3125
1cdc140b-088f-4142-abf2-26885e064e77	Szilsárkány	9312
2434d6d0-59ec-4f45-8962-84e5faa8b79b	Szilvágy	8986
975f57a1-7be2-41bf-be56-332c45082b69	Szilvás	7811
8a189f0d-972f-4793-8fc9-663594b9bb5c	Szilvásvárad	3348
7d29660c-088a-4649-b56e-ebbb6d5564a1	Szilvásszentmárton	7477
e6f298ac-86b3-44d9-b883-6c06805c2c7c	Szin	3761
ddb54331-69b6-4e3d-bddd-011078d05acd	Szinpetri	3761
44d51c35-8857-4cce-a35b-211ab7785f2e	Szirák	3044
29ab5cf5-f276-43e7-bf0c-06b1dc7c92a7	Szirmabesenyő	3711
57b948e0-df24-4744-bb51-4154949eeb9c	Szob	2628
b3d2ab38-ca76-43f0-93bf-e3862c15d82c	Szokolya	2624
4947ad02-52de-4ab8-8f0d-1298a149369f	Szólád	8625
eb131eea-e10f-481e-9af0-95bafa6068cb	Szolnok	5008
5b31efd9-44fd-4549-97f6-859f643de9cf	Szolnok	5000
960554e5-dcc4-4b4e-a1e2-20ba3dfdace2	Szombathely	9700
ec2041f1-869a-45d8-bacd-fa292b2cc0da	Szombathely	9707
949dcd73-edad-4b89-8c23-37f91a54a3da	Szomód	2896
ec6d7d14-8a83-4796-997d-68e547ab6a79	Szomolya	3411
c5418f53-2fc4-4b1f-b0c1-18211de34d53	Szomor	2822
fc8599b4-3e4e-424f-b39b-c7ecf4f62b2d	Szorgalmatos	4441
ebf67cf4-91f2-4f48-87c4-bcce5f6b56df	Szorosad	7285
6d122f87-9b79-4ac1-aefb-8f7778efb436	Szőc	8452
34f91478-18a0-4499-b987-aea5d0810951	Szőce	9935
adfc3666-ce28-4748-be84-42d473bd8970	Sződ	2134
ec3bdf37-f774-4e63-975e-adf02692ca19	Sződliget	2133
cab17eb0-3b25-481f-8395-0df6e13f403f	Szögliget	3762
4daaab70-41d5-4d7b-8f5d-aaab47c64f81	Szőke	7833
9ce1c251-c98a-4013-9a34-183e1547c599	Szőkéd	7763
4103b112-ced1-4691-99e9-a5b3be81919c	Szőkedencs	8736
a1b0c6ea-a817-4636-a4ed-f45b07340ee8	Szőlősardó	3757
390ac397-1d42-4e92-9337-5aadb1ebaa66	Szőlősgyörök	8692
2e4d6b15-6b03-4ddc-854a-7aadc2cd61ff	Szörény	7976
8d007594-318d-4f23-a054-b45114667bd9	Szúcs	3341
f8b2b53d-1304-4b67-aab4-dfc7b87d8fb4	Szuha	3154
83cac847-eef8-42ba-a82c-dd1b61f6f16d	Szuhafő	3726
82054133-96cd-4ed2-87db-12367fb5bac8	Szuhakálló	3731
c2813856-a80a-4075-999e-7f3cbcbd0928	Szuhogy	3734
5891702a-7fb4-4767-9a60-ee8109e96bae	Szulimán	7932
7f60bef6-1942-4f19-8c92-fbc07a9d2adb	Szulok	7539
e0b61e7e-6cf9-4bd6-a763-46796d5ee42c	Szurdokpüspöki	3064
00a5d0a8-6bf1-4517-bb09-e70834ab8c13	Szűcsi	3034
531edc16-d50a-4fd6-bfbe-595748a15dc6	Szügy	2699
875e99fa-09db-455e-953d-ab62d767431c	Szűr	7735
daf40fe4-7119-43f1-baaa-2dbb5ce5c131	Tab	8660
a9fe7bb3-f530-45d2-80d4-6a6a0c753ce2	Tabajd	8088
3090fbc5-5220-47a4-afdc-1861bdf5ec34	Tabdi	6224
b7542b72-52c8-423b-a883-3876609e7a20	Táborfalva	2381
9ee70947-344a-43ff-a017-d282faec4ecf	Tác	8121
2fc9f15f-ef9e-42f0-a751-9f4971116197	Tagyon	8272
8e83615b-d1d0-45a7-991e-036d61a56471	Tahitótfalu	2021
470a2b91-5994-4f22-9588-2c3e23aef8af	Tahitótfalu	2022
7a86b7b2-591a-4bd8-b74b-374c6cc56c95	Takácsi	8541
cf847c52-591c-4da0-a414-c38511f60267	Tákos	4845
d3680a6b-cd93-4f76-ac73-df6e254d3143	Taksony	2335
ceaa4727-2c3c-4255-ae7d-790e9b0c5564	Taktabáj	3926
b038ff87-c3c2-4ee1-8df6-dea91a3d5e4d	Taktaharkány	3922
5ee19af1-5031-4af1-9cd6-00c564c91559	Taktakenéz	3924
6cae9d76-5f01-430c-8970-77f2d1d2460f	Taktaszada	3921
36adbaef-2a0e-415f-83e7-715053a72b67	Taliándörögd	8295
f0fff626-deeb-41e8-b8f9-c60d3269bfef	Tállya	3907
6f478980-5fc4-41a1-a332-0b5e77c59433	Tamási	7090
bab182ea-5e1e-42c6-b514-fe019011b06a	Tanakajd	9762
bc581fd0-a639-4c7e-8c6a-55b2b6c7e89c	Táp	9095
878a6f25-7633-4896-aed0-19399f8681e0	Tápióbicske	2764
78dc0884-80dc-4910-b34a-2573768f53a9	Tápiógyörgye	2767
30a80f59-705f-415f-b9d3-0414a588bd62	Tápióság	2253
5ed5c9c2-a10c-444c-9a0f-0f8cf9b7d730	Tápiószecső	2251
f05a6f7f-76a7-421c-ad61-525fdd983944	Tápiószele	2766
305789f4-12e5-43ae-bf2f-49c0a8355ea6	Tápiószentmárton	2711
84af2580-ed15-4063-bdc8-39ad6c7252f8	Tápiószőlős	2769
ba7c64ad-9de5-425f-9fb9-b3e1f1861e12	Táplánszentkereszt	9761
24e875e0-3640-4c1a-ace1-1e7ae7bd2fe4	Tapolca	8297
8dae25fd-6125-4ab9-9b94-60781152ddb2	Tapolca	8300
a95a10a8-7fc2-4805-8764-c6945e6436b3	Tapsony	8718
aca9ba91-0f59-4ce0-9074-c0c845deef61	Tápszentmiklós	9094
25609633-a56f-45f6-beb1-9c6840b5539f	Tar	3073
a4ce5630-8709-4e34-8d71-b1836302429d	Tarany	7514
7f8444e1-e950-4231-ba7d-7a7999b35592	Tarcal	3915
a24c843c-366e-48e1-889a-8a2e24c0a431	Tard	3416
48028508-9e4a-4957-acb3-4e1d6bd473b7	Tardona	3644
1b2cdedd-3b25-4f1c-abf9-9df38dc38df9	Tardos	2834
7e013fa7-070e-497b-abad-19368b5ef194	Tarhos	5641
2f6a6351-46b5-4c94-9e0f-51e6cddb978f	Tarján	2831
6cd3ab4e-659d-4f76-bf76-cf81d759af4b	Tarjánpuszta	9092
32b7663c-bf0c-4100-b283-7a85d8634453	Tárkány	2943
c6979f82-47c4-41a8-ab48-0d12e0241d94	Tárkány	2945
58b754a7-d2e4-4894-b207-b3e20ee287ce	Tarnabod	3369
1bee8a95-f487-4f01-b3b8-2bb49045d224	Tarnalelesz	3258
c8da912b-c452-4591-8bad-42b2cc279011	Tarnaméra	3284
b3e48d54-131e-48f5-bf4f-32fed1106dbc	Tarnaörs	3294
c63a0c9f-0bb7-4975-962f-f5f503ec6b64	Tarnaszentmária	3331
c979db70-5a6e-46f4-881d-2a6bbc01a08c	Tarnaszentmiklós	3382
269d5417-f76f-49e1-ac8a-3c7cb8030ea2	Tarnazsadány	3283
c843974a-932e-466f-8db2-ad2e851d842e	Tárnok	2461
d8fb2099-5857-440f-8420-ae5ef32a46f8	Tárnokréti	9165
491430ce-2742-4230-a8e4-8e6536ef03a0	Tarpa	4931
9c1655b5-da19-4588-bcdf-990af1b24b8b	Tarrós	7362
02b78279-d0f1-4d78-a73e-dbc43d6c62ea	Táska	8696
82c32ba0-fc0a-4f6a-8a93-a04cd1a1d40f	Tass	6098
91317991-f7ca-406f-afa8-4aebf12a4e3c	Taszár	7261
301f8e18-f768-43f3-afcc-d13de503af61	Tát	2534
71f14f65-16f1-454f-a3f9-7c2b10057972	Tata	2835
5cf83b48-61b3-44a8-9c31-222ee15ad02b	Tata	2890
7cd29146-6668-4c67-aaf6-7248dde68e76	Tatabánya	2800
057c9480-4e4e-4ba6-965e-39cc18bcd31b	Tataháza	6451
bca132d3-e07f-4d9c-b679-41a97d9028a7	Tatárszentgyörgy	2375
bd17e150-74d9-4de1-8906-4f67bbd7be2d	Tázlár	6236
a9e6b72f-4f94-45ba-92ef-66d6640c46b8	Téglás	4243
c34d31de-1678-45aa-8d12-d427192f5ed5	Tekenye	8793
11764b28-fc07-4c5c-94f0-59f7f969b50d	Tékes	7381
1050f859-d829-4f11-8783-83da0d5e12e4	Teklafalu	7973
46cc5599-c56a-40d2-a9f7-948373bbf932	Telekes	9812
bada861a-63cf-45bd-81a2-5d3b70113eae	Telekgerendás	5675
98a8444e-44ae-42d2-9155-823426beac97	Teleki	8626
10d0e36d-19e6-46a8-ac10-6c14bb1aca9f	Telki	2089
e858077f-21dc-4c5f-9c50-2ccb0415e901	Telkibánya	3896
4d737151-4aef-4a33-b8f7-4219b6fe47a4	Tengelic	7054
f4cda96a-b52f-4965-909d-7a1ff95dc528	Tengeri	7834
1f3e141e-8e25-433a-b6c0-4f2c1b80ec5b	Tengőd	8668
8ddad145-9466-4206-a26b-0b7578ed5700	Tenk	3359
bc2e2d51-769d-4a47-a8e4-27648a4e0f13	Tényő	9111
3d00b381-4fc3-4378-8131-729469bbeeb7	Tépe	4132
59cf4dc7-15fa-4876-be9f-8ec78397af65	Terem	4342
f885cd00-6b3a-4726-8913-f926e8dc17e8	Terény	2696
9994840c-bcd8-4530-9cfd-03ec17c750de	Tereske	2652
4ded8cb1-5d68-460e-aa83-9facdced9fce	Teresztenye	3757
c0b2dfb4-b17c-4c38-9475-ec6a06f35258	Terpes	3333
41552da5-9c39-4625-aca9-4616573bf134	Tés	8109
8da66254-ec59-4dd4-b1f2-c5022ef55845	Tésa	2636
031a84b1-0889-49a2-8bdb-cd6eb8b07971	Tésenfa	7843
01279c9f-50db-41d0-b75e-f451dbdced5d	Téseny	7834
6cf6f320-1bf3-45e8-8b39-ae14f62fe247	Teskánd	8991
6621891a-e1b6-4780-9c4c-86f431c36343	Tét	9100
bb6051b2-2c46-4f1a-888e-1bf264bc1ba3	Tetétlen	4184
4c0c9190-7803-403f-a691-aca8fe5ef0b1	Tevel	7181
c1e5be43-ccb8-4356-a580-02d56e270802	Tibolddaróc	3423
a1d78e16-0ff9-4438-b4af-38b52c5d9b4e	Tiborszállás	4353
9a96e9ed-b6ce-4366-a278-82ac597e2f98	Tihany	8237
c13a05da-3cb0-414a-a6dd-0c3a428a3ee4	Tikos	8731
2acd0c03-c334-46e5-9b37-4474afbfd403	Tilaj	8782
fe5572f6-266b-4f8b-800c-8a52e528f8ed	Timár	4466
5edd96b5-fc01-486f-b6c9-157c5649cb71	Tinnye	2086
f70bf9f7-0cd2-4f1d-8727-4ea3b0acf4ab	Tiszaadony	4833
0b99660e-ea1d-4045-850b-00aa2065659c	Tiszaalpár	6066
aeb65758-ba59-4ae6-9068-500a5de6aa5f	Tiszaalpár	6067
82ae77d8-15ac-46f4-8c85-906a7ca8015b	Tiszabábolna	3465
3d9f7481-e21c-406b-ae51-800772f122bc	Tiszabecs	4951
e2642e93-d22c-4248-b936-28072872cae5	Tiszabercel	4474
426d2f56-78e4-41fc-8d16-d54819ce0860	Tiszabezdéd	4624
25395395-baad-4339-b3ab-e90e5958541c	Tiszabő	5232
00d08c00-d797-43ab-a1af-c81ad9f24917	Tiszabura	5235
7332f97e-1b2d-4ade-9332-4879bc7639ad	Tiszacsécse	4947
0f8fe482-c5d8-48f2-a0f1-842ee158ee5c	Tiszacsege	4066
a7276747-a694-4dfb-b2fe-f2a860c49785	Tiszacsermely	3972
813749c1-b2ca-4123-bb88-735dece2fea0	Tiszadada	4455
30a8272b-ccd5-4fcc-864e-4b65544ab9f9	Tiszaderzs	5243
30259c9b-3395-4982-a24c-2fefbd542552	Tiszadob	4456
efafdbba-d105-4b23-ad42-04659bf30b54	Tiszadorogma	3466
4e86fdfa-517f-4f9d-bdef-f73e084dd9b6	Tiszaeszlár	4446
c0c08563-9a14-4fb9-a3da-4cefb4c750b7	Tiszaeszlár	4464
87f404df-e8c8-49d9-be8d-371b0f662a72	Tiszaföldvár	5430
6e912f55-2642-428e-9087-17fddce76c54	Tiszaföldvár	5461
db12f177-07b4-4fe4-a2fa-fc3a987a2617	Tiszafüred	5358
d5857dba-e5a8-4ab2-8ce0-bfc62e7d2c8c	Tiszafüred	5359
3d2a5279-b522-4d78-a8bf-082c9a45a19f	Tiszafüred	5350
29ac1c19-282e-4bf6-8144-e7cf5ab2a601	Tiszagyenda	5233
fae3300e-a421-4c8a-acc4-5911a37bc525	Tiszagyulaháza	4097
27277d2b-acbf-4107-95e5-4df2fbf979d3	Tiszaigar	5361
ad8bd383-e86d-4117-b93a-b6516bba7b41	Tiszainoka	5464
0b666546-9962-4dd4-9be2-4dc1a93df07e	Tiszajenő	5094
772ad8c9-8862-49cf-8eaf-4768cf2d07f2	Tiszakanyár	4493
ec5b7eda-077d-4db8-b98a-8d5b3378a969	Tiszakarád	3971
237571ba-ef40-4022-bb7f-811b741ce66a	Tiszakécske	6060
e9b4eb6e-609d-438b-8616-66ebb636c7d0	Tiszakécske	6062
58eb15fa-7cc1-4500-a17d-0aada1e8abe4	Tiszakerecseny	4834
4e84bb09-a63b-4129-b5d8-e840da38960f	Tiszakeszi	3458
8486af8c-ae79-40ae-86aa-fb0bf8ecb721	Tiszakóród	4946
9351910c-22d4-449e-9e59-a9e7412691e2	Tiszakürt	5471
bbd9f18b-d232-4a2a-bd0e-f2ee0759b2f9	Tiszaladány	3929
3a32cc1d-86cc-4a3c-bbe0-33aff0575927	Tiszalök	4447
d2407d4a-ecea-4d7b-9cba-d430df7644aa	Tiszalök	4450
56e5a785-e55e-4629-8e2c-08ddffe9a92e	Tiszalúc	3565
0eb610df-d0b1-46aa-9a8c-aecbd091ebae	Tiszamogyorós	4645
939998b6-b775-49ab-a0b7-a8f35326af4e	Tiszanagyfalu	4463
fd570206-686f-4955-8ee3-527143446e96	Tiszanána	3385
a30f458b-58d3-41f7-bfc9-61ad13bae158	Tiszaörs	5362
843cafa7-1e15-4275-b5a3-1ba685bad07f	Tiszapalkonya	3587
9208202a-8b14-4e5b-b133-248ce9452a10	Tiszapüspöki	5211
cf59fa18-59e9-405e-9808-3be7946b7e50	Tiszarád	4503
c1628a9b-b173-4c41-b5b4-6c12a5f2b72e	Tiszaroff	5234
f3f7912e-ff90-4256-8306-d5e18223ed58	Tiszasas	5474
dd2241a9-488a-4672-9128-b9fbfc6dd491	Tiszasüly	5061
a7261bf9-1233-45ad-bab9-b3c222b5c56f	Tiszaszalka	4831
0d560d9f-eecb-42df-a7c1-338a163c5a0f	Tiszaszentimre	5322
fa020a58-b18f-4a8d-b813-dfbb25314f7c	Tiszaszentimre	5323
2ace67a2-b930-4bd7-9ed4-b4239d39ac57	Tiszaszentmárton	4628
1c2ffe57-413d-4bde-b10d-a02001205d5b	Tiszasziget	6756
fceb9e48-4e53-4534-9da3-222feaffded4	Tiszaszőlős	5244
43f1fb1a-d56c-493c-bbe3-cf4e9f1f146f	Tiszatardos	3928
753ec149-d7ce-49ff-b98e-caf9e115a259	Tiszatarján	3589
a74c9dd5-9829-42f1-bfb5-f1c4fe909239	Tiszatelek	4486
f1e23529-d604-48cd-9cad-859c8cea5270	Tiszatelek	4487
06ed87cb-6fba-4133-bc46-81c76ce5e25d	Tiszatenyő	5082
9b670803-45e3-4afd-a385-df0d13040577	Tiszaug	6064
c5b74b89-be6b-434c-9f7a-9aa6fee242bb	Tiszaújváros	3580
c683e573-5d9a-4c3a-9111-25560caca8c4	Tiszavalk	3464
53420bdb-2e6a-40c7-b95e-3bd52959fa49	Tiszavárkony	5095
959cb125-f311-4f4c-a68d-e4ede01293f2	Tiszavárkony	5092
1dd678f5-4a36-4a38-b5c1-349b9d070579	Tiszavasvári	4440
54a69c3c-dd32-480c-9138-28e94233c5bd	Tiszavid	4832
ae3728e7-3a68-4a94-96e9-0a66db57836d	Tisztaberek	4969
762ad354-2313-436f-97f9-707465fabd64	Tivadar	4921
6d982c31-8dfb-4ed9-9368-dbbe9b49903c	Tóalmás	2252
1840f37c-4f20-4b4a-b410-f58844db4d9a	Tófalu	3354
89ccb351-38bd-4384-9ff9-5cb5f1482cba	Tófej	8946
75d70f58-3fa3-45ff-9bd4-39156fb38cf9	Tófű	7348
d8544632-0bcc-4a8b-81d1-8a71c5261a96	Tokaj	3910
3649b933-010a-4dc8-8294-d6903d4aeb73	Tokod	2531
853fd1d7-ce0e-40a1-af7f-1aca60039aa9	Tokodaltáró	2532
e7d0cbfb-7cfa-4bcf-a0ad-d2a8b8165156	Tokorcs	9561
2b7121c8-510e-40bf-99ca-4226cc3540d1	Tolcsva	3934
0b14fb5c-ed57-46e9-b25b-242a774c202d	Told	4117
97b76454-df8f-4e95-92ff-666db283a091	Tolmács	2657
1246a504-e47d-4cb8-bf0f-dbf4dc6b2c6f	Tolna	7131
f574d797-d802-4a1d-ad87-1d86d3413789	Tolna	7130
e4ce3299-f8d9-4d72-8d45-dfc6edc5a8f5	Tolnanémedi	7083
77d8137d-b9a4-4bc1-b92e-e458b46c099a	Tomajmonostora	5324
db53f5a1-f3be-4be7-a05a-f5ddb65fbaf5	Tomor	3787
0098fb9d-9014-4385-bdcc-d0af78abfb35	Tompa	6422
8f818a76-6a46-477f-a627-9eb42f671374	Tompaládony	9662
c9e7f7af-bdf2-4bd9-9115-2d59e29db530	Tordas	2463
9c5ddd9c-805f-4e12-8179-4b52331f0c57	Tormafölde	8876
b81ab68b-5489-4729-b291-d82b172bc14b	Tormás	7383
942b1a9f-3b54-43c3-a5b2-0745f8a0fd7d	Tormásliget	9736
2b2f0c61-3d5a-4a2d-9dc0-b27155c7c8da	Tornabarakony	3765
f9fa4dd3-a20f-43e7-a0fe-d77581cf09f3	Tornakápolna	3761
d3d96606-7ec4-4d56-8236-2b4c813c1c5d	Tornanádaska	3767
8fa14f15-82fe-46ec-8511-a2d3e7efe91f	Tornaszentandrás	3765
bb591766-7bf3-40fa-b748-02894507263b	Tornaszentjakab	3769
7e2ea3bb-fa92-4525-aa8f-da3f2dc1ac13	Tornyiszentmiklós	8877
c7e322f0-1028-47b3-942f-c8d82149c108	Tornyosnémeti	3877
5630b5a9-dc12-47ce-9d37-f1d34340dcc8	Tornyospálca	4642
6fa38b30-f33c-4c11-89bf-3fbdbaf31210	Torony	9791
a7a55e1d-beb8-459c-9c52-a5fc6761d590	Torvaj	8660
8d356bd8-d511-4e5d-8982-3ecd3099d5f7	Tószeg	5091
9a3c7159-ba69-4230-badc-4ceb86e827e7	Tótkomlós	5940
ffef573c-650d-4fac-a94c-f64711e2f7c7	Tótszentgyörgy	7981
eff99d7a-d99a-40f3-a5ba-99ab0b1536a3	Tótszentmárton	8865
73202a41-92b0-44ae-865a-4d61c7502ecd	Tótszerdahely	8864
79909b51-d1bc-4471-8c76-2b47c948c2a7	Tótújfalu	7918
7cfde80d-2ead-47d8-96a0-7f57decad8d0	Tótvázsony	8246
a55eee15-d982-41f3-9a8e-0ea5d8016fe6	Tök	2073
be19644c-ebaa-4062-b01a-5aeed308c475	Tököl	2316
d87a1542-95c7-4480-8a3c-ae40898e2f29	Töltéstava	9086
098f5cb6-8757-4766-b768-bc80e874706b	Tömörd	9738
3a2ab016-c63a-45b8-913a-379a2b6c94a2	Tömörkény	6646
928ffce8-e481-4c05-87a3-006260ef6d87	Törökbálint	2045
85193a09-8671-48fa-a605-a5068fde7ee3	Törökkoppány	7285
0b5bfd40-f846-477e-bfca-2afb1693fa70	Törökszentmiklós	5200
20e32ed6-628e-49b4-894a-acf53ab06e62	Törökszentmiklós	5212
92acff77-7863-41ff-82ff-7b3d0615cf7f	Törtel	2747
328cd880-5809-4781-ac2e-d2ad3b57b89f	Töttös	7755
1526fbe3-ac2a-490f-8c94-8f0ec93d34ba	Trizs	3724
bcebe6b6-b03b-447d-a516-7d16ea3dfcdc	Tunyogmatolcs	4731
6586c9ba-7109-4ec7-b98b-f26d8a28eead	Tura	2194
639d0f0c-5d30-43e8-b3bb-357ea026bcf2	Túristvándi	4944
63745754-fe4d-4b52-9fa3-0ca850f7a94c	Túrkeve	5420
379ef0c5-ef38-4ae9-a69d-4922a02f2230	Túrony	7811
ee516db4-2ec4-4f65-85be-b3d904830f7c	Túrricse	4968
176cd25c-48e4-4a26-914e-c8ce02c26aa3	Tuzsér	4623
341bed2e-b969-4b8f-8b84-162032c7a541	Türje	8796
3d550cb4-6f45-4b7d-b327-a59026a75146	Tüskevár	8477
cbb52b82-8ba5-49d6-9554-8df06fd02922	Tyukod	4762
c1e248a0-5e49-4cda-9f78-9ae1e131a52e	Udvar	7718
81a7c010-ed9a-479c-83e8-0062b0a0dc24	Udvari	7066
5df9a18a-61ea-4742-8b02-b3295ba854fe	Ugod	8564
04486715-5553-445b-afa5-64a062148b3d	Újbarok	2066
f31489b0-cd98-44f0-af94-6981341fa8a4	Újcsanálos	3716
c341579d-8e0e-45ab-994a-c5aa4173364d	Újdombrád	4491
b910e997-22ad-4175-b7e4-e91dbbf0b825	Újfehértó	4244
2d4d0ff4-c439-4c97-a251-23a54caa029d	Újhartyán	2367
58ac8255-068e-4cd8-877a-b79e99a71f48	Újiráz	4146
9b7ba911-3515-4d8d-887d-ec83910ad98e	Újireg	7095
2ce348ee-8f59-40d2-8d0f-7b09cf1f5588	Újkenéz	4635
af34e3fe-9ae5-4918-9a28-6ccf21dea777	Újkér	9472
09c90527-3ac1-4d30-b10e-4097593e1f26	Újkígyós	5661
eb1508e8-c977-4086-8b0e-8050873eff57	Újlengyel	2724
13e79acd-2035-4dec-b855-751fde39ff28	Újléta	4288
f9224432-febe-459d-b552-fd2b7e3cd956	Újlőrincfalva	3387
84b54e1e-444d-4ed5-81c3-b8ce80bc43c7	Újpetre	7766
9e144327-2452-43ca-bb77-ac0d022c0b58	Újrónafő	9244
7313edcc-4aa0-41a0-852a-81e3dc4110eb	Újsolt	6321
2061adc8-bdb8-4c54-bd55-29f887b0553d	Újszalonta	5727
2351c4ac-0ccb-495c-b9be-a774b9ff3944	Újszász	5052
1b8f4d59-405c-47eb-80d6-fb55bc37bae9	Újszentiván	6754
bd1e89b9-d29c-4bd2-8ec4-308706779b6f	Újszentmargita	4065
27e9c6dd-9648-45c3-8356-cf6af7ef7ec7	Újszilvás	2768
bf110279-9550-40fb-875a-0bd8605e0df0	Újtelek	6337
4eee0947-530b-4b32-a4ba-6e7f533f08db	Újtikos	4096
500604d9-caaf-438f-b658-412aa59e59d1	Újudvar	8778
bacd8ff6-f7fd-4b8b-be98-973e6493e97e	Újvárfalva	7436
e4f950f5-d126-49d7-a77c-1e094acf3ce9	Ukk	8347
8c745f43-b934-4208-8247-ffbc4601677e	Und	9464
c9cd8262-2700-4c85-911c-e8a9f7bb7e87	Úny	2528
128b7aca-79d4-49cd-bb09-dd4f8d6e0cbc	Uppony	3622
e2b0d8a8-4ec5-4c94-bc8a-7805496b0992	Ura	4763
876e24e7-c8cf-4787-818e-06a95e0becdf	Uraiújfalu	9651
ce9c558a-45fa-449f-9099-14059dedc14a	Úrhida	8142
44c8701d-a4ae-4bd9-b701-8aee290d554e	Úri	2244
b6143507-a253-49df-b615-8be942c48429	Úrkút	8409
6a40b8c4-71b8-4d02-831d-d54c3cc5bec9	Uszka	4952
da3e9339-182a-41af-be8f-ae52c5ea4b40	Uszód	6332
ee86c95d-a9e6-4831-9a8c-1441c6d5be4e	Uzsa	8321
bf8f54aa-7ee9-4b1b-9725-d7eaa5dbbf8e	Üllés	6794
b755a9c9-b095-4555-9edd-a6b062ea4149	Üllő	2225
c09dcbaa-82c9-431f-8ecd-963dc9c00399	Üröm	2096
e103dd37-31a6-4279-878b-112b4fc1ce7f	Vác	2600
e6719dd4-ab1a-490f-a208-aea75d574251	Vácduka	2167
6045bb42-60a8-4e4f-8469-778868ec6201	Vácegres	2184
2f7fa3f1-5a51-43e8-8b9f-c3d47e93dfd2	Váchartyán	2164
409143ec-ace4-47db-a764-48f857e7be67	Váckisújfalu	2185
0a46f5ed-112f-446b-8625-320e15950768	Vácrátót	2163
4b2ba877-736d-4395-8ac6-a6342615b90c	Vácszentlászló	2115
ddc10b49-89a8-4dea-b2ab-3ce782214ac4	Vadna	3636
c3616886-c9c0-4dfa-96a4-7c6b2262e840	Vadosfa	9346
fce840c7-3a14-4026-a28e-77f1229b1fe2	Vág	9327
bbe5eb8a-30b0-43bf-a1c2-73c702f5e9e9	Vágáshuta	3992
9093c6b4-d954-44b8-890e-c0bf7a3b12fe	Vaja	4562
5fac9c1f-20dd-45ae-b709-4621d09e741d	Vajdácska	3961
757630a6-312e-4da9-8c13-477a14179410	Vajszló	7838
4cb41f21-1903-43c3-ae43-e6c828f9169f	Vajta	7041
52ee0514-449c-4fd9-b369-9d3a76e44a80	Vál	2473
d3a06bff-754f-4a28-a08d-3649635e6f12	Valkó	2114
fe868636-7d00-4c76-987d-ee4f790c09da	Valkonya	8885
9addc299-dff5-4d00-9c93-5d5bedcd576a	Vállaj	4351
7e857d7b-6c8a-4903-9a1c-331335e34f65	Vállus	8316
9b334e3c-3598-4b44-b1ef-4b1d8eb974be	Vámosatya	4936
53de4f21-a225-4d7a-b401-53f3b6d72ed1	Vámoscsalád	9665
7ea08e96-8c2e-4d9d-815d-9bd59be97c77	Vámosgyörk	3291
80961d09-a10b-4281-b046-757330c4bf89	Vámosmikola	2635
5e009d0e-d845-43b0-9a25-58eca8d70ba1	Vámosoroszi	4966
9fc4071d-93da-40db-ae46-284fa4ff4ebf	Vámospércs	4287
7b42a560-4b66-4b51-a8c0-e5cfc08f9d44	Vámosújfalu	3941
69571f22-b671-48af-b839-d3b77aa898e7	Vámosszabadi	9061
c48e5876-0f64-4fb6-b9e7-9040b6269958	Vámosszabadi	9064
7087f79e-3c2b-43ce-8686-5902da6a1375	Váncsod	4119
4003a7a1-759d-477e-826c-1bee6d65692d	Vanyarc	2688
f6a03ecc-c038-4c1a-b0fe-11045a34c514	Vanyola	8552
ff0ac6f4-bc9a-49e9-959a-2413fb2d3a63	Várad	7973
3f49c81b-1bdc-464b-8455-156524490e33	Váralja	7354
856fa0f7-2a45-4e33-a4e3-6e8fe9bb98f1	Varászló	8723
405dba19-43e6-4075-a9ce-d36005beadbf	Váraszó	3254
dc0d7e7c-a2e7-4ef4-92cb-f20ce486cbf6	Várbalog	9243
f0e38f5d-af40-4443-987c-e51d30ecf31e	Varbó	3778
9aeef0b4-9765-4109-aa7b-da1a20bd7139	Varbóc	3756
b8e6cb41-f9a5-4ce4-aeba-9aa627dcecf9	Várda	7442
92ebb635-56eb-4fa0-8a07-2b788de3c545	Várdomb	7146
35d9837a-5146-4f5f-affc-64ac197d5e9b	Várfölde	8891
0a61552c-f2ac-4e71-92de-47907207a8a9	Varga	7370
f2b525d0-c3fb-489e-a701-9da2e576604f	Várgesztes	2824
dfda9d1a-3718-4a9f-9762-8e28b9977967	Várkesző	8523
48a7d9a6-4ac5-4136-94e6-c2e888ed94d5	Várong	7214
629e57e9-4e70-4dcd-9592-96f0ea31700b	Városföld	6033
54335013-7b89-455b-aae6-3ebe14b805f9	Városlőd	8445
9733d9fd-ef8d-42f7-adc8-64f8151cd0d7	Várpalota	8100
0aee13c4-17cf-4811-8b25-13c66912dbbe	Varsád	7067
8e6551c9-bb42-4424-92c0-cc88fb386e73	Varsány	3178
51d80da0-2038-46a6-9500-41d65e5ba3d9	Várvölgy	8316
4783ab59-b945-4df7-a513-051acc848b29	Vasad	2211
90c04043-c166-4fb7-9c66-4794a6796e68	Vasalja	9921
165440e9-4427-4c65-827f-902237bfd6e2	Vásárosbéc	7926
21f38110-f932-4141-8385-e81f085b4ebe	Vásárosdombó	7362
65a6f51e-d7ae-4d6c-8365-16bf8b9a024f	Vásárosfalu	9343
6ef9acd1-1b48-48cb-999e-357b4f020fb6	Vásárosmiske	9552
b9e127cd-6061-4acf-8d6a-0ef505cad043	Vásárosnamény	4804
def07354-4f88-49c4-8067-8afb68b7aa92	Vásárosnamény	4800
640cdc44-2c13-478d-abfb-c96bf8a5d8e2	Vásárosnamény	4803
c866a381-1423-402a-bb73-98671aeb1036	Vasasszonyfa	9744
9974046b-320e-4ceb-bb57-0deccae9204a	Vasboldogasszony	8914
2893ffc5-078a-4174-9719-daa074ab162d	Vasegerszeg	9661
e710d7ba-843d-4598-84f0-724f64cacb24	Vashosszúfalu	9674
f94a3b97-8964-44d4-b779-4fcde51176cb	Vaskeresztes	9795
17bfa990-bf57-4589-8856-af99d7ce4da3	Vaskút	6521
d5ede6b3-6a5e-45ea-a2ae-fe455cf18754	Vasmegyer	4502
e0315af8-9f0d-4fec-9a34-5416707fac1e	Vaspör	8998
7b6ed317-fe07-410a-af45-4bc267d69c56	Vassurány	9741
f286d325-15e8-46f3-8159-d6e3caea1785	Vasvár	9800
9c95c40c-33a1-4868-907b-6abbe969a08e	Vaszar	8542
e568923d-4451-42d4-95cf-8e8ead2136b9	Vászoly	8245
9518a1ca-6820-4d82-bc89-54e6d504c3fc	Vasszécseny	9763
740cf556-31ba-41b3-87db-f0465e7bf533	Vasszentmihály	9953
c63708b7-1574-49ec-a5f9-b0e1cc55db8c	Vasszilvágy	9747
ea80875f-9cf1-4850-9046-cc68c3d6cae5	Vát	9748
5296eb79-6230-4bf9-97ff-6084bc51a041	Vatta	3431
893cb41d-55c6-42c0-8744-e95e1b9f9922	Vázsnok	7370
f023bc5f-7d86-4bed-be32-e0f735eea6e3	Vécs	3265
a351008f-96ec-4390-a330-f7879f188516	Vecsés	2220
047ec744-ec9e-4a43-b156-cda07b920dbf	Végegyháza	5811
3d52f53b-5365-44ce-850f-e1938301d1d8	Vejti	7838
f6a30184-6f16-4586-ac1e-aecf22843f9f	Vékény	7333
5887129e-dffd-463b-890e-0d71abcb7bf9	Vekerd	4143
9770c31e-fd70-451c-948b-4298d474db07	Velem	9726
c543c19e-7aba-49c4-9776-5c98ecca307e	Velemér	9946
c9fce9d2-35c1-42c2-a085-b2fd75ea3aec	Velence	2481
3c351645-fe0d-4c74-823d-2c09f9242841	Velény	7951
6b8b00b1-660c-42d7-a9cf-5db5a481f29b	Véménd	7726
c3fc55f0-fdf4-40df-b36a-315478da42eb	Vének	9062
b0386b0f-41a5-4cf0-8105-e1fa69b0120f	Vép	9751
82e65333-8a7c-4d07-a894-1457541754da	Vereb	2477
632c08b4-80c9-47b1-805b-77e14dfa2a61	Veresegyház	2112
38edab07-32d1-4301-918b-673fcae23ad4	Verőce	2621
48d5c10b-e857-4f02-8513-5e1468d309bc	Verpelét	3351
4b840fe4-adff-474a-b5e9-c65adfe2ba92	Verseg	2174
c353ee4d-4c08-4ab4-b6e6-aa016cd3febf	Versend	7752
4c502b90-c3d3-4d87-aae2-4305c8c4c497	Vértesacsa	8089
790de8d0-002f-4614-b916-51eb118539e4	Vértesboglár	8085
eb22ce4f-017c-45ad-90c7-b556cad4b999	Vérteskethely	2859
5f85d541-e9cb-42bc-a2a6-9f0b2ba591e3	Vértessomló	2823
23e0c398-4b3e-4401-9162-c1f9d5d19e55	Vértestolna	2833
d02f8a7d-6997-43cb-b387-b56a448d42e1	Vértesszőlős	2837
99ecb5a8-0015-44fe-929d-e82f1bb90150	Vése	8721
60db8f60-08e6-4aff-9ee9-798f08c213b7	Veszkény	9352
f06cf32b-589f-48c3-9591-100d74807c6f	Veszprém	8200
12f87126-ab84-4b29-814d-5e3284e618d4	Veszprém	8412
9d0b2a40-8257-4b41-837c-92e792de385e	Veszprém	8411
b2c8bf9e-96aa-451c-9a85-2fb2a7992314	Veszprémfajsz	8248
c70843f8-acd7-49f7-9aa3-3c422aacfa25	Veszprémgalsa	8475
e12577d6-a9a8-4c94-8202-71ab5032795c	Veszprémvarsány	8438
6f8cff5e-58dc-4bf9-9404-b95d3327536b	Vésztő	5530
9059812b-8ce1-4990-8c04-40c18ff3baab	Vezseny	5093
479479a4-d66b-4c86-9eb5-b142bb5896ce	Vid	8484
3133b969-b61e-40bd-91b9-f2fe1ebf6e73	Vigántpetend	8294
d9b2e67a-65c9-4f8f-829b-0946af4c31a0	Villány	7773
4396b46f-47a3-406b-ab40-f46e2169494b	Villánykövesd	7772
db876fcc-fee3-4a78-aeca-6f6ebffb9ae7	Vilmány	3891
78181331-cbac-4b07-bc9e-b1c5d9e0d21e	Vilonya	8194
3f073820-f4cd-44f1-b6f5-67e06a76682b	Vilyvitány	3991
72aef76d-ccda-4bd5-aaa5-6f5818d8eeb3	Vinár	9534
86e1c00b-1175-43dd-9a3a-ebfb3093444b	Vindornyafok	8354
c47444b9-aabc-4469-a6c5-a683c4911c43	Vindornyalak	8353
7d922bce-73aa-4484-b7d5-ac9deb2ec8fe	Vindornyaszőlős	8355
1b439ee9-816f-4cfc-9995-791d6a49a23d	Visegrád	2025
5e8394ac-ac89-4a9e-8d03-af4021a04058	Visegrád	2026
60aa4d02-8205-4d1b-b674-3f4d578de064	Visnye	7533
ff7064cf-db56-4fac-90bc-01ecc96fbc23	Visonta	3271
5fa5310a-d14a-4320-bb62-d1416742f010	Visonta	3272
7aff162f-5d43-4925-9b33-f775334746f1	Viss	3956
55c6c1e4-34ef-490c-913c-c7cdb581c7e2	Visz	8681
439c004e-78df-4c1c-a4bf-8097aa1d9f9d	Viszák	9932
0c4588da-d5e8-46ef-a294-fcdb91e1d721	Viszló	3825
f37ef1af-34f7-49ee-a32e-5694af1dc62e	Visznek	3293
7e1379b4-2f28-44cd-9b65-cf0cddb1c9af	Vitnyéd	9371
10102871-69dd-44d2-8ea1-5f532e33d2ba	Vízvár	7588
189789b8-abf6-481a-a3b9-4e46b82d6211	Vizslás	3128
d7263320-d2b3-45d3-ac6d-a317d7554fec	Vizsoly	3888
49d444bb-f6b4-4dfb-ad38-d023dc7525fc	Vokány	7768
4d727c0a-e9ef-4d1f-ad81-e0c58fd8282b	Vonyarcvashegy	8314
f436f188-32f1-4c85-a132-e8a3ff3da052	Vöckönd	8931
f1e038d2-8160-46c4-ba64-49efebbc8d80	Völcsej	9462
85bd3e48-7407-4c4b-b97f-87d885382790	Vönöck	9516
4fd5c453-46e1-4680-be25-8d1d8538c59c	Vöröstó	8291
1ffd5088-230b-4944-a22a-858fd379ff6a	Vörs	8711
5d4d107b-d1e7-4873-aebd-7c7aa1af4844	Zabar	3124
63dfcb82-2234-4c9e-b2ba-6e2537718aff	Zádor	7976
b1782170-7558-467e-a0aa-3b05ed854377	Zádorfalva	3726
ad9b3041-4ba3-4677-93ff-328210bcf62f	Zagyvarékas	5051
03a220b0-3790-4c47-b468-db29bb37ee3c	Zagyvaszántó	3031
dde9a2da-31c2-44cd-8c0d-3d19fa58e19d	Záhony	4625
bf22b3eb-d130-44f3-bdfa-914467265130	Zajk	8868
e022d2d4-6939-4e85-89bb-af929c044f82	Zajta	4974
1e8f5caf-b6fe-41cb-900b-f9aee3d83eb0	Zákány	8852
78454f78-8fd8-4b5c-a805-ac8a26022efd	Zákányfalu	8853
0ff983c7-b19c-4e60-912d-7f129de76496	Zákányszék	6787
71fb85f7-a5ae-44f3-99bd-d79b2970d1ee	Zala	8660
8f49b506-299d-4e0d-8bf9-a89138d308b5	Zalaapáti	8741
2956716c-c4ee-443d-b3cd-45952a64dd42	Zalabaksa	8971
98424936-d714-4201-9c77-9ca961223b4a	Zalabér	8798
bc208fd6-f6b6-4762-b491-8c8d2a586c3f	Zalaboldogfa	8992
31fa08cc-86df-48df-bd82-9c8df0fdbc4e	Zalacsány	8782
c878c705-387b-416d-971a-03a2ed5c5140	Zalacséb	8996
81ca471e-497e-4b09-bb98-70665fe17ccb	Zalaegerszeg	8904
f7f642d3-b49b-48f4-9129-bb2c5b43ae59	Zalaegerszeg	8900
9cf4511f-3a64-44eb-bcb2-5f3bfa9806ba	Zalaerdőd	8344
70f977cf-5084-42de-8537-04b153eb8d52	Zalagyömörő	8349
da179575-6d77-41c8-93a9-7eb114f19081	Zalahaláp	8308
9880a818-6044-431b-9524-25aa67677c25	Zalaháshágy	8997
6bfc5a68-7b9c-4062-a9ed-2fae8e082744	Zalaigrice	8761
d0deefcf-7f3f-449d-9472-1e5ff0090a69	Zalaistvánd	8932
10c41e2a-1718-4b85-967c-2b09d01d275c	Zalakaros	8749
58062824-2a91-4b7a-b41f-d317e7292e63	Zalakomár	8752
24f2016e-058e-44a7-ab28-0121ee8e6e9e	Zalakomár	8751
6d43eb9f-21f3-4877-9fce-ff947c485f7c	Zalaköveskút	8354
7061d6a0-9141-4808-b0fb-306bec0fc18b	Zalalövő	8999
249d2178-7f19-455b-9856-c39a6f0f7a02	Zalameggyes	8348
d95945df-5a92-4ec4-a385-4a9e4e244506	Zalamerenye	8747
52e0108b-d158-490b-ba81-4cddea84adfa	Zalasárszeg	8756
b0f053ba-5fa7-4e24-ba6c-8de253acc42e	Zalaszabar	8743
7b99900a-ab32-4ebb-bf29-23dde83ecdeb	Zalaszántó	8353
5164091e-3302-4900-b9fd-4d6ac5a70b9e	Zalaszegvár	8476
6bbff982-3231-4b44-bb10-982e33c9cfd3	Zalaszentbalázs	8772
64f83a75-36e4-4ae0-bf37-cec47ca50273	Zalaszentgrót	8785
537d61a6-68b2-4af6-afac-77c1c24e8a6c	Zalaszentgrót	8790
638e0de9-43b6-4366-83bf-bb8814f3fa41	Zalaszentgrót	8795
a183739a-448b-4ba9-977a-2948fd41e98f	Zalaszentgrót	8789
d879233d-3f26-4aae-956a-596147699880	Zalaszentgyörgy	8994
7786291b-b213-4c9c-8f1c-e35edbb4a796	Zalaszentiván	8921
e1bc1ad3-6126-40d6-8a70-29f277d73361	Zalaszentjakab	8827
1e261404-1d71-4464-a174-88beb886aa8b	Zalaszentlászló	8788
3e24e926-0484-4eb0-8ebf-6b7c8a013181	Zalaszentlőrinc	8921
92406d55-bf52-4615-92a4-e2308c4f7014	Zalaszentmárton	8764
7440211d-a7eb-4785-8bc3-eb7f72a6f8b9	Zalaszentmihály	8936
b77770ba-c51b-4672-b7fd-49fe96a783c2	Zalaszombatfa	8969
bbd637c8-3bdd-4861-b45d-6dc52a53f7a2	Zaláta	7839
99d65bc5-8c59-4e10-8497-0fe5f99c0456	Zalatárnok	8947
9414a6c3-c660-4591-b879-46dab42e49e1	Zalaújlak	8822
f6daf24a-c7eb-4efa-af89-8f56d4dcb57f	Zalavár	8392
6e19da1d-c6f7-4015-9ee5-0f1012f100fd	Zalavég	8792
9bb58765-aabc-497c-b296-abfa02cfd65d	Zalkod	3957
36845ebb-f334-487d-9631-0394a3596113	Zamárdi	8621
547d5cd1-397d-4cb7-8df9-d4c034f90988	Zámoly	8081
f4f7c4e0-cfbc-4e97-8138-4d6f80b15bc0	Zánka	8251
50afcc63-6c80-411e-80ee-5e658b20dce4	Zaránk	3296
c8a0c909-e70b-409a-aa29-e3b85dff7967	Závod	7182
a8f77448-cbea-49ee-84d9-055fab18b646	Zebecke	8957
07892e80-5fe3-4440-8a62-cc005a8b40c8	Zebegény	2627
48525e45-4f49-45a2-bc7e-d941b9659738	Zemplénagárd	3977
934a66ef-611b-48f9-9056-8fa90095b48a	Zengővárkony	7720
1cf61b85-42ac-4869-8f2d-b91ad81aa18c	Zichyújfalu	8112
a76a3c93-286e-49ec-aea6-860adde9787f	Zics	8672
5937441a-0278-4dbc-b0ba-760dc9b2e4ae	Ziliz	3794
dff722e8-293e-4911-8c2f-85389bd5203b	Zimány	7471
4162ab56-e217-4a25-a1ca-290b04f396aa	Zirc	8420
4693111f-f922-4fb3-bfd0-90053224c39a	Zók	7671
9c49a2ef-2a84-4ae5-ba86-184f375e7265	Zomba	7173
9cc30746-eceb-4224-b924-829b19c8da8c	Zubogy	3723
38d687d6-8a01-4dc0-878f-ef2b5fa6d4a9	Zsadány	5537
220f1ab7-e3f4-4ed3-9883-05b38369a3ae	Zsáka	4142
af028bbc-2fd6-4af6-898d-accd89315065	Zsámbék	2072
ef2c3f68-32c6-4e4c-aa68-8e75c4dc0c28	Zsámbok	2116
5b5caa4f-44d5-4add-9fc6-9b90f1c32443	Zsana	6411
cb926321-08e5-4b6e-a31c-dcb9a6b59817	Zsarolyán	4961
01340d3d-0d7a-42f8-a628-647ee597e41e	Zsebeháza	9346
934f4158-9b49-4338-8891-284be26f9557	Zsédeny	9635
47a06295-39ee-4094-b7b2-7d189e2362f6	Zselickisfalud	7477
d0df6be0-b629-4361-8dd8-1e1b45780d50	Zselickislak	7400
673b7178-478c-4130-a15e-1d42fa47a26c	Zselicszentpál	7474
ea8c11cd-51e1-4504-93ce-62dc2d8c0ef7	Zsennye	9766
c30b0ff6-a794-4409-93b7-d43420bfeec9	Zsira	9476
578b424c-4d26-4d7b-9469-63f2f05c098f	Zsombó	6792
9f55042d-768a-4584-bd4b-030adef25cc5	Zsujta	3897
52d97a24-8cb6-4236-8ee9-232fb6ff9ddf	Zsurk	4627
\.


--
-- TOC entry 3937 (class 0 OID 16454)
-- Dependencies: 229
-- Data for Name: Currencies; Type: TABLE DATA; Schema: public; Owner: postgres
--

COPY public."Currencies" ("Id", "Name", "CurrencyCode", "CurrencySymbol") FROM stdin;
019da630-6bad-7725-a48e-9b069b4dcc76	Forint	HUF	Ft
019da630-ebfc-7bad-b10d-d6b9cd0538f2	Euro	EUR	€
\.


--
-- TOC entry 3938 (class 0 OID 16463)
-- Dependencies: 230
-- Data for Name: PreferenceGroups; Type: TABLE DATA; Schema: public; Owner: postgres
--

COPY public."PreferenceGroups" ("Id", "Name") FROM stdin;
\.


--
-- TOC entry 3940 (class 0 OID 16471)
-- Dependencies: 232
-- Data for Name: Preferences; Type: TABLE DATA; Schema: public; Owner: postgres
--

COPY public."Preferences" ("Id", "Name", "PreferenceGroupId") FROM stdin;
\.


--
-- TOC entry 3942 (class 0 OID 16480)
-- Dependencies: 234
-- Data for Name: RefreshTokens; Type: TABLE DATA; Schema: public; Owner: postgres
--

COPY public."RefreshTokens" ("Id", "Token", "UserId", "ExpiresAt", "IsRevoked", "CreatedAt") FROM stdin;
\.


--
-- TOC entry 3944 (class 0 OID 16492)
-- Dependencies: 236
-- Data for Name: UserPreferences; Type: TABLE DATA; Schema: public; Owner: postgres
--

COPY public."UserPreferences" ("UserId", "PreferenceId") FROM stdin;
\.


--
-- TOC entry 3945 (class 0 OID 16499)
-- Dependencies: 237
-- Data for Name: __EFMigrationsHistory; Type: TABLE DATA; Schema: public; Owner: postgres
--

COPY public."__EFMigrationsHistory" ("MigrationId", "ProductVersion") FROM stdin;
20260410092411_sixth_initial_migration	10.0.5
20260411082924_chat_modifications	10.0.5
20260412105937_invoice_changes	10.0.5
20260412160614_token_transaction_changes	10.0.5
20260413181325_physical_files_modified	10.0.5
20260414075658_user_profile_picture	10.0.5
\.


--
-- TOC entry 3946 (class 0 OID 16504)
-- Dependencies: 238
-- Data for Name: chat_messages; Type: TABLE DATA; Schema: public; Owner: postgres
--

COPY public.chat_messages ("Id", "SenderId", "Text", "ChatId", "CreatedAt", "UpdatedAt", "ReadAt") FROM stdin;
777b6454-5da0-4ee5-8949-7cfc07a39c74	c468dcd4-0f76-4822-b1a9-2b292bd87c6d	Üdv Ádám!	1131675e-dfdb-48af-8ad6-410a0d1402d1	2026-04-19 15:50:45.179448+00	\N	\N
4ae271ba-c653-4d8e-bc7d-09e187f79d3f	3506e2a4-cf65-4c49-bb2e-ed2ad28260f5	Kedves Tanár Úr!	7dfbc45a-cc9c-4e0a-998f-c00700485611	2026-04-19 15:55:59.803003+00	\N	\N
e8af91b3-e25e-4b47-aa73-eb1e778734bd	3506e2a4-cf65-4c49-bb2e-ed2ad28260f5	Sajnos nem tudok menni a holnapi órára	7dfbc45a-cc9c-4e0a-998f-c00700485611	2026-04-19 15:56:11.244583+00	\N	\N
\.


--
-- TOC entry 3947 (class 0 OID 16514)
-- Dependencies: 239
-- Data for Name: chat_rooms; Type: TABLE DATA; Schema: public; Owner: postgres
--

COPY public.chat_rooms ("Id", "StudentId", "TeacherId", "CreatedAt", "UpdatedAt") FROM stdin;
1131675e-dfdb-48af-8ad6-410a0d1402d1	3a2ab996-cde0-44ab-8643-fc73a63c0be8	c468dcd4-0f76-4822-b1a9-2b292bd87c6d	2026-04-19 15:50:14.987053+00	\N
7dfbc45a-cc9c-4e0a-998f-c00700485611	3506e2a4-cf65-4c49-bb2e-ed2ad28260f5	cba8dab4-e004-4aa5-80c9-ee453c09b27f	2026-04-19 15:51:18.186823+00	\N
\.


--
-- TOC entry 3948 (class 0 OID 16521)
-- Dependencies: 240
-- Data for Name: community_messages; Type: TABLE DATA; Schema: public; Owner: postgres
--

COPY public.community_messages ("Id", "SenderId", "Text", "ThreadId", "CreatedAt", "UpdatedAt") FROM stdin;
\.


--
-- TOC entry 3949 (class 0 OID 16531)
-- Dependencies: 241
-- Data for Name: community_threads; Type: TABLE DATA; Schema: public; Owner: postgres
--

COPY public.community_threads ("Id", "CourseId", "TeacherId", "CreatedAt", "UpdatedAt") FROM stdin;
\.


--
-- TOC entry 3950 (class 0 OID 16540)
-- Dependencies: 242
-- Data for Name: content_items; Type: TABLE DATA; Schema: public; Owner: postgres
--

COPY public.content_items ("Id", "DisplayedName", "FolderId", "Type", "Description", "FileId", "TestId", "CreatedAt", "UpdatedAt") FROM stdin;
\.


--
-- TOC entry 3951 (class 0 OID 16551)
-- Dependencies: 243
-- Data for Name: course_domains; Type: TABLE DATA; Schema: public; Owner: postgres
--

COPY public.course_domains ("Id", "Name", "CreatedAt", "UpdatedAt") FROM stdin;
1cc889d8-0d4d-4eea-8c54-4c184b62c0e0	Matematika	2026-04-19 14:43:26.978048+00	\N
ffb1efcc-b3d5-4639-939c-7ff90a5f70a8	Fizika	2026-04-19 14:43:32.341378+00	\N
a1619561-eddd-48ae-a99c-891c5538ab22	Informatika	2026-04-19 14:43:39.56937+00	\N
1e9c4dab-dfa8-4e9f-aeb9-c126fe58f797	Kémia	2026-04-19 14:43:48.408421+00	\N
2242d72c-41b4-4909-a05d-56c5d22808b1	Biológia	2026-04-19 14:43:55.428642+00	\N
\.


--
-- TOC entry 3952 (class 0 OID 16557)
-- Dependencies: 244
-- Data for Name: course_feedbacks; Type: TABLE DATA; Schema: public; Owner: postgres
--

COPY public.course_feedbacks ("Id", "CourseId", "ReviewerId", "Recommended", "Text", "WallId", "EnrollmentId", "ReviewScore", "CreatedAt", "UpdatedAt") FROM stdin;
ffe98120-2dca-4805-a00a-1c8f426dda5c	5d1fb487-dbac-40c1-89e2-36ac450f3974	3a2ab996-cde0-44ab-8643-fc73a63c0be8	t	Jól átadja az alapokat, könnyűek a házik!	43a25fd1-20c1-485e-998b-4314896685e2	\N	5	2026-04-19 16:05:15.074773+00	\N
\.


--
-- TOC entry 3953 (class 0 OID 16570)
-- Dependencies: 245
-- Data for Name: course_levels; Type: TABLE DATA; Schema: public; Owner: postgres
--

COPY public.course_levels ("Id", "Name", "CreatedAt", "UpdatedAt") FROM stdin;
deb00676-ebda-4794-b4a8-cea5911600f6	Kezdő	2026-04-19 14:44:12.658229+00	\N
585baeb9-14d1-48b1-9c80-e184ac85ff29	Középhaladó	2026-04-19 14:44:22.053092+00	\N
c393769f-94c5-4530-bce5-e649f99b088c	Haladó	2026-04-19 14:44:29.509406+00	\N
\.


--
-- TOC entry 3954 (class 0 OID 16576)
-- Dependencies: 246
-- Data for Name: course_tags; Type: TABLE DATA; Schema: public; Owner: postgres
--

COPY public.course_tags ("Id", "Name", "CreatedAt", "UpdatedAt") FROM stdin;
57c468b2-5be7-4a79-b143-917de0b01d8d	matek	2026-04-19 15:37:27.790871+00	\N
bf132c35-a475-4606-9791-4b041d0f41ec	középszint	2026-04-19 15:37:27.790872+00	\N
d789ede9-1a44-4871-832f-651adf1df646	középiskola	2026-04-19 15:37:27.790872+00	\N
e30ea4a1-fcdf-40ab-b592-506f503bfdda	érettségi	2026-04-19 15:37:27.790872+00	\N
50cdf977-65b4-416a-bfba-6f7e6ba7cc70	infó	2026-04-19 15:40:31.2375+00	\N
f050e32f-7779-48fe-a525-468b01299ba2	IKT	2026-04-19 15:40:31.2375+00	\N
a6800d34-cb58-45c9-88dd-fbcb5d2b5d71	kémia	2026-04-19 15:45:37.07863+00	\N
b31842e0-e885-4046-bb34-cc93c45a1f56	látványos	2026-04-19 15:45:37.07863+00	\N
\.


--
-- TOC entry 3955 (class 0 OID 16582)
-- Dependencies: 247
-- Data for Name: course_to_places; Type: TABLE DATA; Schema: public; Owner: postgres
--

COPY public.course_to_places ("Id", "CourseId", "PlaceId", "Online", "CreatedAt", "UpdatedAt") FROM stdin;
e1999afd-b25d-4ebf-973c-3caa50d7428d	bc4947f4-2334-49b0-a76e-81b284e37d18	\N	t	2026-04-19 15:37:27.790871+00	\N
0cc37880-19fb-41f4-915e-933cc43c6f22	bc4947f4-2334-49b0-a76e-81b284e37d18	f7222366-2f72-4f76-8132-a6530f239c23	f	2026-04-19 15:37:27.925832+00	\N
16c695d8-363a-4577-9bf5-82cadc907422	bc4947f4-2334-49b0-a76e-81b284e37d18	802c3cfc-dfdb-4ee2-bdbb-b1f546c13ac1	f	2026-04-19 15:37:27.925832+00	\N
28e795e9-582b-4ecc-a8e0-4e5c9ed6d37f	bc4947f4-2334-49b0-a76e-81b284e37d18	ffedc9c5-54d1-4b8c-b3b2-6b14a0f963e0	f	2026-04-19 15:37:27.925832+00	\N
2b6fe512-8930-42a5-ad0d-ffba79f01a5a	bc4947f4-2334-49b0-a76e-81b284e37d18	f17c0452-91c2-4b56-813c-6a3a312295df	f	2026-04-19 15:37:27.92583+00	\N
3e9fb3f0-b11c-41e4-8861-54ed0000ee3b	bc4947f4-2334-49b0-a76e-81b284e37d18	e9a677cd-ac29-49c1-bb1f-ccfb0f911e6c	f	2026-04-19 15:37:27.925829+00	\N
4c781851-c3e1-4c5a-a22f-386a070ea424	bc4947f4-2334-49b0-a76e-81b284e37d18	9d7b54f6-4747-4390-9f9b-4e9c15ae1612	f	2026-04-19 15:37:27.925828+00	\N
56bb3438-9a21-432d-bd2b-e997f6f9c5dc	bc4947f4-2334-49b0-a76e-81b284e37d18	c7154792-3a58-4195-b37a-2f1b66d04b12	f	2026-04-19 15:37:27.925828+00	\N
6f41475a-5d30-47f8-a0f0-b311221873fe	bc4947f4-2334-49b0-a76e-81b284e37d18	9db83243-2013-4468-9da1-4c0f434f752d	f	2026-04-19 15:37:27.925829+00	\N
77cde122-4db2-48c4-a470-cbe7c1f804de	bc4947f4-2334-49b0-a76e-81b284e37d18	f55d509f-5128-4294-a039-02c78537c8df	f	2026-04-19 15:37:27.92583+00	\N
8ccbe24e-7d55-4ba9-b507-ea06522ce7ff	bc4947f4-2334-49b0-a76e-81b284e37d18	97d92ef4-383d-4825-a347-759fd00b8f47	f	2026-04-19 15:37:27.925829+00	\N
9ab57608-babb-4094-95a2-8f4781515c98	bc4947f4-2334-49b0-a76e-81b284e37d18	14f94aaa-82a7-4cf7-b92b-a1ca4b233e3a	f	2026-04-19 15:37:27.925829+00	\N
9da0e8ec-fa63-44fd-9848-f29863e0f2c0	bc4947f4-2334-49b0-a76e-81b284e37d18	1f409868-929a-4d07-b700-a8a1af1a17a3	f	2026-04-19 15:37:27.925831+00	\N
9e251f6f-2703-494a-847d-fee9e0fc432d	bc4947f4-2334-49b0-a76e-81b284e37d18	63f3aa5f-4b47-46ae-bd61-de0892829df7	f	2026-04-19 15:37:27.925832+00	\N
c3bcc93b-b3ab-45de-b42c-5964b103daed	bc4947f4-2334-49b0-a76e-81b284e37d18	d8c4d735-ad1a-4093-8317-325d5227349d	f	2026-04-19 15:37:27.925831+00	\N
d6b9ec07-47b7-4835-8d8a-d60e0846da5f	bc4947f4-2334-49b0-a76e-81b284e37d18	033451c9-0ea1-4dd1-9596-9eba97cfe334	f	2026-04-19 15:37:27.925829+00	\N
dc746a5e-1e2f-4c45-845c-376e4dd1862d	bc4947f4-2334-49b0-a76e-81b284e37d18	3810ab4f-4f2d-4f3b-8f62-fa967156c8ec	f	2026-04-19 15:37:27.925833+00	\N
f4a9774d-fc12-425b-b636-44bd22c43bdd	bc4947f4-2334-49b0-a76e-81b284e37d18	f5a3ef4f-1b29-4b5b-9407-ee3125f29465	f	2026-04-19 15:37:27.925829+00	\N
ffcc064d-447f-4f54-9bc6-b74a5a4e14ab	bc4947f4-2334-49b0-a76e-81b284e37d18	bf4d8cbc-7400-41f5-8624-d733e9298ae6	f	2026-04-19 15:37:27.925829+00	\N
da1089cc-66b5-4a93-b39f-4726a79bb302	5d1fb487-dbac-40c1-89e2-36ac450f3974	\N	t	2026-04-19 15:40:31.2375+00	\N
3e1bffe6-df84-4d83-9027-561f92cbd973	ecf758f2-ec71-4184-bd36-fcce5c77accb	f1864bb3-9b16-4083-9984-b689c8694ecf	f	2026-04-19 15:45:37.08228+00	\N
ad41ad61-2509-4a1f-a7d9-712750ae7837	ecf758f2-ec71-4184-bd36-fcce5c77accb	bd173c51-aad0-47c3-af71-a8861f533737	f	2026-04-19 15:45:37.082279+00	\N
\.


--
-- TOC entry 3956 (class 0 OID 16589)
-- Dependencies: 248
-- Data for Name: courses_base; Type: TABLE DATA; Schema: public; Owner: postgres
--

COPY public.courses_base ("Id", "TeacherId", "CourseName", "Description", "TokenMinuteValue", "Type", "CourseDomainId", "CourseLevelId", "Price", "FirstConsultationFree", "PriceCurrencyId", "Status", "IconImageId", "BannerImageId", "CreatedAt", "UpdatedAt") FROM stdin;
bc4947f4-2334-49b0-a76e-81b284e37d18	c468dcd4-0f76-4822-b1a9-2b292bd87c6d	Matematika - középszinten középiskolásoknak	Érettségi felkészítő középiskolásoknak, akik nehezebben veszik az akadályokat.	50	Tutoring	1cc889d8-0d4d-4eea-8c54-4c184b62c0e0	585baeb9-14d1-48b1-9c80-e184ac85ff29	6000.00	t	019da630-6bad-7725-a48e-9b069b4dcc76	Active	\N	417cbf0b-538a-49b2-be92-994066a71eb6	2026-04-19 15:37:27.762307+00	2026-04-19 15:37:27.980041+00
5d1fb487-dbac-40c1-89e2-36ac450f3974	c468dcd4-0f76-4822-b1a9-2b292bd87c6d	IKT alapok	IKT óra bevezető szint, felkészít a csoportmunka alapjaira.	60	Tutoring	a1619561-eddd-48ae-a99c-891c5538ab22	deb00676-ebda-4794-b4a8-cea5911600f6	3500.00	t	019da630-6bad-7725-a48e-9b069b4dcc76	Active	\N	dde1df47-c239-4528-ba7f-f2d06e448dc7	2026-04-19 15:40:31.229382+00	2026-04-19 15:40:31.364157+00
ecf758f2-ec71-4184-bd36-fcce5c77accb	cba8dab4-e004-4aa5-80c9-ee453c09b27f	Látványos kémia	Megismerkedhettek a kémia látványos oldalával is.	40	Tutoring	1e9c4dab-dfa8-4e9f-aeb9-c126fe58f797	585baeb9-14d1-48b1-9c80-e184ac85ff29	15.00	t	019da630-ebfc-7bad-b10d-d6b9cd0538f2	Active	\N	a16e340f-b673-4484-98cd-79f360c81471	2026-04-19 15:45:37.050929+00	2026-04-19 15:45:37.099315+00
\.


--
-- TOC entry 3957 (class 0 OID 16607)
-- Dependencies: 249
-- Data for Name: courses_to_languages; Type: TABLE DATA; Schema: public; Owner: postgres
--

COPY public.courses_to_languages ("CourseId", "LanguageId") FROM stdin;
bc4947f4-2334-49b0-a76e-81b284e37d18	62bb3f95-63b8-49ae-9921-320100fa41bf
5d1fb487-dbac-40c1-89e2-36ac450f3974	3c33f177-766f-4de0-8923-8ff04f99c127
5d1fb487-dbac-40c1-89e2-36ac450f3974	62bb3f95-63b8-49ae-9921-320100fa41bf
ecf758f2-ec71-4184-bd36-fcce5c77accb	5ffabd2b-a2ad-441c-be46-4193b7f14f59
ecf758f2-ec71-4184-bd36-fcce5c77accb	62bb3f95-63b8-49ae-9921-320100fa41bf
\.


--
-- TOC entry 3958 (class 0 OID 16612)
-- Dependencies: 250
-- Data for Name: courses_to_tags; Type: TABLE DATA; Schema: public; Owner: postgres
--

COPY public.courses_to_tags ("TagId", "CourseId") FROM stdin;
57c468b2-5be7-4a79-b143-917de0b01d8d	bc4947f4-2334-49b0-a76e-81b284e37d18
bf132c35-a475-4606-9791-4b041d0f41ec	bc4947f4-2334-49b0-a76e-81b284e37d18
d789ede9-1a44-4871-832f-651adf1df646	bc4947f4-2334-49b0-a76e-81b284e37d18
e30ea4a1-fcdf-40ab-b592-506f503bfdda	bc4947f4-2334-49b0-a76e-81b284e37d18
50cdf977-65b4-416a-bfba-6f7e6ba7cc70	5d1fb487-dbac-40c1-89e2-36ac450f3974
d789ede9-1a44-4871-832f-651adf1df646	5d1fb487-dbac-40c1-89e2-36ac450f3974
f050e32f-7779-48fe-a525-468b01299ba2	5d1fb487-dbac-40c1-89e2-36ac450f3974
a6800d34-cb58-45c9-88dd-fbcb5d2b5d71	ecf758f2-ec71-4184-bd36-fcce5c77accb
b31842e0-e885-4046-bb34-cc93c45a1f56	ecf758f2-ec71-4184-bd36-fcce5c77accb
d789ede9-1a44-4871-832f-651adf1df646	ecf758f2-ec71-4184-bd36-fcce5c77accb
\.


--
-- TOC entry 3959 (class 0 OID 16617)
-- Dependencies: 251
-- Data for Name: events; Type: TABLE DATA; Schema: public; Owner: postgres
--

COPY public.events ("Id", "OrganiserId", "Type", "StartTime", "EndTime", "CourseBaseId", "TutoringWallId", "PathEnrollmentId", "Title", "Description", "CreatedAt", "UpdatedAt") FROM stdin;
7f885fd6-a1ea-4721-878f-a6011ed5d5a4	cba8dab4-e004-4aa5-80c9-ee453c09b27f	Lesson	2026-04-22 15:00:00+00	2026-04-22 16:00:00+00	ecf758f2-ec71-4184-bd36-fcce5c77accb	b5fa30e5-63fd-48c6-8702-c256b7789620	\N	\N	\N	2026-04-19 15:59:27.821326+00	\N
\.


--
-- TOC entry 3960 (class 0 OID 16630)
-- Dependencies: 252
-- Data for Name: folders; Type: TABLE DATA; Schema: public; Owner: postgres
--

COPY public.folders ("Id", "Name", "ParentFolderId", "OwnerId", "CreatedAt", "UpdatedAt") FROM stdin;
\.


--
-- TOC entry 3961 (class 0 OID 16639)
-- Dependencies: 253
-- Data for Name: hand_in_feedbacks; Type: TABLE DATA; Schema: public; Owner: postgres
--

COPY public.hand_in_feedbacks ("Id", "Text", "Grade", "Points", "SubmissionId", "GraderId", "TeacherId", "CreatedAt", "UpdatedAt") FROM stdin;
\.


--
-- TOC entry 3962 (class 0 OID 16648)
-- Dependencies: 254
-- Data for Name: hand_ins; Type: TABLE DATA; Schema: public; Owner: postgres
--

COPY public.hand_ins ("Id", "Title", "DueDate", "Type", "MaxPoints", "WallId", "CreatedAt", "UpdatedAt") FROM stdin;
8daaade5-76a5-4ba5-87d6-532b24d6d98f	Hélium szétbontása	2026-05-13 14:00:00+00	Link	1	b5fa30e5-63fd-48c6-8702-c256b7789620	2026-04-19 15:53:14.676247+00	\N
\.


--
-- TOC entry 3963 (class 0 OID 16658)
-- Dependencies: 255
-- Data for Name: invoices; Type: TABLE DATA; Schema: public; Owner: postgres
--

COPY public.invoices ("Id", "TokenCount", "WallId", "EnrollmentId", "Status", "PaidPrice", "CurrencyId", "UserId", "CreatedAt", "UpdatedAt", "TeacherId") FROM stdin;
d72a3aa1-b0fd-402b-8a1c-bfc1da6a8b68	5	b5fa30e5-63fd-48c6-8702-c256b7789620	\N	Accepted	75.00	019da630-ebfc-7bad-b10d-d6b9cd0538f2	3506e2a4-cf65-4c49-bb2e-ed2ad28260f5	2026-04-19 15:55:03.009428+00	2026-04-19 15:56:47.031095+00	cba8dab4-e004-4aa5-80c9-ee453c09b27f
a821136e-b3b6-4b41-87e8-914d0d32801a	6	43a25fd1-20c1-485e-998b-4314896685e2	\N	Pending	21000.00	019da630-6bad-7725-a48e-9b069b4dcc76	3a2ab996-cde0-44ab-8643-fc73a63c0be8	2026-04-19 16:03:15.805521+00	\N	c468dcd4-0f76-4822-b1a9-2b292bd87c6d
\.


--
-- TOC entry 3964 (class 0 OID 16673)
-- Dependencies: 256
-- Data for Name: languages; Type: TABLE DATA; Schema: public; Owner: postgres
--

COPY public.languages ("Id", "Name", "CreatedAt", "UpdatedAt") FROM stdin;
62bb3f95-63b8-49ae-9921-320100fa41bf	Magyar	2026-04-19 14:42:32.975014+00	\N
3c33f177-766f-4de0-8923-8ff04f99c127	English	2026-04-19 14:42:40.043437+00	\N
5ffabd2b-a2ad-441c-be46-4193b7f14f59	Deutsche	2026-04-19 14:42:54.468196+00	\N
\.


--
-- TOC entry 3965 (class 0 OID 16679)
-- Dependencies: 257
-- Data for Name: learning_path_units; Type: TABLE DATA; Schema: public; Owner: postgres
--

COPY public.learning_path_units ("Id", "CourseId", "Name", "Description", "CreatedAt", "UpdatedAt") FROM stdin;
\.


--
-- TOC entry 3966 (class 0 OID 16689)
-- Dependencies: 258
-- Data for Name: lessons; Type: TABLE DATA; Schema: public; Owner: postgres
--

COPY public.lessons ("Id", "UnitId", "Title", "Description", "HandInId", "CreatedAt", "UpdatedAt") FROM stdin;
\.


--
-- TOC entry 3967 (class 0 OID 16699)
-- Dependencies: 259
-- Data for Name: lessons_to_contents; Type: TABLE DATA; Schema: public; Owner: postgres
--

COPY public.lessons_to_contents ("LessonId", "ContentId") FROM stdin;
\.


--
-- TOC entry 3968 (class 0 OID 16704)
-- Dependencies: 260
-- Data for Name: notifications; Type: TABLE DATA; Schema: public; Owner: postgres
--

COPY public.notifications ("Id", "RecipientId", "SenderId", "Message", "Type", "ReferenceId", "ReferenceText", "IsRead", "ReadAt", "CreatedAt", "UpdatedAt") FROM stdin;
3876294a-f755-4500-ba39-f809b53b5181	cba8dab4-e004-4aa5-80c9-ee453c09b27f	de8fd83c-b12b-4293-8e97-8db15db104ff	\N	PendingEnrollment	ecf758f2-ec71-4184-bd36-fcce5c77accb	Látványos kémia	f	\N	2026-04-19 15:49:25.176414+00	\N
f99b70a9-5348-4144-a229-07da63314d86	c468dcd4-0f76-4822-b1a9-2b292bd87c6d	3a2ab996-cde0-44ab-8643-fc73a63c0be8	\N	PendingEnrollment	5d1fb487-dbac-40c1-89e2-36ac450f3974	IKT alapok	t	2026-04-19 15:50:27.991644+00	2026-04-19 15:48:58.50412+00	\N
8f2f4514-09b8-43b5-8888-e3cc380c942d	c468dcd4-0f76-4822-b1a9-2b292bd87c6d	3a2ab996-cde0-44ab-8643-fc73a63c0be8	\N	PendingEnrollment	bc4947f4-2334-49b0-a76e-81b284e37d18	Matematika - középszinten középiskolásoknak	t	2026-04-19 15:50:27.991644+00	2026-04-19 15:49:06.788746+00	\N
90bf0628-4224-4fba-8270-36bf3e99039f	c468dcd4-0f76-4822-b1a9-2b292bd87c6d	3506e2a4-cf65-4c49-bb2e-ed2ad28260f5	\N	PendingEnrollment	bc4947f4-2334-49b0-a76e-81b284e37d18	Matematika - középszinten középiskolásoknak	t	2026-04-19 15:50:49.127979+00	2026-04-19 15:49:39.223046+00	\N
9b2ca262-9f2d-40e0-b3ea-23c68ef5fe1a	cba8dab4-e004-4aa5-80c9-ee453c09b27f	3506e2a4-cf65-4c49-bb2e-ed2ad28260f5	\N	PendingEnrollment	ecf758f2-ec71-4184-bd36-fcce5c77accb	Látványos kémia	t	2026-04-19 15:51:18.182055+00	2026-04-19 15:49:41.926373+00	\N
d92dee4a-a5e7-49c9-97a1-9da834345a4b	cba8dab4-e004-4aa5-80c9-ee453c09b27f	3506e2a4-cf65-4c49-bb2e-ed2ad28260f5	\N	WallPost	b5fa30e5-63fd-48c6-8702-c256b7789620	Látványos kémia	f	\N	2026-04-19 15:55:25.916486+00	\N
e9d0d4a1-d336-4706-aca3-0b4d954857d2	3506e2a4-cf65-4c49-bb2e-ed2ad28260f5	cba8dab4-e004-4aa5-80c9-ee453c09b27f	\N	EnrollmentAcceptance	b5fa30e5-63fd-48c6-8702-c256b7789620	Látványos kémia	t	2026-04-19 15:55:32.12114+00	2026-04-19 15:51:18.18443+00	\N
b0db37ae-cda0-4972-9f46-5cd7d6643dcf	3506e2a4-cf65-4c49-bb2e-ed2ad28260f5	cba8dab4-e004-4aa5-80c9-ee453c09b27f	\N	WallPost	b5fa30e5-63fd-48c6-8702-c256b7789620	Látványos kémia	t	2026-04-19 15:55:32.12114+00	2026-04-19 15:52:15.861334+00	\N
da6adb4a-e205-42ea-bc77-0e8944b081d2	3506e2a4-cf65-4c49-bb2e-ed2ad28260f5	cba8dab4-e004-4aa5-80c9-ee453c09b27f	\N	WallPost	b5fa30e5-63fd-48c6-8702-c256b7789620	Látványos kémia	t	2026-04-19 15:55:32.12114+00	2026-04-19 15:53:14.676247+00	\N
ee25890e-5715-4d7b-961f-c251dd58174c	cba8dab4-e004-4aa5-80c9-ee453c09b27f	3506e2a4-cf65-4c49-bb2e-ed2ad28260f5	Kedves Tanár Úr!	Message	7dfbc45a-cc9c-4e0a-998f-c00700485611	Kovács Lilla	f	\N	2026-04-19 15:55:59.803003+00	\N
4d8481b7-c1e0-4073-9c1f-ecf8992b7d6a	cba8dab4-e004-4aa5-80c9-ee453c09b27f	3506e2a4-cf65-4c49-bb2e-ed2ad28260f5	Sajnos nem tudok menni a holnapi órára	Message	7dfbc45a-cc9c-4e0a-998f-c00700485611	Kovács Lilla	f	\N	2026-04-19 15:56:11.244583+00	\N
c5a72485-526f-47e1-85c6-86951604a7a9	cba8dab4-e004-4aa5-80c9-ee453c09b27f	3506e2a4-cf65-4c49-bb2e-ed2ad28260f5	\N	PendingInvoice	d72a3aa1-b0fd-402b-8a1c-bfc1da6a8b68	Kovács Lilla	t	2026-04-19 15:56:47.029626+00	2026-04-19 15:55:03.009428+00	\N
5e986c91-41f1-44eb-97cb-429d260e9381	cba8dab4-e004-4aa5-80c9-ee453c09b27f	3506e2a4-cf65-4c49-bb2e-ed2ad28260f5	\N	NewLesson	b5fa30e5-63fd-48c6-8702-c256b7789620	Kovács Lilla	f	\N	2026-04-19 15:59:27.821327+00	\N
c7077aa7-798c-45b7-b545-9085de348230	3506e2a4-cf65-4c49-bb2e-ed2ad28260f5	cba8dab4-e004-4aa5-80c9-ee453c09b27f	\N	PaymentAcceptance	b5fa30e5-63fd-48c6-8702-c256b7789620	Látványos kémia	t	2026-04-19 16:02:14.504843+00	2026-04-19 15:56:47.031095+00	\N
fda98def-34ec-4a47-a624-99b236e33ef9	c468dcd4-0f76-4822-b1a9-2b292bd87c6d	3a2ab996-cde0-44ab-8643-fc73a63c0be8	\N	PendingInvoice	a821136e-b3b6-4b41-87e8-914d0d32801a	Lázár Ádám	f	\N	2026-04-19 16:03:15.805522+00	\N
41105b9c-629b-42ad-88b4-8706473f13c2	3a2ab996-cde0-44ab-8643-fc73a63c0be8	c468dcd4-0f76-4822-b1a9-2b292bd87c6d	\N	EnrollmentAcceptance	d981062a-7be1-4598-be9f-7da9632290d4	Matematika - középszinten középiskolásoknak	t	2026-04-19 16:05:17.45404+00	2026-04-19 15:50:14.972968+00	\N
e8e954be-1c45-460d-9814-b1b486f20f79	3a2ab996-cde0-44ab-8643-fc73a63c0be8	c468dcd4-0f76-4822-b1a9-2b292bd87c6d	\N	EnrollmentAcceptance	43a25fd1-20c1-485e-998b-4314896685e2	IKT alapok	t	2026-04-19 16:05:17.45404+00	2026-04-19 15:50:27.995798+00	\N
a6aa65e2-b2e0-4efe-b5de-d1d0f26b47f8	3a2ab996-cde0-44ab-8643-fc73a63c0be8	c468dcd4-0f76-4822-b1a9-2b292bd87c6d	Üdv Ádám!	Message	1131675e-dfdb-48af-8ad6-410a0d1402d1	Dr. Kovács János	t	2026-04-19 16:05:17.45404+00	2026-04-19 15:50:45.179448+00	\N
\.


--
-- TOC entry 3969 (class 0 OID 16715)
-- Dependencies: 261
-- Data for Name: path_enrollments; Type: TABLE DATA; Schema: public; Owner: postgres
--

COPY public.path_enrollments ("Id", "CourseId", "AttendantId", "LastLessonId", "Status", "TokenCount", "CreatedAt", "UpdatedAt") FROM stdin;
\.


--
-- TOC entry 3970 (class 0 OID 16726)
-- Dependencies: 262
-- Data for Name: physical_files; Type: TABLE DATA; Schema: public; Owner: postgres
--

COPY public.physical_files ("Id", "StoragePath", "FileName", "MimeType", "Size", "CreatedAt", "UpdatedAt", "OwnerId") FROM stdin;
b68e4de4-2f59-4240-ab85-c63b80ed873b	profile_pictures/2e493113-c538-4e64-9937-3b7bad0d99df.jpg	150 (6).jpg	image/jpeg	4640	2026-04-19 15:25:24.386328+00	\N	5555eb8a-adf1-4e71-ac63-32ea4d361b4d
f3460f66-84bd-49a0-8b77-2f03fb1a001a	profile_pictures/7a502812-a9a5-4e57-8bd4-8e785d4a85f4.jpg	150 (5).jpg	image/jpeg	5370	2026-04-19 15:26:38.625766+00	\N	cba8dab4-e004-4aa5-80c9-ee453c09b27f
0c70f7ab-d735-46c0-99ff-fa56cde7ba78	profile_pictures/03e4db8c-6abc-43d4-8ccc-3b0265d46214.png	avataaars.png	image/png	43729	2026-04-19 15:27:42.232055+00	\N	3a2ab996-cde0-44ab-8643-fc73a63c0be8
8a5a4c4d-cf79-46c0-aaa1-5e5e8521cc17	profile_pictures/fcca92f2-9b60-4180-8ec9-9c4f787ba393.png	avataaars (1).png	image/png	37789	2026-04-19 15:28:48.274204+00	\N	de8fd83c-b12b-4293-8e97-8db15db104ff
f9347be8-8335-41ab-964e-82fe0f5ef98d	profile_pictures/052a6808-fc6f-4e75-a06b-195dada3cec8.png	avataaars (2).png	image/png	47033	2026-04-19 15:29:44.708593+00	\N	3506e2a4-cf65-4c49-bb2e-ed2ad28260f5
5ac42f40-1f49-4111-b310-7cc76cd2511d	profile_pictures/ffd0f760-c3c7-450f-8c49-5142a9ead53f.jpg	150 (2).jpg	image/jpeg	5877	2026-04-19 15:34:36.648536+00	\N	c468dcd4-0f76-4822-b1a9-2b292bd87c6d
417cbf0b-538a-49b2-be92-994066a71eb6	course_banner_pictures/d7389b13-212f-4b6a-bfe7-a4d2c0e92027.jpg	360_F_508103535_BvW4uJs6MKlAVrRPSwGJ1Y36t5pw0EvD.jpg	image/jpeg	80975	2026-04-19 15:37:27.975805+00	\N	c468dcd4-0f76-4822-b1a9-2b292bd87c6d
dde1df47-c239-4528-ba7f-f2d06e448dc7	course_banner_pictures/efc87224-3536-42fd-899d-a1d478d2d05e.jpg	360_F_554468927_iwU3VYIjsaeopAb0WPYxVf21TloEhTEj.jpg	image/jpeg	81538	2026-04-19 15:40:31.301886+00	\N	c468dcd4-0f76-4822-b1a9-2b292bd87c6d
a16e340f-b673-4484-98cd-79f360c81471	course_banner_pictures/7f9f8548-cd00-47f4-bdf4-35b6a95bd94d.jpg	images.jpg	image/jpeg	8106	2026-04-19 15:45:37.097375+00	\N	cba8dab4-e004-4aa5-80c9-ee453c09b27f
\.


--
-- TOC entry 3971 (class 0 OID 16739)
-- Dependencies: 263
-- Data for Name: qualifications; Type: TABLE DATA; Schema: public; Owner: postgres
--

COPY public.qualifications ("Id", "TeacherId", "FileId", "Approved", "QualificationType", "CreatedAt", "UpdatedAt") FROM stdin;
\.


--
-- TOC entry 3972 (class 0 OID 16750)
-- Dependencies: 264
-- Data for Name: students; Type: TABLE DATA; Schema: public; Owner: postgres
--

COPY public.students ("UserId") FROM stdin;
3a2ab996-cde0-44ab-8643-fc73a63c0be8
de8fd83c-b12b-4293-8e97-8db15db104ff
3506e2a4-cf65-4c49-bb2e-ed2ad28260f5
\.


--
-- TOC entry 3973 (class 0 OID 16756)
-- Dependencies: 265
-- Data for Name: submission_attachments; Type: TABLE DATA; Schema: public; Owner: postgres
--

COPY public.submission_attachments ("Id", "SubmissionId", "ContentId", "CreatedAt", "UpdatedAt") FROM stdin;
\.


--
-- TOC entry 3974 (class 0 OID 16763)
-- Dependencies: 266
-- Data for Name: submissions; Type: TABLE DATA; Schema: public; Owner: postgres
--

COPY public.submissions ("Id", "Text", "HandInId", "SubmitterId", "TeacherId", "CreatedAt", "UpdatedAt") FROM stdin;
\.


--
-- TOC entry 3975 (class 0 OID 16772)
-- Dependencies: 267
-- Data for Name: teacher_timeblocks; Type: TABLE DATA; Schema: public; Owner: postgres
--

COPY public.teacher_timeblocks ("Id", "TeacherId", "Start", "End", "CreatedAt", "UpdatedAt") FROM stdin;
33ab4b8b-309b-4022-9578-23d3b370749c	c468dcd4-0f76-4822-b1a9-2b292bd87c6d	2026-05-02 09:00:00+00	2026-05-02 19:00:00+00	2026-04-19 15:41:48.654676+00	\N
72c7001a-cd9e-4c18-8e07-521681061cdc	c468dcd4-0f76-4822-b1a9-2b292bd87c6d	2026-05-03 14:00:00+00	2026-05-03 16:00:00+00	2026-04-19 15:41:48.654676+00	\N
9dfbb6a2-850d-4627-8586-d7e763923f51	c468dcd4-0f76-4822-b1a9-2b292bd87c6d	2026-04-30 10:00:00+00	2026-04-30 18:00:00+00	2026-04-19 15:41:48.654676+00	\N
c5fb46e6-51d0-42ed-b734-0056de93f8e5	c468dcd4-0f76-4822-b1a9-2b292bd87c6d	2026-04-29 16:00:00+00	2026-04-29 18:00:00+00	2026-04-19 15:41:48.654676+00	\N
e87f261d-d2ad-4455-ae5f-379c75290cd3	c468dcd4-0f76-4822-b1a9-2b292bd87c6d	2026-05-03 09:00:00+00	2026-05-03 10:00:00+00	2026-04-19 15:41:48.654676+00	\N
01783097-52ab-4117-96e8-3c7c5abae2e9	c468dcd4-0f76-4822-b1a9-2b292bd87c6d	2026-04-24 20:00:00+00	2026-04-24 22:00:00+00	2026-04-19 15:42:45.268541+00	\N
0674802d-7fc1-450a-8d24-3e12ea8760e6	c468dcd4-0f76-4822-b1a9-2b292bd87c6d	2026-04-23 09:00:00+00	2026-04-23 10:00:00+00	2026-04-19 15:42:45.26854+00	\N
2743a07e-5c2d-46a3-8115-941fd0a21673	c468dcd4-0f76-4822-b1a9-2b292bd87c6d	2026-04-25 08:00:00+00	2026-04-25 20:00:00+00	2026-04-19 15:42:45.268541+00	\N
61cbcf57-9405-42dd-94c6-5df200c10545	c468dcd4-0f76-4822-b1a9-2b292bd87c6d	2026-04-24 15:00:00+00	2026-04-24 16:00:00+00	2026-04-19 15:42:45.268541+00	\N
983d96fc-d412-4370-8375-af890aacaa02	c468dcd4-0f76-4822-b1a9-2b292bd87c6d	2026-04-21 11:00:00+00	2026-04-21 13:00:00+00	2026-04-19 15:42:45.26854+00	\N
aca41afe-c8f7-49dd-9557-33003037bb53	c468dcd4-0f76-4822-b1a9-2b292bd87c6d	2026-04-24 09:00:00+00	2026-04-24 14:00:00+00	2026-04-19 15:42:45.26854+00	\N
20a678f4-eba5-4df8-81a3-c607071a96fd	cba8dab4-e004-4aa5-80c9-ee453c09b27f	2026-04-21 09:00:00+00	2026-04-21 18:00:00+00	2026-04-19 15:46:23.965224+00	\N
4d1337ea-39a6-4b56-bd0c-377ac3a20454	cba8dab4-e004-4aa5-80c9-ee453c09b27f	2026-04-24 06:00:00+00	2026-04-24 16:00:00+00	2026-04-19 15:46:23.965225+00	\N
70b408db-3795-43a5-91c1-50937df7a239	cba8dab4-e004-4aa5-80c9-ee453c09b27f	2026-04-23 05:00:00+00	2026-04-23 08:00:00+00	2026-04-19 15:46:23.965224+00	\N
721830b5-08fc-4ff8-80cd-39ad1767102e	cba8dab4-e004-4aa5-80c9-ee453c09b27f	2026-04-23 10:00:00+00	2026-04-23 12:00:00+00	2026-04-19 15:46:23.965225+00	\N
79a96727-ba0b-41ae-b5de-62de813fe593	cba8dab4-e004-4aa5-80c9-ee453c09b27f	2026-04-22 09:00:00+00	2026-04-22 10:00:00+00	2026-04-19 15:46:23.965224+00	\N
8aa424b5-3100-46b6-9d91-55b2085f5258	cba8dab4-e004-4aa5-80c9-ee453c09b27f	2026-04-23 14:00:00+00	2026-04-23 18:00:00+00	2026-04-19 15:46:23.965225+00	\N
da32ce09-6472-419c-8f48-0d29f9a0768f	cba8dab4-e004-4aa5-80c9-ee453c09b27f	2026-04-22 12:00:00+00	2026-04-22 16:00:00+00	2026-04-19 15:46:23.965224+00	\N
409f9f84-0e88-40c7-b535-2a7ea66cd33b	cba8dab4-e004-4aa5-80c9-ee453c09b27f	2026-04-28 09:00:00+00	2026-04-28 14:00:00+00	2026-04-19 15:46:41.63415+00	\N
6c546474-0206-4b72-9f7d-840fdf0cf982	cba8dab4-e004-4aa5-80c9-ee453c09b27f	2026-05-02 09:00:00+00	2026-05-02 10:00:00+00	2026-04-19 15:46:41.63415+00	\N
6c8fa9dc-527c-4955-8be6-39bb6752ca7a	cba8dab4-e004-4aa5-80c9-ee453c09b27f	2026-05-02 12:00:00+00	2026-05-02 18:00:00+00	2026-04-19 15:46:41.63415+00	\N
b3263a20-7cfa-4b66-8a2a-4b7bf985c926	cba8dab4-e004-4aa5-80c9-ee453c09b27f	2026-04-29 12:00:00+00	2026-04-29 16:00:00+00	2026-04-19 15:46:41.63415+00	\N
12e94121-8009-4a52-9c3e-65c9290f0c00	cba8dab4-e004-4aa5-80c9-ee453c09b27f	2026-05-16 09:00:00+00	2026-05-16 15:00:00+00	2026-04-19 15:47:33.557871+00	\N
1656a2e3-94aa-4782-8190-9df83d3603ab	cba8dab4-e004-4aa5-80c9-ee453c09b27f	2026-05-15 19:00:00+00	2026-05-15 22:00:00+00	2026-04-19 15:47:33.557871+00	\N
35fd50d0-edfd-43e1-aadc-a1bd93430ccb	cba8dab4-e004-4aa5-80c9-ee453c09b27f	2026-05-12 09:00:00+00	2026-05-12 10:00:00+00	2026-04-19 15:47:33.557871+00	\N
68873a58-b0fd-4436-8a4d-251c27a9dde8	cba8dab4-e004-4aa5-80c9-ee453c09b27f	2026-05-15 15:00:00+00	2026-05-15 18:00:00+00	2026-04-19 15:47:33.557871+00	\N
a6cb6f8a-5de6-4f58-b891-3fba71c4e44b	cba8dab4-e004-4aa5-80c9-ee453c09b27f	2026-05-14 14:00:00+00	2026-05-14 20:00:00+00	2026-04-19 15:47:33.557871+00	\N
\.


--
-- TOC entry 3976 (class 0 OID 16782)
-- Dependencies: 268
-- Data for Name: teachers; Type: TABLE DATA; Schema: public; Owner: postgres
--

COPY public.teachers ("TeacherId") FROM stdin;
c468dcd4-0f76-4822-b1a9-2b292bd87c6d
5555eb8a-adf1-4e71-ac63-32ea4d361b4d
cba8dab4-e004-4aa5-80c9-ee453c09b27f
\.


--
-- TOC entry 3977 (class 0 OID 16788)
-- Dependencies: 269
-- Data for Name: test_module_answers; Type: TABLE DATA; Schema: public; Owner: postgres
--

COPY public.test_module_answers ("Id", "ModuleId", "Text", "IsCorrect", "CreatedAt", "UpdatedAt") FROM stdin;
\.


--
-- TOC entry 3978 (class 0 OID 16796)
-- Dependencies: 270
-- Data for Name: test_modules; Type: TABLE DATA; Schema: public; Owner: postgres
--

COPY public.test_modules ("Id", "TestId", "Type", "Task", "Description", "MaxPoints", "CreatedAt", "UpdatedAt") FROM stdin;
\.


--
-- TOC entry 3979 (class 0 OID 16807)
-- Dependencies: 271
-- Data for Name: tests; Type: TABLE DATA; Schema: public; Owner: postgres
--

COPY public.tests ("Id", "MaxTime", "CreatedAt", "UpdatedAt") FROM stdin;
\.


--
-- TOC entry 3980 (class 0 OID 16812)
-- Dependencies: 272
-- Data for Name: token_transactions; Type: TABLE DATA; Schema: public; Owner: postgres
--

COPY public.token_transactions ("Id", "TokenCount", "WallId", "EnrollmentId", "InvoiceId", "Type", "CreatedAt", "UpdatedAt") FROM stdin;
3e603e25-f898-4aa4-ad9a-92d62f4371a5	5	b5fa30e5-63fd-48c6-8702-c256b7789620	\N	d72a3aa1-b0fd-402b-8a1c-bfc1da6a8b68	Purchase	2026-04-19 15:56:47.01764+00	\N
b04c8f66-d818-44a2-97dd-78734ea68fd6	2	b5fa30e5-63fd-48c6-8702-c256b7789620	\N	\N	LessonSpent	2026-04-19 15:59:27.798464+00	\N
\.


--
-- TOC entry 3981 (class 0 OID 16820)
-- Dependencies: 273
-- Data for Name: tutoring_wall_post_attachments; Type: TABLE DATA; Schema: public; Owner: postgres
--

COPY public.tutoring_wall_post_attachments ("WallPostId", "ContentId") FROM stdin;
\.


--
-- TOC entry 3982 (class 0 OID 16825)
-- Dependencies: 274
-- Data for Name: tutoring_wall_posts; Type: TABLE DATA; Schema: public; Owner: postgres
--

COPY public.tutoring_wall_posts ("Id", "WallId", "Text", "HandInId", "CreatedAt", "UpdatedAt") FROM stdin;
f6fdc5cf-ee3e-47c3-989f-8b5b2c44e274	b5fa30e5-63fd-48c6-8702-c256b7789620	Előkészületek: vegyél füzetet, tollat, és legyen négyjegyű függvénytáblázatod	\N	2026-04-19 15:52:15.861334+00	\N
9a0b5bc2-c116-41e0-8b00-5ec5e4206ec2	b5fa30e5-63fd-48c6-8702-c256b7789620	Rajzoljátok le a hélium szétbontásának folyamatát, és küldjétek be!	8daaade5-76a5-4ba5-87d6-532b24d6d98f	2026-04-19 15:53:14.676247+00	\N
\.


--
-- TOC entry 3983 (class 0 OID 16833)
-- Dependencies: 275
-- Data for Name: tutoring_walls; Type: TABLE DATA; Schema: public; Owner: postgres
--

COPY public.tutoring_walls ("Id", "StudentId", "TeacherId", "CourseId", "Status", "TokenCount", "CreatedAt", "UpdatedAt") FROM stdin;
c7dad67d-8798-4cc3-9b68-165c862b07e0	de8fd83c-b12b-4293-8e97-8db15db104ff	cba8dab4-e004-4aa5-80c9-ee453c09b27f	ecf758f2-ec71-4184-bd36-fcce5c77accb	Pending	1	2026-04-19 15:49:25.176413+00	\N
086fd165-2a30-46a8-9d9a-437344d75b2a	3506e2a4-cf65-4c49-bb2e-ed2ad28260f5	c468dcd4-0f76-4822-b1a9-2b292bd87c6d	bc4947f4-2334-49b0-a76e-81b284e37d18	Pending	1	2026-04-19 15:49:39.223046+00	\N
d981062a-7be1-4598-be9f-7da9632290d4	3a2ab996-cde0-44ab-8643-fc73a63c0be8	c468dcd4-0f76-4822-b1a9-2b292bd87c6d	bc4947f4-2334-49b0-a76e-81b284e37d18	Active	1	2026-04-19 15:49:06.788746+00	2026-04-19 15:50:14.972969+00
43a25fd1-20c1-485e-998b-4314896685e2	3a2ab996-cde0-44ab-8643-fc73a63c0be8	c468dcd4-0f76-4822-b1a9-2b292bd87c6d	5d1fb487-dbac-40c1-89e2-36ac450f3974	Active	1	2026-04-19 15:48:58.50412+00	2026-04-19 15:50:27.995798+00
b5fa30e5-63fd-48c6-8702-c256b7789620	3506e2a4-cf65-4c49-bb2e-ed2ad28260f5	cba8dab4-e004-4aa5-80c9-ee453c09b27f	ecf758f2-ec71-4184-bd36-fcce5c77accb	Active	4	2026-04-19 15:49:41.926373+00	2026-04-19 15:59:27.798464+00
\.


--
-- TOC entry 3984 (class 0 OID 16845)
-- Dependencies: 276
-- Data for Name: wall_post_comments; Type: TABLE DATA; Schema: public; Owner: postgres
--

COPY public.wall_post_comments ("Id", "SenderId", "WallId", "PostId", "Text", "CreatedAt", "UpdatedAt") FROM stdin;
fb4ed08f-4baa-4083-880b-5a4198f96858	3506e2a4-cf65-4c49-bb2e-ed2ad28260f5	b5fa30e5-63fd-48c6-8702-c256b7789620	f6fdc5cf-ee3e-47c3-989f-8b5b2c44e274	Milyen évjáratú függvénytábla kell?	2026-04-19 15:55:25.916486+00	\N
\.


--
-- TOC entry 3990 (class 0 OID 0)
-- Dependencies: 220
-- Name: AspNetRoleClaims_Id_seq; Type: SEQUENCE SET; Schema: public; Owner: postgres
--

SELECT pg_catalog.setval('public."AspNetRoleClaims_Id_seq"', 1, false);


--
-- TOC entry 3991 (class 0 OID 0)
-- Dependencies: 223
-- Name: AspNetUserClaims_Id_seq; Type: SEQUENCE SET; Schema: public; Owner: postgres
--

SELECT pg_catalog.setval('public."AspNetUserClaims_Id_seq"', 1, false);


--
-- TOC entry 3992 (class 0 OID 0)
-- Dependencies: 231
-- Name: PreferenceGroups_Id_seq; Type: SEQUENCE SET; Schema: public; Owner: postgres
--

SELECT pg_catalog.setval('public."PreferenceGroups_Id_seq"', 1, false);


--
-- TOC entry 3993 (class 0 OID 0)
-- Dependencies: 233
-- Name: Preferences_Id_seq; Type: SEQUENCE SET; Schema: public; Owner: postgres
--

SELECT pg_catalog.setval('public."Preferences_Id_seq"', 1, false);


--
-- TOC entry 3994 (class 0 OID 0)
-- Dependencies: 235
-- Name: RefreshTokens_Id_seq; Type: SEQUENCE SET; Schema: public; Owner: postgres
--

SELECT pg_catalog.setval('public."RefreshTokens_Id_seq"', 14, true);


--
-- TOC entry 3507 (class 2606 OID 16857)
-- Name: AspNetRoleClaims PK_AspNetRoleClaims; Type: CONSTRAINT; Schema: public; Owner: postgres
--

ALTER TABLE ONLY public."AspNetRoleClaims"
    ADD CONSTRAINT "PK_AspNetRoleClaims" PRIMARY KEY ("Id");


--
-- TOC entry 3509 (class 2606 OID 16859)
-- Name: AspNetRoles PK_AspNetRoles; Type: CONSTRAINT; Schema: public; Owner: postgres
--

ALTER TABLE ONLY public."AspNetRoles"
    ADD CONSTRAINT "PK_AspNetRoles" PRIMARY KEY ("Id");


--
-- TOC entry 3513 (class 2606 OID 16861)
-- Name: AspNetUserClaims PK_AspNetUserClaims; Type: CONSTRAINT; Schema: public; Owner: postgres
--

ALTER TABLE ONLY public."AspNetUserClaims"
    ADD CONSTRAINT "PK_AspNetUserClaims" PRIMARY KEY ("Id");


--
-- TOC entry 3516 (class 2606 OID 16863)
-- Name: AspNetUserLogins PK_AspNetUserLogins; Type: CONSTRAINT; Schema: public; Owner: postgres
--

ALTER TABLE ONLY public."AspNetUserLogins"
    ADD CONSTRAINT "PK_AspNetUserLogins" PRIMARY KEY ("LoginProvider", "ProviderKey");


--
-- TOC entry 3519 (class 2606 OID 16865)
-- Name: AspNetUserRoles PK_AspNetUserRoles; Type: CONSTRAINT; Schema: public; Owner: postgres
--

ALTER TABLE ONLY public."AspNetUserRoles"
    ADD CONSTRAINT "PK_AspNetUserRoles" PRIMARY KEY ("UserId", "RoleId");


--
-- TOC entry 3521 (class 2606 OID 16867)
-- Name: AspNetUserTokens PK_AspNetUserTokens; Type: CONSTRAINT; Schema: public; Owner: postgres
--

ALTER TABLE ONLY public."AspNetUserTokens"
    ADD CONSTRAINT "PK_AspNetUserTokens" PRIMARY KEY ("UserId", "LoginProvider", "Name");


--
-- TOC entry 3525 (class 2606 OID 16869)
-- Name: AspNetUsers PK_AspNetUsers; Type: CONSTRAINT; Schema: public; Owner: postgres
--

ALTER TABLE ONLY public."AspNetUsers"
    ADD CONSTRAINT "PK_AspNetUsers" PRIMARY KEY ("Id");


--
-- TOC entry 3529 (class 2606 OID 16871)
-- Name: Cities PK_Cities; Type: CONSTRAINT; Schema: public; Owner: postgres
--

ALTER TABLE ONLY public."Cities"
    ADD CONSTRAINT "PK_Cities" PRIMARY KEY ("Id");


--
-- TOC entry 3531 (class 2606 OID 16873)
-- Name: Currencies PK_Currencies; Type: CONSTRAINT; Schema: public; Owner: postgres
--

ALTER TABLE ONLY public."Currencies"
    ADD CONSTRAINT "PK_Currencies" PRIMARY KEY ("Id");


--
-- TOC entry 3533 (class 2606 OID 16875)
-- Name: PreferenceGroups PK_PreferenceGroups; Type: CONSTRAINT; Schema: public; Owner: postgres
--

ALTER TABLE ONLY public."PreferenceGroups"
    ADD CONSTRAINT "PK_PreferenceGroups" PRIMARY KEY ("Id");


--
-- TOC entry 3536 (class 2606 OID 16877)
-- Name: Preferences PK_Preferences; Type: CONSTRAINT; Schema: public; Owner: postgres
--

ALTER TABLE ONLY public."Preferences"
    ADD CONSTRAINT "PK_Preferences" PRIMARY KEY ("Id");


--
-- TOC entry 3540 (class 2606 OID 16879)
-- Name: RefreshTokens PK_RefreshTokens; Type: CONSTRAINT; Schema: public; Owner: postgres
--

ALTER TABLE ONLY public."RefreshTokens"
    ADD CONSTRAINT "PK_RefreshTokens" PRIMARY KEY ("Id");


--
-- TOC entry 3543 (class 2606 OID 16881)
-- Name: UserPreferences PK_UserPreferences; Type: CONSTRAINT; Schema: public; Owner: postgres
--

ALTER TABLE ONLY public."UserPreferences"
    ADD CONSTRAINT "PK_UserPreferences" PRIMARY KEY ("UserId", "PreferenceId");


--
-- TOC entry 3545 (class 2606 OID 16883)
-- Name: __EFMigrationsHistory PK___EFMigrationsHistory; Type: CONSTRAINT; Schema: public; Owner: postgres
--

ALTER TABLE ONLY public."__EFMigrationsHistory"
    ADD CONSTRAINT "PK___EFMigrationsHistory" PRIMARY KEY ("MigrationId");


--
-- TOC entry 3549 (class 2606 OID 16885)
-- Name: chat_messages PK_chat_messages; Type: CONSTRAINT; Schema: public; Owner: postgres
--

ALTER TABLE ONLY public.chat_messages
    ADD CONSTRAINT "PK_chat_messages" PRIMARY KEY ("Id");


--
-- TOC entry 3553 (class 2606 OID 16887)
-- Name: chat_rooms PK_chat_rooms; Type: CONSTRAINT; Schema: public; Owner: postgres
--

ALTER TABLE ONLY public.chat_rooms
    ADD CONSTRAINT "PK_chat_rooms" PRIMARY KEY ("Id");


--
-- TOC entry 3556 (class 2606 OID 16889)
-- Name: community_messages PK_community_messages; Type: CONSTRAINT; Schema: public; Owner: postgres
--

ALTER TABLE ONLY public.community_messages
    ADD CONSTRAINT "PK_community_messages" PRIMARY KEY ("Id");


--
-- TOC entry 3560 (class 2606 OID 16891)
-- Name: community_threads PK_community_threads; Type: CONSTRAINT; Schema: public; Owner: postgres
--

ALTER TABLE ONLY public.community_threads
    ADD CONSTRAINT "PK_community_threads" PRIMARY KEY ("Id");


--
-- TOC entry 3565 (class 2606 OID 16893)
-- Name: content_items PK_content_items; Type: CONSTRAINT; Schema: public; Owner: postgres
--

ALTER TABLE ONLY public.content_items
    ADD CONSTRAINT "PK_content_items" PRIMARY KEY ("Id");


--
-- TOC entry 3568 (class 2606 OID 16895)
-- Name: course_domains PK_course_domains; Type: CONSTRAINT; Schema: public; Owner: postgres
--

ALTER TABLE ONLY public.course_domains
    ADD CONSTRAINT "PK_course_domains" PRIMARY KEY ("Id");


--
-- TOC entry 3574 (class 2606 OID 16897)
-- Name: course_feedbacks PK_course_feedbacks; Type: CONSTRAINT; Schema: public; Owner: postgres
--

ALTER TABLE ONLY public.course_feedbacks
    ADD CONSTRAINT "PK_course_feedbacks" PRIMARY KEY ("Id");


--
-- TOC entry 3577 (class 2606 OID 16899)
-- Name: course_levels PK_course_levels; Type: CONSTRAINT; Schema: public; Owner: postgres
--

ALTER TABLE ONLY public.course_levels
    ADD CONSTRAINT "PK_course_levels" PRIMARY KEY ("Id");


--
-- TOC entry 3580 (class 2606 OID 16901)
-- Name: course_tags PK_course_tags; Type: CONSTRAINT; Schema: public; Owner: postgres
--

ALTER TABLE ONLY public.course_tags
    ADD CONSTRAINT "PK_course_tags" PRIMARY KEY ("Id");


--
-- TOC entry 3584 (class 2606 OID 16903)
-- Name: course_to_places PK_course_to_places; Type: CONSTRAINT; Schema: public; Owner: postgres
--

ALTER TABLE ONLY public.course_to_places
    ADD CONSTRAINT "PK_course_to_places" PRIMARY KEY ("Id");


--
-- TOC entry 3592 (class 2606 OID 16905)
-- Name: courses_base PK_courses_base; Type: CONSTRAINT; Schema: public; Owner: postgres
--

ALTER TABLE ONLY public.courses_base
    ADD CONSTRAINT "PK_courses_base" PRIMARY KEY ("Id");


--
-- TOC entry 3595 (class 2606 OID 16907)
-- Name: courses_to_languages PK_courses_to_languages; Type: CONSTRAINT; Schema: public; Owner: postgres
--

ALTER TABLE ONLY public.courses_to_languages
    ADD CONSTRAINT "PK_courses_to_languages" PRIMARY KEY ("CourseId", "LanguageId");


--
-- TOC entry 3598 (class 2606 OID 16909)
-- Name: courses_to_tags PK_courses_to_tags; Type: CONSTRAINT; Schema: public; Owner: postgres
--

ALTER TABLE ONLY public.courses_to_tags
    ADD CONSTRAINT "PK_courses_to_tags" PRIMARY KEY ("CourseId", "TagId");


--
-- TOC entry 3605 (class 2606 OID 16911)
-- Name: events PK_events; Type: CONSTRAINT; Schema: public; Owner: postgres
--

ALTER TABLE ONLY public.events
    ADD CONSTRAINT "PK_events" PRIMARY KEY ("Id");


--
-- TOC entry 3608 (class 2606 OID 16913)
-- Name: folders PK_folders; Type: CONSTRAINT; Schema: public; Owner: postgres
--

ALTER TABLE ONLY public.folders
    ADD CONSTRAINT "PK_folders" PRIMARY KEY ("Id");


--
-- TOC entry 3612 (class 2606 OID 16915)
-- Name: hand_in_feedbacks PK_hand_in_feedbacks; Type: CONSTRAINT; Schema: public; Owner: postgres
--

ALTER TABLE ONLY public.hand_in_feedbacks
    ADD CONSTRAINT "PK_hand_in_feedbacks" PRIMARY KEY ("Id");


--
-- TOC entry 3615 (class 2606 OID 16917)
-- Name: hand_ins PK_hand_ins; Type: CONSTRAINT; Schema: public; Owner: postgres
--

ALTER TABLE ONLY public.hand_ins
    ADD CONSTRAINT "PK_hand_ins" PRIMARY KEY ("Id");


--
-- TOC entry 3622 (class 2606 OID 16919)
-- Name: invoices PK_invoices; Type: CONSTRAINT; Schema: public; Owner: postgres
--

ALTER TABLE ONLY public.invoices
    ADD CONSTRAINT "PK_invoices" PRIMARY KEY ("Id");


--
-- TOC entry 3625 (class 2606 OID 16921)
-- Name: languages PK_languages; Type: CONSTRAINT; Schema: public; Owner: postgres
--

ALTER TABLE ONLY public.languages
    ADD CONSTRAINT "PK_languages" PRIMARY KEY ("Id");


--
-- TOC entry 3628 (class 2606 OID 16923)
-- Name: learning_path_units PK_learning_path_units; Type: CONSTRAINT; Schema: public; Owner: postgres
--

ALTER TABLE ONLY public.learning_path_units
    ADD CONSTRAINT "PK_learning_path_units" PRIMARY KEY ("Id");


--
-- TOC entry 3632 (class 2606 OID 16925)
-- Name: lessons PK_lessons; Type: CONSTRAINT; Schema: public; Owner: postgres
--

ALTER TABLE ONLY public.lessons
    ADD CONSTRAINT "PK_lessons" PRIMARY KEY ("Id");


--
-- TOC entry 3635 (class 2606 OID 16927)
-- Name: lessons_to_contents PK_lessons_to_contents; Type: CONSTRAINT; Schema: public; Owner: postgres
--

ALTER TABLE ONLY public.lessons_to_contents
    ADD CONSTRAINT "PK_lessons_to_contents" PRIMARY KEY ("LessonId", "ContentId");


--
-- TOC entry 3639 (class 2606 OID 16929)
-- Name: notifications PK_notifications; Type: CONSTRAINT; Schema: public; Owner: postgres
--

ALTER TABLE ONLY public.notifications
    ADD CONSTRAINT "PK_notifications" PRIMARY KEY ("Id");


--
-- TOC entry 3643 (class 2606 OID 16931)
-- Name: path_enrollments PK_path_enrollments; Type: CONSTRAINT; Schema: public; Owner: postgres
--

ALTER TABLE ONLY public.path_enrollments
    ADD CONSTRAINT "PK_path_enrollments" PRIMARY KEY ("Id");


--
-- TOC entry 3646 (class 2606 OID 16933)
-- Name: physical_files PK_physical_files; Type: CONSTRAINT; Schema: public; Owner: postgres
--

ALTER TABLE ONLY public.physical_files
    ADD CONSTRAINT "PK_physical_files" PRIMARY KEY ("Id");


--
-- TOC entry 3649 (class 2606 OID 16935)
-- Name: qualifications PK_qualifications; Type: CONSTRAINT; Schema: public; Owner: postgres
--

ALTER TABLE ONLY public.qualifications
    ADD CONSTRAINT "PK_qualifications" PRIMARY KEY ("Id");


--
-- TOC entry 3651 (class 2606 OID 16937)
-- Name: students PK_students; Type: CONSTRAINT; Schema: public; Owner: postgres
--

ALTER TABLE ONLY public.students
    ADD CONSTRAINT "PK_students" PRIMARY KEY ("UserId");


--
-- TOC entry 3655 (class 2606 OID 16939)
-- Name: submission_attachments PK_submission_attachments; Type: CONSTRAINT; Schema: public; Owner: postgres
--

ALTER TABLE ONLY public.submission_attachments
    ADD CONSTRAINT "PK_submission_attachments" PRIMARY KEY ("Id");


--
-- TOC entry 3660 (class 2606 OID 16941)
-- Name: submissions PK_submissions; Type: CONSTRAINT; Schema: public; Owner: postgres
--

ALTER TABLE ONLY public.submissions
    ADD CONSTRAINT "PK_submissions" PRIMARY KEY ("Id");


--
-- TOC entry 3663 (class 2606 OID 16943)
-- Name: teacher_timeblocks PK_teacher_timeblocks; Type: CONSTRAINT; Schema: public; Owner: postgres
--

ALTER TABLE ONLY public.teacher_timeblocks
    ADD CONSTRAINT "PK_teacher_timeblocks" PRIMARY KEY ("Id");


--
-- TOC entry 3665 (class 2606 OID 16945)
-- Name: teachers PK_teachers; Type: CONSTRAINT; Schema: public; Owner: postgres
--

ALTER TABLE ONLY public.teachers
    ADD CONSTRAINT "PK_teachers" PRIMARY KEY ("TeacherId");


--
-- TOC entry 3668 (class 2606 OID 16947)
-- Name: test_module_answers PK_test_module_answers; Type: CONSTRAINT; Schema: public; Owner: postgres
--

ALTER TABLE ONLY public.test_module_answers
    ADD CONSTRAINT "PK_test_module_answers" PRIMARY KEY ("Id");


--
-- TOC entry 3671 (class 2606 OID 16949)
-- Name: test_modules PK_test_modules; Type: CONSTRAINT; Schema: public; Owner: postgres
--

ALTER TABLE ONLY public.test_modules
    ADD CONSTRAINT "PK_test_modules" PRIMARY KEY ("Id");


--
-- TOC entry 3673 (class 2606 OID 16951)
-- Name: tests PK_tests; Type: CONSTRAINT; Schema: public; Owner: postgres
--

ALTER TABLE ONLY public.tests
    ADD CONSTRAINT "PK_tests" PRIMARY KEY ("Id");


--
-- TOC entry 3678 (class 2606 OID 16953)
-- Name: token_transactions PK_token_transactions; Type: CONSTRAINT; Schema: public; Owner: postgres
--

ALTER TABLE ONLY public.token_transactions
    ADD CONSTRAINT "PK_token_transactions" PRIMARY KEY ("Id");


--
-- TOC entry 3681 (class 2606 OID 16955)
-- Name: tutoring_wall_post_attachments PK_tutoring_wall_post_attachments; Type: CONSTRAINT; Schema: public; Owner: postgres
--

ALTER TABLE ONLY public.tutoring_wall_post_attachments
    ADD CONSTRAINT "PK_tutoring_wall_post_attachments" PRIMARY KEY ("WallPostId", "ContentId");


--
-- TOC entry 3685 (class 2606 OID 16957)
-- Name: tutoring_wall_posts PK_tutoring_wall_posts; Type: CONSTRAINT; Schema: public; Owner: postgres
--

ALTER TABLE ONLY public.tutoring_wall_posts
    ADD CONSTRAINT "PK_tutoring_wall_posts" PRIMARY KEY ("Id");


--
-- TOC entry 3690 (class 2606 OID 16959)
-- Name: tutoring_walls PK_tutoring_walls; Type: CONSTRAINT; Schema: public; Owner: postgres
--

ALTER TABLE ONLY public.tutoring_walls
    ADD CONSTRAINT "PK_tutoring_walls" PRIMARY KEY ("Id");


--
-- TOC entry 3695 (class 2606 OID 16961)
-- Name: wall_post_comments PK_wall_post_comments; Type: CONSTRAINT; Schema: public; Owner: postgres
--

ALTER TABLE ONLY public.wall_post_comments
    ADD CONSTRAINT "PK_wall_post_comments" PRIMARY KEY ("Id");


--
-- TOC entry 3522 (class 1259 OID 16962)
-- Name: EmailIndex; Type: INDEX; Schema: public; Owner: postgres
--

CREATE INDEX "EmailIndex" ON public."AspNetUsers" USING btree ("NormalizedEmail");


--
-- TOC entry 3505 (class 1259 OID 16963)
-- Name: IX_AspNetRoleClaims_RoleId; Type: INDEX; Schema: public; Owner: postgres
--

CREATE INDEX "IX_AspNetRoleClaims_RoleId" ON public."AspNetRoleClaims" USING btree ("RoleId");


--
-- TOC entry 3511 (class 1259 OID 16964)
-- Name: IX_AspNetUserClaims_UserId; Type: INDEX; Schema: public; Owner: postgres
--

CREATE INDEX "IX_AspNetUserClaims_UserId" ON public."AspNetUserClaims" USING btree ("UserId");


--
-- TOC entry 3514 (class 1259 OID 16965)
-- Name: IX_AspNetUserLogins_UserId; Type: INDEX; Schema: public; Owner: postgres
--

CREATE INDEX "IX_AspNetUserLogins_UserId" ON public."AspNetUserLogins" USING btree ("UserId");


--
-- TOC entry 3517 (class 1259 OID 16966)
-- Name: IX_AspNetUserRoles_RoleId; Type: INDEX; Schema: public; Owner: postgres
--

CREATE INDEX "IX_AspNetUserRoles_RoleId" ON public."AspNetUserRoles" USING btree ("RoleId");


--
-- TOC entry 3523 (class 1259 OID 16967)
-- Name: IX_AspNetUsers_ProfilePictureId; Type: INDEX; Schema: public; Owner: postgres
--

CREATE INDEX "IX_AspNetUsers_ProfilePictureId" ON public."AspNetUsers" USING btree ("ProfilePictureId");


--
-- TOC entry 3527 (class 1259 OID 16968)
-- Name: IX_Cities_CityName_PostalCode; Type: INDEX; Schema: public; Owner: postgres
--

CREATE UNIQUE INDEX "IX_Cities_CityName_PostalCode" ON public."Cities" USING btree ("CityName", "PostalCode");


--
-- TOC entry 3599 (class 1259 OID 16969)
-- Name: IX_Events_OrganiserId_EndTime; Type: INDEX; Schema: public; Owner: postgres
--

CREATE INDEX "IX_Events_OrganiserId_EndTime" ON public.events USING btree ("OrganiserId", "EndTime");


--
-- TOC entry 3600 (class 1259 OID 16970)
-- Name: IX_Events_OrganiserId_StartTime; Type: INDEX; Schema: public; Owner: postgres
--

CREATE INDEX "IX_Events_OrganiserId_StartTime" ON public.events USING btree ("OrganiserId", "StartTime");


--
-- TOC entry 3534 (class 1259 OID 16971)
-- Name: IX_Preferences_PreferenceGroupId; Type: INDEX; Schema: public; Owner: postgres
--

CREATE INDEX "IX_Preferences_PreferenceGroupId" ON public."Preferences" USING btree ("PreferenceGroupId");


--
-- TOC entry 3537 (class 1259 OID 16972)
-- Name: IX_RefreshTokens_Token; Type: INDEX; Schema: public; Owner: postgres
--

CREATE UNIQUE INDEX "IX_RefreshTokens_Token" ON public."RefreshTokens" USING btree ("Token");


--
-- TOC entry 3538 (class 1259 OID 16973)
-- Name: IX_RefreshTokens_UserId; Type: INDEX; Schema: public; Owner: postgres
--

CREATE INDEX "IX_RefreshTokens_UserId" ON public."RefreshTokens" USING btree ("UserId");


--
-- TOC entry 3661 (class 1259 OID 16974)
-- Name: IX_TeacherTimeblocks_TeacherId_Start_End; Type: INDEX; Schema: public; Owner: postgres
--

CREATE INDEX "IX_TeacherTimeblocks_TeacherId_Start_End" ON public.teacher_timeblocks USING btree ("TeacherId", "Start", "End");


--
-- TOC entry 3541 (class 1259 OID 16975)
-- Name: IX_UserPreferences_PreferenceId; Type: INDEX; Schema: public; Owner: postgres
--

CREATE INDEX "IX_UserPreferences_PreferenceId" ON public."UserPreferences" USING btree ("PreferenceId");


--
-- TOC entry 3546 (class 1259 OID 16976)
-- Name: IX_chat_messages_ChatId; Type: INDEX; Schema: public; Owner: postgres
--

CREATE INDEX "IX_chat_messages_ChatId" ON public.chat_messages USING btree ("ChatId");


--
-- TOC entry 3547 (class 1259 OID 16977)
-- Name: IX_chat_messages_SenderId; Type: INDEX; Schema: public; Owner: postgres
--

CREATE INDEX "IX_chat_messages_SenderId" ON public.chat_messages USING btree ("SenderId");


--
-- TOC entry 3550 (class 1259 OID 16978)
-- Name: IX_chat_rooms_StudentId; Type: INDEX; Schema: public; Owner: postgres
--

CREATE INDEX "IX_chat_rooms_StudentId" ON public.chat_rooms USING btree ("StudentId");


--
-- TOC entry 3551 (class 1259 OID 16979)
-- Name: IX_chat_rooms_TeacherId; Type: INDEX; Schema: public; Owner: postgres
--

CREATE INDEX "IX_chat_rooms_TeacherId" ON public.chat_rooms USING btree ("TeacherId");


--
-- TOC entry 3554 (class 1259 OID 16980)
-- Name: IX_community_messages_ThreadId; Type: INDEX; Schema: public; Owner: postgres
--

CREATE INDEX "IX_community_messages_ThreadId" ON public.community_messages USING btree ("ThreadId");


--
-- TOC entry 3557 (class 1259 OID 16981)
-- Name: IX_community_threads_CourseId; Type: INDEX; Schema: public; Owner: postgres
--

CREATE UNIQUE INDEX "IX_community_threads_CourseId" ON public.community_threads USING btree ("CourseId");


--
-- TOC entry 3558 (class 1259 OID 16982)
-- Name: IX_community_threads_TeacherId; Type: INDEX; Schema: public; Owner: postgres
--

CREATE INDEX "IX_community_threads_TeacherId" ON public.community_threads USING btree ("TeacherId");


--
-- TOC entry 3561 (class 1259 OID 16983)
-- Name: IX_content_items_FileId; Type: INDEX; Schema: public; Owner: postgres
--

CREATE INDEX "IX_content_items_FileId" ON public.content_items USING btree ("FileId");


--
-- TOC entry 3562 (class 1259 OID 16984)
-- Name: IX_content_items_FolderId; Type: INDEX; Schema: public; Owner: postgres
--

CREATE INDEX "IX_content_items_FolderId" ON public.content_items USING btree ("FolderId");


--
-- TOC entry 3563 (class 1259 OID 16985)
-- Name: IX_content_items_TestId; Type: INDEX; Schema: public; Owner: postgres
--

CREATE INDEX "IX_content_items_TestId" ON public.content_items USING btree ("TestId");


--
-- TOC entry 3566 (class 1259 OID 16986)
-- Name: IX_course_domains_Name; Type: INDEX; Schema: public; Owner: postgres
--

CREATE UNIQUE INDEX "IX_course_domains_Name" ON public.course_domains USING btree ("Name");


--
-- TOC entry 3569 (class 1259 OID 16987)
-- Name: IX_course_feedbacks_CourseId; Type: INDEX; Schema: public; Owner: postgres
--

CREATE INDEX "IX_course_feedbacks_CourseId" ON public.course_feedbacks USING btree ("CourseId");


--
-- TOC entry 3570 (class 1259 OID 16988)
-- Name: IX_course_feedbacks_EnrollmentId; Type: INDEX; Schema: public; Owner: postgres
--

CREATE INDEX "IX_course_feedbacks_EnrollmentId" ON public.course_feedbacks USING btree ("EnrollmentId");


--
-- TOC entry 3571 (class 1259 OID 16989)
-- Name: IX_course_feedbacks_ReviewerId; Type: INDEX; Schema: public; Owner: postgres
--

CREATE INDEX "IX_course_feedbacks_ReviewerId" ON public.course_feedbacks USING btree ("ReviewerId");


--
-- TOC entry 3572 (class 1259 OID 16990)
-- Name: IX_course_feedbacks_WallId; Type: INDEX; Schema: public; Owner: postgres
--

CREATE INDEX "IX_course_feedbacks_WallId" ON public.course_feedbacks USING btree ("WallId");


--
-- TOC entry 3575 (class 1259 OID 16991)
-- Name: IX_course_levels_Name; Type: INDEX; Schema: public; Owner: postgres
--

CREATE UNIQUE INDEX "IX_course_levels_Name" ON public.course_levels USING btree ("Name");


--
-- TOC entry 3578 (class 1259 OID 16992)
-- Name: IX_course_tags_Name; Type: INDEX; Schema: public; Owner: postgres
--

CREATE UNIQUE INDEX "IX_course_tags_Name" ON public.course_tags USING btree ("Name");


--
-- TOC entry 3581 (class 1259 OID 16993)
-- Name: IX_course_to_places_CourseId; Type: INDEX; Schema: public; Owner: postgres
--

CREATE INDEX "IX_course_to_places_CourseId" ON public.course_to_places USING btree ("CourseId");


--
-- TOC entry 3582 (class 1259 OID 16994)
-- Name: IX_course_to_places_PlaceId; Type: INDEX; Schema: public; Owner: postgres
--

CREATE INDEX "IX_course_to_places_PlaceId" ON public.course_to_places USING btree ("PlaceId");


--
-- TOC entry 3585 (class 1259 OID 16995)
-- Name: IX_courses_base_BannerImageId; Type: INDEX; Schema: public; Owner: postgres
--

CREATE INDEX "IX_courses_base_BannerImageId" ON public.courses_base USING btree ("BannerImageId");


--
-- TOC entry 3586 (class 1259 OID 16996)
-- Name: IX_courses_base_CourseDomainId; Type: INDEX; Schema: public; Owner: postgres
--

CREATE INDEX "IX_courses_base_CourseDomainId" ON public.courses_base USING btree ("CourseDomainId");


--
-- TOC entry 3587 (class 1259 OID 16997)
-- Name: IX_courses_base_CourseLevelId; Type: INDEX; Schema: public; Owner: postgres
--

CREATE INDEX "IX_courses_base_CourseLevelId" ON public.courses_base USING btree ("CourseLevelId");


--
-- TOC entry 3588 (class 1259 OID 16998)
-- Name: IX_courses_base_IconImageId; Type: INDEX; Schema: public; Owner: postgres
--

CREATE INDEX "IX_courses_base_IconImageId" ON public.courses_base USING btree ("IconImageId");


--
-- TOC entry 3589 (class 1259 OID 16999)
-- Name: IX_courses_base_PriceCurrencyId; Type: INDEX; Schema: public; Owner: postgres
--

CREATE INDEX "IX_courses_base_PriceCurrencyId" ON public.courses_base USING btree ("PriceCurrencyId");


--
-- TOC entry 3590 (class 1259 OID 17000)
-- Name: IX_courses_base_TeacherId; Type: INDEX; Schema: public; Owner: postgres
--

CREATE INDEX "IX_courses_base_TeacherId" ON public.courses_base USING btree ("TeacherId");


--
-- TOC entry 3593 (class 1259 OID 17001)
-- Name: IX_courses_to_languages_LanguageId; Type: INDEX; Schema: public; Owner: postgres
--

CREATE INDEX "IX_courses_to_languages_LanguageId" ON public.courses_to_languages USING btree ("LanguageId");


--
-- TOC entry 3596 (class 1259 OID 17002)
-- Name: IX_courses_to_tags_TagId; Type: INDEX; Schema: public; Owner: postgres
--

CREATE INDEX "IX_courses_to_tags_TagId" ON public.courses_to_tags USING btree ("TagId");


--
-- TOC entry 3601 (class 1259 OID 17003)
-- Name: IX_events_CourseBaseId; Type: INDEX; Schema: public; Owner: postgres
--

CREATE INDEX "IX_events_CourseBaseId" ON public.events USING btree ("CourseBaseId");


--
-- TOC entry 3602 (class 1259 OID 17004)
-- Name: IX_events_PathEnrollmentId; Type: INDEX; Schema: public; Owner: postgres
--

CREATE INDEX "IX_events_PathEnrollmentId" ON public.events USING btree ("PathEnrollmentId");


--
-- TOC entry 3603 (class 1259 OID 17005)
-- Name: IX_events_TutoringWallId; Type: INDEX; Schema: public; Owner: postgres
--

CREATE INDEX "IX_events_TutoringWallId" ON public.events USING btree ("TutoringWallId");


--
-- TOC entry 3606 (class 1259 OID 17006)
-- Name: IX_folders_ParentFolderId; Type: INDEX; Schema: public; Owner: postgres
--

CREATE INDEX "IX_folders_ParentFolderId" ON public.folders USING btree ("ParentFolderId");


--
-- TOC entry 3609 (class 1259 OID 17007)
-- Name: IX_hand_in_feedbacks_SubmissionId; Type: INDEX; Schema: public; Owner: postgres
--

CREATE UNIQUE INDEX "IX_hand_in_feedbacks_SubmissionId" ON public.hand_in_feedbacks USING btree ("SubmissionId");


--
-- TOC entry 3610 (class 1259 OID 17008)
-- Name: IX_hand_in_feedbacks_TeacherId; Type: INDEX; Schema: public; Owner: postgres
--

CREATE INDEX "IX_hand_in_feedbacks_TeacherId" ON public.hand_in_feedbacks USING btree ("TeacherId");


--
-- TOC entry 3613 (class 1259 OID 17009)
-- Name: IX_hand_ins_WallId; Type: INDEX; Schema: public; Owner: postgres
--

CREATE INDEX "IX_hand_ins_WallId" ON public.hand_ins USING btree ("WallId");


--
-- TOC entry 3616 (class 1259 OID 17010)
-- Name: IX_invoices_CurrencyId; Type: INDEX; Schema: public; Owner: postgres
--

CREATE INDEX "IX_invoices_CurrencyId" ON public.invoices USING btree ("CurrencyId");


--
-- TOC entry 3617 (class 1259 OID 17011)
-- Name: IX_invoices_EnrollmentId; Type: INDEX; Schema: public; Owner: postgres
--

CREATE INDEX "IX_invoices_EnrollmentId" ON public.invoices USING btree ("EnrollmentId");


--
-- TOC entry 3618 (class 1259 OID 17012)
-- Name: IX_invoices_TeacherId; Type: INDEX; Schema: public; Owner: postgres
--

CREATE INDEX "IX_invoices_TeacherId" ON public.invoices USING btree ("TeacherId");


--
-- TOC entry 3619 (class 1259 OID 17013)
-- Name: IX_invoices_UserId; Type: INDEX; Schema: public; Owner: postgres
--

CREATE INDEX "IX_invoices_UserId" ON public.invoices USING btree ("UserId");


--
-- TOC entry 3620 (class 1259 OID 17014)
-- Name: IX_invoices_WallId; Type: INDEX; Schema: public; Owner: postgres
--

CREATE INDEX "IX_invoices_WallId" ON public.invoices USING btree ("WallId");


--
-- TOC entry 3623 (class 1259 OID 17015)
-- Name: IX_languages_Name; Type: INDEX; Schema: public; Owner: postgres
--

CREATE UNIQUE INDEX "IX_languages_Name" ON public.languages USING btree ("Name");


--
-- TOC entry 3626 (class 1259 OID 17016)
-- Name: IX_learning_path_units_CourseId; Type: INDEX; Schema: public; Owner: postgres
--

CREATE INDEX "IX_learning_path_units_CourseId" ON public.learning_path_units USING btree ("CourseId");


--
-- TOC entry 3629 (class 1259 OID 17017)
-- Name: IX_lessons_HandInId; Type: INDEX; Schema: public; Owner: postgres
--

CREATE INDEX "IX_lessons_HandInId" ON public.lessons USING btree ("HandInId");


--
-- TOC entry 3630 (class 1259 OID 17018)
-- Name: IX_lessons_UnitId; Type: INDEX; Schema: public; Owner: postgres
--

CREATE INDEX "IX_lessons_UnitId" ON public.lessons USING btree ("UnitId");


--
-- TOC entry 3633 (class 1259 OID 17019)
-- Name: IX_lessons_to_contents_ContentId; Type: INDEX; Schema: public; Owner: postgres
--

CREATE INDEX "IX_lessons_to_contents_ContentId" ON public.lessons_to_contents USING btree ("ContentId");


--
-- TOC entry 3636 (class 1259 OID 17020)
-- Name: IX_notifications_RecipientId; Type: INDEX; Schema: public; Owner: postgres
--

CREATE INDEX "IX_notifications_RecipientId" ON public.notifications USING btree ("RecipientId");


--
-- TOC entry 3637 (class 1259 OID 17021)
-- Name: IX_notifications_SenderId; Type: INDEX; Schema: public; Owner: postgres
--

CREATE INDEX "IX_notifications_SenderId" ON public.notifications USING btree ("SenderId");


--
-- TOC entry 3640 (class 1259 OID 17022)
-- Name: IX_path_enrollments_AttendantId; Type: INDEX; Schema: public; Owner: postgres
--

CREATE INDEX "IX_path_enrollments_AttendantId" ON public.path_enrollments USING btree ("AttendantId");


--
-- TOC entry 3641 (class 1259 OID 17023)
-- Name: IX_path_enrollments_CourseId; Type: INDEX; Schema: public; Owner: postgres
--

CREATE INDEX "IX_path_enrollments_CourseId" ON public.path_enrollments USING btree ("CourseId");


--
-- TOC entry 3644 (class 1259 OID 17024)
-- Name: IX_physical_files_OwnerId; Type: INDEX; Schema: public; Owner: postgres
--

CREATE INDEX "IX_physical_files_OwnerId" ON public.physical_files USING btree ("OwnerId");


--
-- TOC entry 3647 (class 1259 OID 17025)
-- Name: IX_qualifications_TeacherId; Type: INDEX; Schema: public; Owner: postgres
--

CREATE INDEX "IX_qualifications_TeacherId" ON public.qualifications USING btree ("TeacherId");


--
-- TOC entry 3652 (class 1259 OID 17026)
-- Name: IX_submission_attachments_ContentId; Type: INDEX; Schema: public; Owner: postgres
--

CREATE INDEX "IX_submission_attachments_ContentId" ON public.submission_attachments USING btree ("ContentId");


--
-- TOC entry 3653 (class 1259 OID 17027)
-- Name: IX_submission_attachments_SubmissionId; Type: INDEX; Schema: public; Owner: postgres
--

CREATE INDEX "IX_submission_attachments_SubmissionId" ON public.submission_attachments USING btree ("SubmissionId");


--
-- TOC entry 3656 (class 1259 OID 17028)
-- Name: IX_submissions_HandInId; Type: INDEX; Schema: public; Owner: postgres
--

CREATE INDEX "IX_submissions_HandInId" ON public.submissions USING btree ("HandInId");


--
-- TOC entry 3657 (class 1259 OID 17029)
-- Name: IX_submissions_SubmitterId; Type: INDEX; Schema: public; Owner: postgres
--

CREATE INDEX "IX_submissions_SubmitterId" ON public.submissions USING btree ("SubmitterId");


--
-- TOC entry 3658 (class 1259 OID 17030)
-- Name: IX_submissions_TeacherId; Type: INDEX; Schema: public; Owner: postgres
--

CREATE INDEX "IX_submissions_TeacherId" ON public.submissions USING btree ("TeacherId");


--
-- TOC entry 3666 (class 1259 OID 17031)
-- Name: IX_test_module_answers_ModuleId; Type: INDEX; Schema: public; Owner: postgres
--

CREATE INDEX "IX_test_module_answers_ModuleId" ON public.test_module_answers USING btree ("ModuleId");


--
-- TOC entry 3669 (class 1259 OID 17032)
-- Name: IX_test_modules_TestId; Type: INDEX; Schema: public; Owner: postgres
--

CREATE INDEX "IX_test_modules_TestId" ON public.test_modules USING btree ("TestId");


--
-- TOC entry 3674 (class 1259 OID 17033)
-- Name: IX_token_transactions_EnrollmentId; Type: INDEX; Schema: public; Owner: postgres
--

CREATE INDEX "IX_token_transactions_EnrollmentId" ON public.token_transactions USING btree ("EnrollmentId");


--
-- TOC entry 3675 (class 1259 OID 17034)
-- Name: IX_token_transactions_InvoiceId; Type: INDEX; Schema: public; Owner: postgres
--

CREATE UNIQUE INDEX "IX_token_transactions_InvoiceId" ON public.token_transactions USING btree ("InvoiceId");


--
-- TOC entry 3676 (class 1259 OID 17035)
-- Name: IX_token_transactions_WallId; Type: INDEX; Schema: public; Owner: postgres
--

CREATE INDEX "IX_token_transactions_WallId" ON public.token_transactions USING btree ("WallId");


--
-- TOC entry 3679 (class 1259 OID 17036)
-- Name: IX_tutoring_wall_post_attachments_ContentId; Type: INDEX; Schema: public; Owner: postgres
--

CREATE INDEX "IX_tutoring_wall_post_attachments_ContentId" ON public.tutoring_wall_post_attachments USING btree ("ContentId");


--
-- TOC entry 3682 (class 1259 OID 17037)
-- Name: IX_tutoring_wall_posts_HandInId; Type: INDEX; Schema: public; Owner: postgres
--

CREATE UNIQUE INDEX "IX_tutoring_wall_posts_HandInId" ON public.tutoring_wall_posts USING btree ("HandInId");


--
-- TOC entry 3683 (class 1259 OID 17038)
-- Name: IX_tutoring_wall_posts_WallId; Type: INDEX; Schema: public; Owner: postgres
--

CREATE INDEX "IX_tutoring_wall_posts_WallId" ON public.tutoring_wall_posts USING btree ("WallId");


--
-- TOC entry 3686 (class 1259 OID 17039)
-- Name: IX_tutoring_walls_CourseId; Type: INDEX; Schema: public; Owner: postgres
--

CREATE INDEX "IX_tutoring_walls_CourseId" ON public.tutoring_walls USING btree ("CourseId");


--
-- TOC entry 3687 (class 1259 OID 17040)
-- Name: IX_tutoring_walls_StudentId; Type: INDEX; Schema: public; Owner: postgres
--

CREATE INDEX "IX_tutoring_walls_StudentId" ON public.tutoring_walls USING btree ("StudentId");


--
-- TOC entry 3688 (class 1259 OID 17041)
-- Name: IX_tutoring_walls_TeacherId; Type: INDEX; Schema: public; Owner: postgres
--

CREATE INDEX "IX_tutoring_walls_TeacherId" ON public.tutoring_walls USING btree ("TeacherId");


--
-- TOC entry 3691 (class 1259 OID 17042)
-- Name: IX_wall_post_comments_PostId; Type: INDEX; Schema: public; Owner: postgres
--

CREATE INDEX "IX_wall_post_comments_PostId" ON public.wall_post_comments USING btree ("PostId");


--
-- TOC entry 3692 (class 1259 OID 17043)
-- Name: IX_wall_post_comments_SenderId; Type: INDEX; Schema: public; Owner: postgres
--

CREATE INDEX "IX_wall_post_comments_SenderId" ON public.wall_post_comments USING btree ("SenderId");


--
-- TOC entry 3693 (class 1259 OID 17044)
-- Name: IX_wall_post_comments_WallId; Type: INDEX; Schema: public; Owner: postgres
--

CREATE INDEX "IX_wall_post_comments_WallId" ON public.wall_post_comments USING btree ("WallId");


--
-- TOC entry 3510 (class 1259 OID 17045)
-- Name: RoleNameIndex; Type: INDEX; Schema: public; Owner: postgres
--

CREATE UNIQUE INDEX "RoleNameIndex" ON public."AspNetRoles" USING btree ("NormalizedName");


--
-- TOC entry 3526 (class 1259 OID 17046)
-- Name: UserNameIndex; Type: INDEX; Schema: public; Owner: postgres
--

CREATE UNIQUE INDEX "UserNameIndex" ON public."AspNetUsers" USING btree ("NormalizedUserName");


--
-- TOC entry 3696 (class 2606 OID 17047)
-- Name: AspNetRoleClaims FK_AspNetRoleClaims_AspNetRoles_RoleId; Type: FK CONSTRAINT; Schema: public; Owner: postgres
--

ALTER TABLE ONLY public."AspNetRoleClaims"
    ADD CONSTRAINT "FK_AspNetRoleClaims_AspNetRoles_RoleId" FOREIGN KEY ("RoleId") REFERENCES public."AspNetRoles"("Id") ON DELETE CASCADE;


--
-- TOC entry 3697 (class 2606 OID 17052)
-- Name: AspNetUserClaims FK_AspNetUserClaims_AspNetUsers_UserId; Type: FK CONSTRAINT; Schema: public; Owner: postgres
--

ALTER TABLE ONLY public."AspNetUserClaims"
    ADD CONSTRAINT "FK_AspNetUserClaims_AspNetUsers_UserId" FOREIGN KEY ("UserId") REFERENCES public."AspNetUsers"("Id") ON DELETE CASCADE;


--
-- TOC entry 3698 (class 2606 OID 17057)
-- Name: AspNetUserLogins FK_AspNetUserLogins_AspNetUsers_UserId; Type: FK CONSTRAINT; Schema: public; Owner: postgres
--

ALTER TABLE ONLY public."AspNetUserLogins"
    ADD CONSTRAINT "FK_AspNetUserLogins_AspNetUsers_UserId" FOREIGN KEY ("UserId") REFERENCES public."AspNetUsers"("Id") ON DELETE CASCADE;


--
-- TOC entry 3699 (class 2606 OID 17062)
-- Name: AspNetUserRoles FK_AspNetUserRoles_AspNetRoles_RoleId; Type: FK CONSTRAINT; Schema: public; Owner: postgres
--

ALTER TABLE ONLY public."AspNetUserRoles"
    ADD CONSTRAINT "FK_AspNetUserRoles_AspNetRoles_RoleId" FOREIGN KEY ("RoleId") REFERENCES public."AspNetRoles"("Id") ON DELETE CASCADE;


--
-- TOC entry 3700 (class 2606 OID 17067)
-- Name: AspNetUserRoles FK_AspNetUserRoles_AspNetUsers_UserId; Type: FK CONSTRAINT; Schema: public; Owner: postgres
--

ALTER TABLE ONLY public."AspNetUserRoles"
    ADD CONSTRAINT "FK_AspNetUserRoles_AspNetUsers_UserId" FOREIGN KEY ("UserId") REFERENCES public."AspNetUsers"("Id") ON DELETE CASCADE;


--
-- TOC entry 3701 (class 2606 OID 17072)
-- Name: AspNetUserTokens FK_AspNetUserTokens_AspNetUsers_UserId; Type: FK CONSTRAINT; Schema: public; Owner: postgres
--

ALTER TABLE ONLY public."AspNetUserTokens"
    ADD CONSTRAINT "FK_AspNetUserTokens_AspNetUsers_UserId" FOREIGN KEY ("UserId") REFERENCES public."AspNetUsers"("Id") ON DELETE CASCADE;


--
-- TOC entry 3702 (class 2606 OID 17077)
-- Name: AspNetUsers FK_AspNetUsers_physical_files_ProfilePictureId; Type: FK CONSTRAINT; Schema: public; Owner: postgres
--

ALTER TABLE ONLY public."AspNetUsers"
    ADD CONSTRAINT "FK_AspNetUsers_physical_files_ProfilePictureId" FOREIGN KEY ("ProfilePictureId") REFERENCES public.physical_files("Id");


--
-- TOC entry 3703 (class 2606 OID 17082)
-- Name: Preferences FK_Preferences_PreferenceGroups_PreferenceGroupId; Type: FK CONSTRAINT; Schema: public; Owner: postgres
--

ALTER TABLE ONLY public."Preferences"
    ADD CONSTRAINT "FK_Preferences_PreferenceGroups_PreferenceGroupId" FOREIGN KEY ("PreferenceGroupId") REFERENCES public."PreferenceGroups"("Id") ON DELETE CASCADE;


--
-- TOC entry 3704 (class 2606 OID 17087)
-- Name: RefreshTokens FK_RefreshTokens_AspNetUsers_UserId; Type: FK CONSTRAINT; Schema: public; Owner: postgres
--

ALTER TABLE ONLY public."RefreshTokens"
    ADD CONSTRAINT "FK_RefreshTokens_AspNetUsers_UserId" FOREIGN KEY ("UserId") REFERENCES public."AspNetUsers"("Id") ON DELETE CASCADE;


--
-- TOC entry 3705 (class 2606 OID 17092)
-- Name: UserPreferences FK_UserPreferences_AspNetUsers_UserId; Type: FK CONSTRAINT; Schema: public; Owner: postgres
--

ALTER TABLE ONLY public."UserPreferences"
    ADD CONSTRAINT "FK_UserPreferences_AspNetUsers_UserId" FOREIGN KEY ("UserId") REFERENCES public."AspNetUsers"("Id") ON DELETE CASCADE;


--
-- TOC entry 3706 (class 2606 OID 17097)
-- Name: UserPreferences FK_UserPreferences_Preferences_PreferenceId; Type: FK CONSTRAINT; Schema: public; Owner: postgres
--

ALTER TABLE ONLY public."UserPreferences"
    ADD CONSTRAINT "FK_UserPreferences_Preferences_PreferenceId" FOREIGN KEY ("PreferenceId") REFERENCES public."Preferences"("Id") ON DELETE CASCADE;


--
-- TOC entry 3707 (class 2606 OID 17102)
-- Name: chat_messages FK_chat_messages_AspNetUsers_SenderId; Type: FK CONSTRAINT; Schema: public; Owner: postgres
--

ALTER TABLE ONLY public.chat_messages
    ADD CONSTRAINT "FK_chat_messages_AspNetUsers_SenderId" FOREIGN KEY ("SenderId") REFERENCES public."AspNetUsers"("Id") ON DELETE CASCADE;


--
-- TOC entry 3708 (class 2606 OID 17107)
-- Name: chat_messages FK_chat_messages_chat_rooms_ChatId; Type: FK CONSTRAINT; Schema: public; Owner: postgres
--

ALTER TABLE ONLY public.chat_messages
    ADD CONSTRAINT "FK_chat_messages_chat_rooms_ChatId" FOREIGN KEY ("ChatId") REFERENCES public.chat_rooms("Id") ON DELETE CASCADE;


--
-- TOC entry 3709 (class 2606 OID 17112)
-- Name: chat_rooms FK_chat_rooms_students_StudentId; Type: FK CONSTRAINT; Schema: public; Owner: postgres
--

ALTER TABLE ONLY public.chat_rooms
    ADD CONSTRAINT "FK_chat_rooms_students_StudentId" FOREIGN KEY ("StudentId") REFERENCES public.students("UserId") ON DELETE SET NULL;


--
-- TOC entry 3710 (class 2606 OID 17117)
-- Name: chat_rooms FK_chat_rooms_teachers_TeacherId; Type: FK CONSTRAINT; Schema: public; Owner: postgres
--

ALTER TABLE ONLY public.chat_rooms
    ADD CONSTRAINT "FK_chat_rooms_teachers_TeacherId" FOREIGN KEY ("TeacherId") REFERENCES public.teachers("TeacherId") ON DELETE SET NULL;


--
-- TOC entry 3711 (class 2606 OID 17122)
-- Name: community_messages FK_community_messages_community_threads_ThreadId; Type: FK CONSTRAINT; Schema: public; Owner: postgres
--

ALTER TABLE ONLY public.community_messages
    ADD CONSTRAINT "FK_community_messages_community_threads_ThreadId" FOREIGN KEY ("ThreadId") REFERENCES public.community_threads("Id") ON DELETE CASCADE;


--
-- TOC entry 3712 (class 2606 OID 17127)
-- Name: community_threads FK_community_threads_courses_base_CourseId; Type: FK CONSTRAINT; Schema: public; Owner: postgres
--

ALTER TABLE ONLY public.community_threads
    ADD CONSTRAINT "FK_community_threads_courses_base_CourseId" FOREIGN KEY ("CourseId") REFERENCES public.courses_base("Id") ON DELETE CASCADE;


--
-- TOC entry 3713 (class 2606 OID 17132)
-- Name: community_threads FK_community_threads_teachers_TeacherId; Type: FK CONSTRAINT; Schema: public; Owner: postgres
--

ALTER TABLE ONLY public.community_threads
    ADD CONSTRAINT "FK_community_threads_teachers_TeacherId" FOREIGN KEY ("TeacherId") REFERENCES public.teachers("TeacherId") ON DELETE CASCADE;


--
-- TOC entry 3714 (class 2606 OID 17137)
-- Name: content_items FK_content_items_folders_FolderId; Type: FK CONSTRAINT; Schema: public; Owner: postgres
--

ALTER TABLE ONLY public.content_items
    ADD CONSTRAINT "FK_content_items_folders_FolderId" FOREIGN KEY ("FolderId") REFERENCES public.folders("Id") ON DELETE CASCADE;


--
-- TOC entry 3715 (class 2606 OID 17142)
-- Name: content_items FK_content_items_physical_files_FileId; Type: FK CONSTRAINT; Schema: public; Owner: postgres
--

ALTER TABLE ONLY public.content_items
    ADD CONSTRAINT "FK_content_items_physical_files_FileId" FOREIGN KEY ("FileId") REFERENCES public.physical_files("Id") ON DELETE SET NULL;


--
-- TOC entry 3716 (class 2606 OID 17147)
-- Name: content_items FK_content_items_tests_TestId; Type: FK CONSTRAINT; Schema: public; Owner: postgres
--

ALTER TABLE ONLY public.content_items
    ADD CONSTRAINT "FK_content_items_tests_TestId" FOREIGN KEY ("TestId") REFERENCES public.tests("Id") ON DELETE SET NULL;


--
-- TOC entry 3717 (class 2606 OID 17152)
-- Name: course_feedbacks FK_course_feedbacks_courses_base_CourseId; Type: FK CONSTRAINT; Schema: public; Owner: postgres
--

ALTER TABLE ONLY public.course_feedbacks
    ADD CONSTRAINT "FK_course_feedbacks_courses_base_CourseId" FOREIGN KEY ("CourseId") REFERENCES public.courses_base("Id") ON DELETE CASCADE;


--
-- TOC entry 3718 (class 2606 OID 17157)
-- Name: course_feedbacks FK_course_feedbacks_path_enrollments_EnrollmentId; Type: FK CONSTRAINT; Schema: public; Owner: postgres
--

ALTER TABLE ONLY public.course_feedbacks
    ADD CONSTRAINT "FK_course_feedbacks_path_enrollments_EnrollmentId" FOREIGN KEY ("EnrollmentId") REFERENCES public.path_enrollments("Id") ON DELETE SET NULL;


--
-- TOC entry 3719 (class 2606 OID 17162)
-- Name: course_feedbacks FK_course_feedbacks_students_ReviewerId; Type: FK CONSTRAINT; Schema: public; Owner: postgres
--

ALTER TABLE ONLY public.course_feedbacks
    ADD CONSTRAINT "FK_course_feedbacks_students_ReviewerId" FOREIGN KEY ("ReviewerId") REFERENCES public.students("UserId") ON DELETE CASCADE;


--
-- TOC entry 3720 (class 2606 OID 17167)
-- Name: course_feedbacks FK_course_feedbacks_tutoring_walls_WallId; Type: FK CONSTRAINT; Schema: public; Owner: postgres
--

ALTER TABLE ONLY public.course_feedbacks
    ADD CONSTRAINT "FK_course_feedbacks_tutoring_walls_WallId" FOREIGN KEY ("WallId") REFERENCES public.tutoring_walls("Id") ON DELETE SET NULL;


--
-- TOC entry 3721 (class 2606 OID 17172)
-- Name: course_to_places FK_course_to_places_Cities_PlaceId; Type: FK CONSTRAINT; Schema: public; Owner: postgres
--

ALTER TABLE ONLY public.course_to_places
    ADD CONSTRAINT "FK_course_to_places_Cities_PlaceId" FOREIGN KEY ("PlaceId") REFERENCES public."Cities"("Id") ON DELETE CASCADE;


--
-- TOC entry 3722 (class 2606 OID 17177)
-- Name: course_to_places FK_course_to_places_courses_base_CourseId; Type: FK CONSTRAINT; Schema: public; Owner: postgres
--

ALTER TABLE ONLY public.course_to_places
    ADD CONSTRAINT "FK_course_to_places_courses_base_CourseId" FOREIGN KEY ("CourseId") REFERENCES public.courses_base("Id") ON DELETE CASCADE;


--
-- TOC entry 3723 (class 2606 OID 17182)
-- Name: courses_base FK_courses_base_Currencies_PriceCurrencyId; Type: FK CONSTRAINT; Schema: public; Owner: postgres
--

ALTER TABLE ONLY public.courses_base
    ADD CONSTRAINT "FK_courses_base_Currencies_PriceCurrencyId" FOREIGN KEY ("PriceCurrencyId") REFERENCES public."Currencies"("Id") ON DELETE RESTRICT;


--
-- TOC entry 3724 (class 2606 OID 17187)
-- Name: courses_base FK_courses_base_course_domains_CourseDomainId; Type: FK CONSTRAINT; Schema: public; Owner: postgres
--

ALTER TABLE ONLY public.courses_base
    ADD CONSTRAINT "FK_courses_base_course_domains_CourseDomainId" FOREIGN KEY ("CourseDomainId") REFERENCES public.course_domains("Id") ON DELETE RESTRICT;


--
-- TOC entry 3725 (class 2606 OID 17192)
-- Name: courses_base FK_courses_base_course_levels_CourseLevelId; Type: FK CONSTRAINT; Schema: public; Owner: postgres
--

ALTER TABLE ONLY public.courses_base
    ADD CONSTRAINT "FK_courses_base_course_levels_CourseLevelId" FOREIGN KEY ("CourseLevelId") REFERENCES public.course_levels("Id") ON DELETE RESTRICT;


--
-- TOC entry 3726 (class 2606 OID 17197)
-- Name: courses_base FK_courses_base_physical_files_BannerImageId; Type: FK CONSTRAINT; Schema: public; Owner: postgres
--

ALTER TABLE ONLY public.courses_base
    ADD CONSTRAINT "FK_courses_base_physical_files_BannerImageId" FOREIGN KEY ("BannerImageId") REFERENCES public.physical_files("Id") ON DELETE SET NULL;


--
-- TOC entry 3727 (class 2606 OID 17202)
-- Name: courses_base FK_courses_base_physical_files_IconImageId; Type: FK CONSTRAINT; Schema: public; Owner: postgres
--

ALTER TABLE ONLY public.courses_base
    ADD CONSTRAINT "FK_courses_base_physical_files_IconImageId" FOREIGN KEY ("IconImageId") REFERENCES public.physical_files("Id") ON DELETE SET NULL;


--
-- TOC entry 3728 (class 2606 OID 17207)
-- Name: courses_base FK_courses_base_teachers_TeacherId; Type: FK CONSTRAINT; Schema: public; Owner: postgres
--

ALTER TABLE ONLY public.courses_base
    ADD CONSTRAINT "FK_courses_base_teachers_TeacherId" FOREIGN KEY ("TeacherId") REFERENCES public.teachers("TeacherId") ON DELETE RESTRICT;


--
-- TOC entry 3729 (class 2606 OID 17212)
-- Name: courses_to_languages FK_courses_to_languages_courses_base_CourseId; Type: FK CONSTRAINT; Schema: public; Owner: postgres
--

ALTER TABLE ONLY public.courses_to_languages
    ADD CONSTRAINT "FK_courses_to_languages_courses_base_CourseId" FOREIGN KEY ("CourseId") REFERENCES public.courses_base("Id") ON DELETE CASCADE;


--
-- TOC entry 3730 (class 2606 OID 17217)
-- Name: courses_to_languages FK_courses_to_languages_languages_LanguageId; Type: FK CONSTRAINT; Schema: public; Owner: postgres
--

ALTER TABLE ONLY public.courses_to_languages
    ADD CONSTRAINT "FK_courses_to_languages_languages_LanguageId" FOREIGN KEY ("LanguageId") REFERENCES public.languages("Id") ON DELETE SET NULL;


--
-- TOC entry 3731 (class 2606 OID 17222)
-- Name: courses_to_tags FK_courses_to_tags_course_tags_TagId; Type: FK CONSTRAINT; Schema: public; Owner: postgres
--

ALTER TABLE ONLY public.courses_to_tags
    ADD CONSTRAINT "FK_courses_to_tags_course_tags_TagId" FOREIGN KEY ("TagId") REFERENCES public.course_tags("Id") ON DELETE CASCADE;


--
-- TOC entry 3732 (class 2606 OID 17227)
-- Name: courses_to_tags FK_courses_to_tags_courses_base_CourseId; Type: FK CONSTRAINT; Schema: public; Owner: postgres
--

ALTER TABLE ONLY public.courses_to_tags
    ADD CONSTRAINT "FK_courses_to_tags_courses_base_CourseId" FOREIGN KEY ("CourseId") REFERENCES public.courses_base("Id") ON DELETE CASCADE;


--
-- TOC entry 3733 (class 2606 OID 17232)
-- Name: events FK_events_courses_base_CourseBaseId; Type: FK CONSTRAINT; Schema: public; Owner: postgres
--

ALTER TABLE ONLY public.events
    ADD CONSTRAINT "FK_events_courses_base_CourseBaseId" FOREIGN KEY ("CourseBaseId") REFERENCES public.courses_base("Id") ON DELETE SET NULL;


--
-- TOC entry 3734 (class 2606 OID 17237)
-- Name: events FK_events_path_enrollments_PathEnrollmentId; Type: FK CONSTRAINT; Schema: public; Owner: postgres
--

ALTER TABLE ONLY public.events
    ADD CONSTRAINT "FK_events_path_enrollments_PathEnrollmentId" FOREIGN KEY ("PathEnrollmentId") REFERENCES public.path_enrollments("Id") ON DELETE SET NULL;


--
-- TOC entry 3735 (class 2606 OID 17242)
-- Name: events FK_events_teachers_OrganiserId; Type: FK CONSTRAINT; Schema: public; Owner: postgres
--

ALTER TABLE ONLY public.events
    ADD CONSTRAINT "FK_events_teachers_OrganiserId" FOREIGN KEY ("OrganiserId") REFERENCES public.teachers("TeacherId") ON DELETE RESTRICT;


--
-- TOC entry 3736 (class 2606 OID 17247)
-- Name: events FK_events_tutoring_walls_TutoringWallId; Type: FK CONSTRAINT; Schema: public; Owner: postgres
--

ALTER TABLE ONLY public.events
    ADD CONSTRAINT "FK_events_tutoring_walls_TutoringWallId" FOREIGN KEY ("TutoringWallId") REFERENCES public.tutoring_walls("Id") ON DELETE SET NULL;


--
-- TOC entry 3737 (class 2606 OID 17252)
-- Name: folders FK_folders_folders_ParentFolderId; Type: FK CONSTRAINT; Schema: public; Owner: postgres
--

ALTER TABLE ONLY public.folders
    ADD CONSTRAINT "FK_folders_folders_ParentFolderId" FOREIGN KEY ("ParentFolderId") REFERENCES public.folders("Id") ON DELETE CASCADE;


--
-- TOC entry 3738 (class 2606 OID 17257)
-- Name: hand_in_feedbacks FK_hand_in_feedbacks_submissions_SubmissionId; Type: FK CONSTRAINT; Schema: public; Owner: postgres
--

ALTER TABLE ONLY public.hand_in_feedbacks
    ADD CONSTRAINT "FK_hand_in_feedbacks_submissions_SubmissionId" FOREIGN KEY ("SubmissionId") REFERENCES public.submissions("Id") ON DELETE CASCADE;


--
-- TOC entry 3739 (class 2606 OID 17262)
-- Name: hand_in_feedbacks FK_hand_in_feedbacks_teachers_TeacherId; Type: FK CONSTRAINT; Schema: public; Owner: postgres
--

ALTER TABLE ONLY public.hand_in_feedbacks
    ADD CONSTRAINT "FK_hand_in_feedbacks_teachers_TeacherId" FOREIGN KEY ("TeacherId") REFERENCES public.teachers("TeacherId");


--
-- TOC entry 3740 (class 2606 OID 17267)
-- Name: hand_ins FK_hand_ins_tutoring_walls_WallId; Type: FK CONSTRAINT; Schema: public; Owner: postgres
--

ALTER TABLE ONLY public.hand_ins
    ADD CONSTRAINT "FK_hand_ins_tutoring_walls_WallId" FOREIGN KEY ("WallId") REFERENCES public.tutoring_walls("Id") ON DELETE CASCADE;


--
-- TOC entry 3741 (class 2606 OID 17272)
-- Name: invoices FK_invoices_AspNetUsers_TeacherId; Type: FK CONSTRAINT; Schema: public; Owner: postgres
--

ALTER TABLE ONLY public.invoices
    ADD CONSTRAINT "FK_invoices_AspNetUsers_TeacherId" FOREIGN KEY ("TeacherId") REFERENCES public."AspNetUsers"("Id") ON DELETE RESTRICT;


--
-- TOC entry 3742 (class 2606 OID 17277)
-- Name: invoices FK_invoices_AspNetUsers_UserId; Type: FK CONSTRAINT; Schema: public; Owner: postgres
--

ALTER TABLE ONLY public.invoices
    ADD CONSTRAINT "FK_invoices_AspNetUsers_UserId" FOREIGN KEY ("UserId") REFERENCES public."AspNetUsers"("Id") ON DELETE RESTRICT;


--
-- TOC entry 3743 (class 2606 OID 17282)
-- Name: invoices FK_invoices_Currencies_CurrencyId; Type: FK CONSTRAINT; Schema: public; Owner: postgres
--

ALTER TABLE ONLY public.invoices
    ADD CONSTRAINT "FK_invoices_Currencies_CurrencyId" FOREIGN KEY ("CurrencyId") REFERENCES public."Currencies"("Id") ON DELETE RESTRICT;


--
-- TOC entry 3744 (class 2606 OID 17287)
-- Name: invoices FK_invoices_path_enrollments_EnrollmentId; Type: FK CONSTRAINT; Schema: public; Owner: postgres
--

ALTER TABLE ONLY public.invoices
    ADD CONSTRAINT "FK_invoices_path_enrollments_EnrollmentId" FOREIGN KEY ("EnrollmentId") REFERENCES public.path_enrollments("Id") ON DELETE RESTRICT;


--
-- TOC entry 3745 (class 2606 OID 17292)
-- Name: invoices FK_invoices_tutoring_walls_WallId; Type: FK CONSTRAINT; Schema: public; Owner: postgres
--

ALTER TABLE ONLY public.invoices
    ADD CONSTRAINT "FK_invoices_tutoring_walls_WallId" FOREIGN KEY ("WallId") REFERENCES public.tutoring_walls("Id") ON DELETE RESTRICT;


--
-- TOC entry 3746 (class 2606 OID 17297)
-- Name: learning_path_units FK_learning_path_units_courses_base_CourseId; Type: FK CONSTRAINT; Schema: public; Owner: postgres
--

ALTER TABLE ONLY public.learning_path_units
    ADD CONSTRAINT "FK_learning_path_units_courses_base_CourseId" FOREIGN KEY ("CourseId") REFERENCES public.courses_base("Id") ON DELETE CASCADE;


--
-- TOC entry 3747 (class 2606 OID 17302)
-- Name: lessons FK_lessons_hand_ins_HandInId; Type: FK CONSTRAINT; Schema: public; Owner: postgres
--

ALTER TABLE ONLY public.lessons
    ADD CONSTRAINT "FK_lessons_hand_ins_HandInId" FOREIGN KEY ("HandInId") REFERENCES public.hand_ins("Id") ON DELETE SET NULL;


--
-- TOC entry 3748 (class 2606 OID 17307)
-- Name: lessons FK_lessons_learning_path_units_UnitId; Type: FK CONSTRAINT; Schema: public; Owner: postgres
--

ALTER TABLE ONLY public.lessons
    ADD CONSTRAINT "FK_lessons_learning_path_units_UnitId" FOREIGN KEY ("UnitId") REFERENCES public.learning_path_units("Id") ON DELETE CASCADE;


--
-- TOC entry 3749 (class 2606 OID 17312)
-- Name: lessons_to_contents FK_lessons_to_contents_content_items_ContentId; Type: FK CONSTRAINT; Schema: public; Owner: postgres
--

ALTER TABLE ONLY public.lessons_to_contents
    ADD CONSTRAINT "FK_lessons_to_contents_content_items_ContentId" FOREIGN KEY ("ContentId") REFERENCES public.content_items("Id") ON DELETE CASCADE;


--
-- TOC entry 3750 (class 2606 OID 17317)
-- Name: lessons_to_contents FK_lessons_to_contents_lessons_LessonId; Type: FK CONSTRAINT; Schema: public; Owner: postgres
--

ALTER TABLE ONLY public.lessons_to_contents
    ADD CONSTRAINT "FK_lessons_to_contents_lessons_LessonId" FOREIGN KEY ("LessonId") REFERENCES public.lessons("Id") ON DELETE CASCADE;


--
-- TOC entry 3751 (class 2606 OID 17322)
-- Name: notifications FK_notifications_AspNetUsers_RecipientId; Type: FK CONSTRAINT; Schema: public; Owner: postgres
--

ALTER TABLE ONLY public.notifications
    ADD CONSTRAINT "FK_notifications_AspNetUsers_RecipientId" FOREIGN KEY ("RecipientId") REFERENCES public."AspNetUsers"("Id") ON DELETE CASCADE;


--
-- TOC entry 3752 (class 2606 OID 17327)
-- Name: notifications FK_notifications_AspNetUsers_SenderId; Type: FK CONSTRAINT; Schema: public; Owner: postgres
--

ALTER TABLE ONLY public.notifications
    ADD CONSTRAINT "FK_notifications_AspNetUsers_SenderId" FOREIGN KEY ("SenderId") REFERENCES public."AspNetUsers"("Id") ON DELETE SET NULL;


--
-- TOC entry 3753 (class 2606 OID 17332)
-- Name: path_enrollments FK_path_enrollments_courses_base_CourseId; Type: FK CONSTRAINT; Schema: public; Owner: postgres
--

ALTER TABLE ONLY public.path_enrollments
    ADD CONSTRAINT "FK_path_enrollments_courses_base_CourseId" FOREIGN KEY ("CourseId") REFERENCES public.courses_base("Id") ON DELETE RESTRICT;


--
-- TOC entry 3754 (class 2606 OID 17337)
-- Name: path_enrollments FK_path_enrollments_students_AttendantId; Type: FK CONSTRAINT; Schema: public; Owner: postgres
--

ALTER TABLE ONLY public.path_enrollments
    ADD CONSTRAINT "FK_path_enrollments_students_AttendantId" FOREIGN KEY ("AttendantId") REFERENCES public.students("UserId") ON DELETE RESTRICT;


--
-- TOC entry 3755 (class 2606 OID 17342)
-- Name: physical_files FK_physical_files_AspNetUsers_OwnerId; Type: FK CONSTRAINT; Schema: public; Owner: postgres
--

ALTER TABLE ONLY public.physical_files
    ADD CONSTRAINT "FK_physical_files_AspNetUsers_OwnerId" FOREIGN KEY ("OwnerId") REFERENCES public."AspNetUsers"("Id") ON DELETE CASCADE;


--
-- TOC entry 3756 (class 2606 OID 17347)
-- Name: qualifications FK_qualifications_teachers_TeacherId; Type: FK CONSTRAINT; Schema: public; Owner: postgres
--

ALTER TABLE ONLY public.qualifications
    ADD CONSTRAINT "FK_qualifications_teachers_TeacherId" FOREIGN KEY ("TeacherId") REFERENCES public.teachers("TeacherId") ON DELETE CASCADE;


--
-- TOC entry 3757 (class 2606 OID 17352)
-- Name: students FK_students_AspNetUsers_UserId; Type: FK CONSTRAINT; Schema: public; Owner: postgres
--

ALTER TABLE ONLY public.students
    ADD CONSTRAINT "FK_students_AspNetUsers_UserId" FOREIGN KEY ("UserId") REFERENCES public."AspNetUsers"("Id") ON DELETE CASCADE;


--
-- TOC entry 3758 (class 2606 OID 17357)
-- Name: submission_attachments FK_submission_attachments_content_items_ContentId; Type: FK CONSTRAINT; Schema: public; Owner: postgres
--

ALTER TABLE ONLY public.submission_attachments
    ADD CONSTRAINT "FK_submission_attachments_content_items_ContentId" FOREIGN KEY ("ContentId") REFERENCES public.content_items("Id") ON DELETE CASCADE;


--
-- TOC entry 3759 (class 2606 OID 17362)
-- Name: submission_attachments FK_submission_attachments_submissions_SubmissionId; Type: FK CONSTRAINT; Schema: public; Owner: postgres
--

ALTER TABLE ONLY public.submission_attachments
    ADD CONSTRAINT "FK_submission_attachments_submissions_SubmissionId" FOREIGN KEY ("SubmissionId") REFERENCES public.submissions("Id") ON DELETE CASCADE;


--
-- TOC entry 3760 (class 2606 OID 17367)
-- Name: submissions FK_submissions_hand_ins_HandInId; Type: FK CONSTRAINT; Schema: public; Owner: postgres
--

ALTER TABLE ONLY public.submissions
    ADD CONSTRAINT "FK_submissions_hand_ins_HandInId" FOREIGN KEY ("HandInId") REFERENCES public.hand_ins("Id") ON DELETE CASCADE;


--
-- TOC entry 3761 (class 2606 OID 17372)
-- Name: submissions FK_submissions_students_SubmitterId; Type: FK CONSTRAINT; Schema: public; Owner: postgres
--

ALTER TABLE ONLY public.submissions
    ADD CONSTRAINT "FK_submissions_students_SubmitterId" FOREIGN KEY ("SubmitterId") REFERENCES public.students("UserId") ON DELETE CASCADE;


--
-- TOC entry 3762 (class 2606 OID 17377)
-- Name: submissions FK_submissions_teachers_TeacherId; Type: FK CONSTRAINT; Schema: public; Owner: postgres
--

ALTER TABLE ONLY public.submissions
    ADD CONSTRAINT "FK_submissions_teachers_TeacherId" FOREIGN KEY ("TeacherId") REFERENCES public.teachers("TeacherId") ON DELETE CASCADE;


--
-- TOC entry 3763 (class 2606 OID 17382)
-- Name: teacher_timeblocks FK_teacher_timeblocks_teachers_TeacherId; Type: FK CONSTRAINT; Schema: public; Owner: postgres
--

ALTER TABLE ONLY public.teacher_timeblocks
    ADD CONSTRAINT "FK_teacher_timeblocks_teachers_TeacherId" FOREIGN KEY ("TeacherId") REFERENCES public.teachers("TeacherId") ON DELETE CASCADE;


--
-- TOC entry 3764 (class 2606 OID 17387)
-- Name: teachers FK_teachers_AspNetUsers_TeacherId; Type: FK CONSTRAINT; Schema: public; Owner: postgres
--

ALTER TABLE ONLY public.teachers
    ADD CONSTRAINT "FK_teachers_AspNetUsers_TeacherId" FOREIGN KEY ("TeacherId") REFERENCES public."AspNetUsers"("Id") ON DELETE CASCADE;


--
-- TOC entry 3765 (class 2606 OID 17392)
-- Name: test_module_answers FK_test_module_answers_test_modules_ModuleId; Type: FK CONSTRAINT; Schema: public; Owner: postgres
--

ALTER TABLE ONLY public.test_module_answers
    ADD CONSTRAINT "FK_test_module_answers_test_modules_ModuleId" FOREIGN KEY ("ModuleId") REFERENCES public.test_modules("Id") ON DELETE CASCADE;


--
-- TOC entry 3766 (class 2606 OID 17397)
-- Name: test_modules FK_test_modules_tests_TestId; Type: FK CONSTRAINT; Schema: public; Owner: postgres
--

ALTER TABLE ONLY public.test_modules
    ADD CONSTRAINT "FK_test_modules_tests_TestId" FOREIGN KEY ("TestId") REFERENCES public.tests("Id") ON DELETE CASCADE;


--
-- TOC entry 3767 (class 2606 OID 17402)
-- Name: token_transactions FK_token_transactions_invoices_InvoiceId; Type: FK CONSTRAINT; Schema: public; Owner: postgres
--

ALTER TABLE ONLY public.token_transactions
    ADD CONSTRAINT "FK_token_transactions_invoices_InvoiceId" FOREIGN KEY ("InvoiceId") REFERENCES public.invoices("Id") ON DELETE RESTRICT;


--
-- TOC entry 3768 (class 2606 OID 17407)
-- Name: token_transactions FK_token_transactions_path_enrollments_EnrollmentId; Type: FK CONSTRAINT; Schema: public; Owner: postgres
--

ALTER TABLE ONLY public.token_transactions
    ADD CONSTRAINT "FK_token_transactions_path_enrollments_EnrollmentId" FOREIGN KEY ("EnrollmentId") REFERENCES public.path_enrollments("Id") ON DELETE RESTRICT;


--
-- TOC entry 3769 (class 2606 OID 17412)
-- Name: token_transactions FK_token_transactions_tutoring_walls_WallId; Type: FK CONSTRAINT; Schema: public; Owner: postgres
--

ALTER TABLE ONLY public.token_transactions
    ADD CONSTRAINT "FK_token_transactions_tutoring_walls_WallId" FOREIGN KEY ("WallId") REFERENCES public.tutoring_walls("Id") ON DELETE RESTRICT;


--
-- TOC entry 3770 (class 2606 OID 17417)
-- Name: tutoring_wall_post_attachments FK_tutoring_wall_post_attachments_content_items_ContentId; Type: FK CONSTRAINT; Schema: public; Owner: postgres
--

ALTER TABLE ONLY public.tutoring_wall_post_attachments
    ADD CONSTRAINT "FK_tutoring_wall_post_attachments_content_items_ContentId" FOREIGN KEY ("ContentId") REFERENCES public.content_items("Id") ON DELETE CASCADE;


--
-- TOC entry 3771 (class 2606 OID 17422)
-- Name: tutoring_wall_post_attachments FK_tutoring_wall_post_attachments_tutoring_wall_posts_WallPost~; Type: FK CONSTRAINT; Schema: public; Owner: postgres
--

ALTER TABLE ONLY public.tutoring_wall_post_attachments
    ADD CONSTRAINT "FK_tutoring_wall_post_attachments_tutoring_wall_posts_WallPost~" FOREIGN KEY ("WallPostId") REFERENCES public.tutoring_wall_posts("Id") ON DELETE CASCADE;


--
-- TOC entry 3772 (class 2606 OID 17427)
-- Name: tutoring_wall_posts FK_tutoring_wall_posts_hand_ins_HandInId; Type: FK CONSTRAINT; Schema: public; Owner: postgres
--

ALTER TABLE ONLY public.tutoring_wall_posts
    ADD CONSTRAINT "FK_tutoring_wall_posts_hand_ins_HandInId" FOREIGN KEY ("HandInId") REFERENCES public.hand_ins("Id") ON DELETE RESTRICT;


--
-- TOC entry 3773 (class 2606 OID 17432)
-- Name: tutoring_wall_posts FK_tutoring_wall_posts_tutoring_walls_WallId; Type: FK CONSTRAINT; Schema: public; Owner: postgres
--

ALTER TABLE ONLY public.tutoring_wall_posts
    ADD CONSTRAINT "FK_tutoring_wall_posts_tutoring_walls_WallId" FOREIGN KEY ("WallId") REFERENCES public.tutoring_walls("Id") ON DELETE CASCADE;


--
-- TOC entry 3774 (class 2606 OID 17437)
-- Name: tutoring_walls FK_tutoring_walls_courses_base_CourseId; Type: FK CONSTRAINT; Schema: public; Owner: postgres
--

ALTER TABLE ONLY public.tutoring_walls
    ADD CONSTRAINT "FK_tutoring_walls_courses_base_CourseId" FOREIGN KEY ("CourseId") REFERENCES public.courses_base("Id") ON DELETE RESTRICT;


--
-- TOC entry 3775 (class 2606 OID 17442)
-- Name: tutoring_walls FK_tutoring_walls_students_StudentId; Type: FK CONSTRAINT; Schema: public; Owner: postgres
--

ALTER TABLE ONLY public.tutoring_walls
    ADD CONSTRAINT "FK_tutoring_walls_students_StudentId" FOREIGN KEY ("StudentId") REFERENCES public.students("UserId") ON DELETE CASCADE;


--
-- TOC entry 3776 (class 2606 OID 17447)
-- Name: tutoring_walls FK_tutoring_walls_teachers_TeacherId; Type: FK CONSTRAINT; Schema: public; Owner: postgres
--

ALTER TABLE ONLY public.tutoring_walls
    ADD CONSTRAINT "FK_tutoring_walls_teachers_TeacherId" FOREIGN KEY ("TeacherId") REFERENCES public.teachers("TeacherId") ON DELETE CASCADE;


--
-- TOC entry 3777 (class 2606 OID 17452)
-- Name: wall_post_comments FK_wall_post_comments_AspNetUsers_SenderId; Type: FK CONSTRAINT; Schema: public; Owner: postgres
--

ALTER TABLE ONLY public.wall_post_comments
    ADD CONSTRAINT "FK_wall_post_comments_AspNetUsers_SenderId" FOREIGN KEY ("SenderId") REFERENCES public."AspNetUsers"("Id") ON DELETE CASCADE;


--
-- TOC entry 3778 (class 2606 OID 17457)
-- Name: wall_post_comments FK_wall_post_comments_tutoring_wall_posts_PostId; Type: FK CONSTRAINT; Schema: public; Owner: postgres
--

ALTER TABLE ONLY public.wall_post_comments
    ADD CONSTRAINT "FK_wall_post_comments_tutoring_wall_posts_PostId" FOREIGN KEY ("PostId") REFERENCES public.tutoring_wall_posts("Id") ON DELETE CASCADE;


--
-- TOC entry 3779 (class 2606 OID 17462)
-- Name: wall_post_comments FK_wall_post_comments_tutoring_walls_WallId; Type: FK CONSTRAINT; Schema: public; Owner: postgres
--

ALTER TABLE ONLY public.wall_post_comments
    ADD CONSTRAINT "FK_wall_post_comments_tutoring_walls_WallId" FOREIGN KEY ("WallId") REFERENCES public.tutoring_walls("Id") ON DELETE CASCADE;


-- Completed on 2026-04-19 18:21:21

--
-- PostgreSQL database dump complete
--

\unrestrict 00euRbJNmXrC2sUo2fRiwZk1KzXudpQuPziHMeMwbKzxwnkqFFaLfujzyxnVoJW

